age,job,marital,education,default,balance,housing,loan,contact,campaign,pdays,previous,poutcome,duration,y
23,blue-collar,married,tertiary,no,272.0,no,no,cellular,4,-1,0,unknown,95.0,no
65,services,married,tertiary,no,1299.0,yes,no,unknown,4,-1,0,unknown,298.0,no
58,student,married,tertiary,no,2222.0,no,no,unknown,3,-1,0,other,19.0,no
45,blue-collar,single,secondary,no,3167.0,no,no,cellular,3,60,1,unknown,206.0,no
44,admin.,married,secondary,no,3082.0,no,no,cellular,4,-1,1,other,37.0,no
71,management,married,secondary,no,1927.0,no,yes,cellular,3,30,0,unknown,168.0,no
23,student,married,primary,no,1500.0,yes,no,cellular,4,-1,3,unknown,139.0,no
61,services,divorced,tertiary,no,816.0,yes,no,cellular,4,-1,0,unknown,238.0,no
30,services,married,secondary,no,954.0,no,no,unknown,2,-1,0,unknown,220.0,no
23,housemaid,married,secondary,no,-5.0,no,no,unknown,5,-1,1,success,319.0,no
50,blue-collar,married,secondary,no,629.0,no,yes,cellular,3,-1,0,success,205.0,no
78,retired,married,primary,no,2037.0,yes,no,unknown,4,-1,0,unknown,401.0,no
63,blue-collar,single,tertiary,no,4173.0,yes,no,cellular,1,60,0,unknown,101.0,no
65,services,single,secondary,no,1130.0,yes,no,cellular,4,30,0,other,300.0,no
62,blue-collar,married,primary,no,-54.0,yes,no,telephone,4,-1,0,success,236.0,no
66,blue-collar,divorced,secondary,no,3145.0,yes,no,cellular,2,-1,1,other,133.0,no
49,management,married,tertiary,no,-500.0,yes,no,telephone,5,-1,1,unknown,297.0,no
25,management,single,primary,no,3278.0,no,no,cellular,5,-1,0,unknown,380.0,no
70,self-employed,married,secondary,no,-500.0,no,no,cellular,3,-1,0,other,118.0,no
45,management,married,tertiary,no,2583.0,yes,no,telephone,5,-1,0,unknown,136.0,no
49,technician,single,tertiary,no,543.0,no,yes,cellular,3,-1,0,unknown,61.0,no
40,technician,divorced,secondary,no,1978.0,yes,no,cellular,3,90,0,unknown,13.0,no
29,technician,single,tertiary,no,5150.0,yes,no,cellular,1,-1,1,other,80.0,no
75,self-employed,single,secondary,no,-108.0,yes,no,cellular,3,180,1,success,124.0,no
66,services,single,tertiary,no,-401.0,yes,no,cellular,4,-1,0,success,258.0,no
57,self-employed,single,secondary,no,1541.0,yes,yes,cellular,3,-1,1,unknown,70.0,no
42,management,married,tertiary,no,4146.0,yes,no,cellular,5,-1,1,unknown,115.0,no
69,blue-collar,married,tertiary,yes,1722.0,no,no,cellular,5,-1,1,other,38.0,no
51,self-employed,single,secondary,no,1480.0,no,no,cellular,7,-1,0,unknown,121.0,no
45,admin.,married,primary,no,1704.0,yes,no,cellular,4,-1,0,unknown,66.0,no
45,admin.,divorced,tertiary,no,-408.0,no,no,cellular,3,365,0,unknown,624.0,yes
32,technician,married,primary,no,1723.0,yes,no,unknown,2,-1,1,unknown,282.0,no
23,admin.,married,secondary,no,693.0,no,no,unknown,4,-1,1,unknown,107.0,no
52,retired,married,secondary,no,3780.0,yes,yes,cellular,3,-1,0,unknown,62.0,no
73,self-employed,single,primary,no,2836.0,yes,no,cellular,1,30,0,unknown,174.0,no
21,blue-collar,married,tertiary,no,-500.0,no,yes,unknown,1,180,1,unknown,94.0,no
71,technician,single,secondary,no,890.0,yes,no,unknown,5,-1,1,unknown,218.0,no
69,blue-collar,married,tertiary,no,2350.0,yes,no,unknown,1,365,0,unknown,106.0,no
35,technician,married,secondary,no,-367.0,yes,no,cellular,3,-1,0,unknown,251.0,no
57,student,single,primary,no,-500.0,no,yes,cellular,2,-1,0,failure,206.0,no
28,blue-collar,married,primary,no,568.0,no,no,telephone,4,30,0,unknown,40.0,no
65,blue-collar,single,secondary,no,2020.0,yes,no,cellular,2,365,1,unknown,84.0,no
61,blue-collar,married,secondary,yes,3267.0,yes,no,cellular,5,-1,0,unknown,226.0,no
39,entrepreneur,married,secondary,no,1818.0,no,no,cellular,2,90,1,unknown,256.0,no
22,blue-collar,married,primary,no,5832.0,yes,no,cellular,2,-1,1,unknown,77.0,no
78,unemployed,divorced,tertiary,no,182.0,no,yes,cellular,4,120,2,failure,229.0,no
45,blue-collar,married,primary,no,2733.0,yes,yes,cellular,6,365,0,unknown,388.0,no
73,technician,married,secondary,no,-500.0,no,no,cellular,4,-1,0,unknown,258.0,no
60,blue-collar,single,tertiary,no,4300.0,yes,no,cellular,2,180,1,unknown,58.0,no
66,unemployed,divorced,secondary,no,3847.0,no,no,unknown,3,-1,0,unknown,134.0,no
65,blue-collar,single,secondary,no,2681.0,no,no,cellular,8,-1,0,unknown,122.0,no
30,housemaid,single,tertiary,no,-500.0,yes,no,cellular,4,-1,0,success,287.0,no
40,retired,married,secondary,no,2664.0,no,no,cellular,5,-1,0,unknown,100.0,no
46,blue-collar,married,primary,no,-74.0,no,no,cellular,3,-1,0,unknown,378.0,no
48,technician,single,primary,no,2217.0,yes,no,cellular,4,-1,0,unknown,47.0,no
20,blue-collar,single,tertiary,no,-500.0,no,no,unknown,3,-1,0,unknown,91.0,no
51,retired,single,secondary,no,1886.0,yes,no,telephone,2,365,0,unknown,146.0,no
27,retired,single,tertiary,no,764.0,yes,no,cellular,5,-1,0,unknown,229.0,no
64,self-employed,single,primary,no,-1.0,no,yes,unknown,2,-1,1,unknown,58.0,no
60,admin.,married,primary,no,2467.0,no,no,cellular,5,-1,1,unknown,308.0,no
75,blue-collar,married,tertiary,no,1308.0,yes,no,cellular,8,-1,1,other,125.0,no
64,blue-collar,divorced,tertiary,no,1031.0,no,no,cellular,3,-1,0,failure,65.0,no
40,blue-collar,married,primary,no,2727.0,no,no,cellular,2,-1,0,unknown,249.0,no
77,blue-collar,married,secondary,no,4827.0,yes,yes,cellular,2,-1,1,success,128.0,no
43,technician,married,tertiary,no,1896.0,yes,no,cellular,6,-1,0,other,84.0,no
38,management,single,secondary,no,-500.0,no,no,cellular,3,90,3,unknown,97.0,no
74,self-employed,single,secondary,no,-500.0,no,no,telephone,4,-1,0,failure,208.0,no
40,blue-collar,single,secondary,no,1524.0,yes,no,cellular,5,-1,0,unknown,160.0,no
22,blue-collar,married,tertiary,no,3248.0,yes,no,unknown,3,-1,0,other,62.0,no
47,management,married,secondary,no,1642.0,no,no,unknown,2,-1,0,success,63.0,no
67,blue-collar,married,secondary,no,2321.0,yes,no,cellular,2,60,1,unknown,510.0,yes
29,blue-collar,divorced,secondary,no,1294.0,yes,no,cellular,2,-1,0,unknown,72.0,no
46,management,married,primary,no,3132.0,no,no,cellular,4,-1,0,other,98.0,no
26,management,single,secondary,no,2510.0,yes,yes,cellular,4,-1,0,unknown,148.0,no
60,unemployed,married,secondary,no,-435.0,yes,no,unknown,4,30,0,failure,226.0,no
47,blue-collar,single,secondary,no,2206.0,yes,no,cellular,6,-1,0,unknown,375.0,no
38,management,married,secondary,no,-500.0,yes,no,cellular,3,-1,0,unknown,396.0,yes
32,blue-collar,single,primary,no,2206.0,no,no,telephone,5,-1,0,unknown,109.0,no
52,blue-collar,single,tertiary,no,891.0,yes,no,cellular,4,-1,0,unknown,780.0,yes
59,services,married,secondary,no,1689.0,no,no,cellular,5,-1,0,failure,177.0,no
76,blue-collar,married,secondary,no,1983.0,no,no,cellular,1,-1,1,unknown,220.0,no
45,retired,married,primary,no,1907.0,yes,no,cellular,5,365,0,unknown,203.0,no
27,housemaid,married,secondary,no,3951.0,yes,no,cellular,2,-1,1,unknown,312.0,no
69,admin.,single,tertiary,no,1461.0,no,no,cellular,1,60,3,failure,79.0,no
57,technician,married,secondary,no,1740.0,no,yes,cellular,2,365,0,failure,248.0,no
61,housemaid,single,tertiary,no,3794.0,yes,yes,cellular,3,-1,1,failure,210.0,no
24,technician,married,primary,no,4814.0,yes,no,unknown,4,-1,0,success,313.0,no
37,housemaid,single,tertiary,no,1368.0,yes,no,cellular,2,365,0,unknown,220.0,no
65,technician,married,secondary,no,478.0,no,no,unknown,5,-1,0,unknown,70.0,no
69,blue-collar,married,secondary,no,567.0,no,yes,cellular,3,-1,2,unknown,756.0,no
44,housemaid,married,secondary,no,2211.0,yes,no,cellular,2,-1,2,unknown,62.0,no
67,student,single,primary,no,1034.0,yes,no,unknown,2,365,0,unknown,433.0,no
70,blue-collar,married,secondary,no,-500.0,yes,no,cellular,5,-1,0,unknown,135.0,no
42,blue-collar,single,secondary,no,3421.0,yes,no,cellular,5,-1,0,failure,114.0,no
73,unemployed,married,tertiary,no,2868.0,no,no,unknown,3,-1,0,unknown,192.0,no
35,retired,divorced,tertiary,no,3464.0,no,yes,cellular,3,90,0,unknown,177.0,no
32,services,single,secondary,no,3819.0,no,no,unknown,2,-1,1,failure,133.0,no
60,services,single,secondary,no,1743.0,yes,no,cellular,4,-1,0,unknown,69.0,no
57,technician,single,secondary,no,1869.0,yes,no,cellular,4,-1,0,unknown,187.0,no
26,technician,married,tertiary,no,3212.0,yes,no,unknown,2,-1,0,unknown,143.0,no
69,retired,single,secondary,no,-500.0,yes,no,cellular,4,-1,1,unknown,294.0,no
30,blue-collar,married,secondary,no,766.0,no,no,cellular,4,-1,0,unknown,309.0,yes
67,admin.,single,primary,no,1293.0,yes,no,telephone,4,-1,0,unknown,35.0,no
18,self-employed,married,secondary,no,3059.0,yes,no,cellular,6,-1,0,success,260.0,no
67,technician,married,secondary,no,431.0,no,yes,telephone,3,-1,1,unknown,265.0,no
66,management,single,tertiary,no,118.0,no,no,cellular,2,30,0,unknown,398.0,yes
66,blue-collar,married,tertiary,no,624.0,yes,no,unknown,7,-1,1,failure,61.0,no
59,blue-collar,married,tertiary,no,2245.0,no,no,cellular,1,120,1,unknown,206.0,no
47,management,married,secondary,no,1277.0,yes,no,cellular,1,-1,0,unknown,501.0,yes
61,technician,single,secondary,no,-500.0,no,no,unknown,4,-1,1,unknown,196.0,no
35,blue-collar,married,tertiary,no,-500.0,no,no,telephone,5,-1,0,unknown,226.0,no
66,self-employed,married,secondary,no,1646.0,yes,no,cellular,4,90,0,unknown,116.0,no
52,student,divorced,secondary,no,1706.0,no,no,unknown,1,90,1,other,452.0,no
46,technician,divorced,secondary,no,1450.0,no,no,cellular,4,-1,0,unknown,101.0,no
49,blue-collar,married,secondary,no,553.0,no,no,cellular,5,-1,2,unknown,204.0,no
53,technician,married,secondary,yes,2818.0,no,no,unknown,3,90,0,unknown,304.0,no
20,self-employed,married,secondary,no,2064.0,no,no,telephone,3,60,0,unknown,201.0,no
26,student,divorced,secondary,no,2003.0,yes,no,cellular,3,-1,0,other,36.0,no
33,admin.,married,secondary,no,2067.0,no,yes,unknown,3,-1,0,unknown,680.0,yes
25,management,married,secondary,no,4275.0,no,no,telephone,3,-1,1,unknown,13.0,no
45,self-employed,married,primary,no,-444.0,no,no,unknown,2,60,1,unknown,113.0,no
59,blue-collar,married,tertiary,no,642.0,yes,yes,cellular,1,-1,1,unknown,290.0,yes
58,management,married,tertiary,no,795.0,no,no,cellular,2,60,1,unknown,456.0,no
47,retired,single,tertiary,no,3664.0,yes,no,unknown,8,120,0,unknown,225.0,no
71,retired,married,tertiary,no,727.0,yes,no,unknown,2,-1,0,unknown,46.0,no
53,admin.,married,primary,no,-26.0,no,no,cellular,4,-1,0,unknown,203.0,no
22,management,single,primary,no,1210.0,no,no,cellular,7,-1,1,unknown,7.0,no
65,blue-collar,married,secondary,no,1588.0,yes,no,unknown,2,120,1,unknown,264.0,no
53,technician,married,secondary,no,3553.0,no,no,cellular,1,120,1,unknown,121.0,no
57,technician,married,tertiary,no,717.0,yes,no,cellular,2,-1,1,unknown,124.0,yes
53,blue-collar,single,secondary,no,163.0,yes,no,cellular,1,-1,2,unknown,446.0,no
52,blue-collar,married,tertiary,no,-238.0,yes,no,unknown,1,-1,1,unknown,210.0,no
23,blue-collar,single,secondary,no,780.0,no,yes,cellular,4,-1,0,unknown,165.0,no
52,management,married,secondary,no,6015.0,no,no,telephone,3,-1,0,unknown,309.0,yes
67,technician,married,tertiary,no,2088.0,no,no,telephone,4,-1,0,failure,289.0,no
36,management,married,secondary,no,2477.0,no,no,cellular,2,30,1,unknown,13.0,no
55,admin.,married,tertiary,no,1399.0,yes,no,telephone,3,30,2,failure,221.0,no
19,admin.,married,tertiary,no,1647.0,yes,no,cellular,4,-1,1,unknown,95.0,no
39,blue-collar,single,tertiary,no,2816.0,yes,no,cellular,1,-1,1,other,312.0,no
45,technician,married,tertiary,no,2413.0,yes,no,unknown,1,-1,0,failure,363.0,no
78,self-employed,married,secondary,no,2028.0,no,no,cellular,4,-1,0,unknown,136.0,no
31,retired,divorced,secondary,no,1429.0,yes,no,cellular,4,120,0,failure,228.0,no
35,blue-collar,married,tertiary,no,766.0,yes,no,cellular,3,-1,0,unknown,113.0,no
43,technician,married,secondary,no,2164.0,yes,no,unknown,3,-1,1,unknown,265.0,no
79,blue-collar,married,secondary,no,1550.0,yes,no,cellular,5,-1,0,unknown,100.0,no
70,technician,married,secondary,no,5239.0,no,no,cellular,3,365,0,unknown,103.0,no
20,technician,divorced,secondary,no,3291.0,yes,no,cellular,4,-1,1,unknown,52.0,no
32,management,divorced,secondary,no,186.0,yes,no,cellular,3,-1,1,other,240.0,no
68,technician,married,tertiary,no,-500.0,yes,no,cellular,4,-1,1,unknown,35.0,no
21,blue-collar,divorced,secondary,no,683.0,no,no,unknown,5,-1,0,other,116.0,no
71,services,married,secondary,no,-500.0,no,no,cellular,5,-1,0,unknown,60.0,no
35,admin.,divorced,primary,no,575.0,yes,yes,cellular,3,-1,0,failure,188.0,no
74,management,single,secondary,no,-345.0,yes,no,cellular,1,-1,1,unknown,389.0,yes
36,blue-collar,married,secondary,no,811.0,no,no,cellular,2,-1,0,unknown,91.0,no
44,admin.,married,tertiary,no,833.0,yes,no,cellular,6,-1,1,unknown,267.0,yes
59,admin.,single,primary,no,1665.0,no,no,telephone,2,180,2,other,185.0,no
25,blue-collar,married,secondary,no,1028.0,yes,no,cellular,1,-1,0,unknown,158.0,no
52,self-employed,married,primary,no,-224.0,no,no,telephone,4,-1,1,success,415.0,no
49,management,single,primary,no,3587.0,no,no,cellular,2,-1,0,success,328.0,no
66,blue-collar,married,tertiary,no,2125.0,no,no,telephone,2,-1,1,unknown,100.0,no
79,unemployed,married,tertiary,no,420.0,no,no,cellular,4,120,0,failure,243.0,no
59,technician,married,tertiary,no,-195.0,yes,no,unknown,4,90,1,unknown,367.0,no
43,blue-collar,single,tertiary,no,-500.0,yes,yes,unknown,3,-1,0,unknown,121.0,no
43,housemaid,married,primary,no,-500.0,yes,yes,cellular,3,-1,0,unknown,10.0,no
43,services,married,tertiary,no,3285.0,no,no,cellular,4,90,0,unknown,194.0,no
68,services,married,secondary,no,3094.0,yes,yes,unknown,5,-1,0,unknown,121.0,yes
37,blue-collar,married,tertiary,no,348.0,yes,yes,cellular,6,-1,0,other,138.0,no
28,services,single,secondary,no,3859.0,yes,no,cellular,5,-1,0,unknown,99.0,no
38,blue-collar,married,secondary,no,2510.0,yes,no,cellular,4,-1,0,other,130.0,no
19,blue-collar,single,secondary,no,1766.0,no,no,cellular,2,-1,0,success,335.0,no
24,services,married,primary,no,2951.0,yes,no,unknown,1,-1,0,unknown,466.0,no
23,self-employed,single,secondary,no,2513.0,no,no,unknown,6,-1,0,unknown,236.0,no
65,technician,married,secondary,no,1677.0,yes,no,cellular,4,-1,0,success,192.0,no
62,admin.,single,tertiary,no,968.0,no,no,unknown,1,-1,0,unknown,314.0,no
61,blue-collar,married,primary,no,1207.0,no,no,cellular,2,180,0,unknown,315.0,no
46,admin.,divorced,secondary,no,-500.0,no,no,unknown,2,-1,1,unknown,609.0,no
62,blue-collar,married,secondary,no,-41.0,yes,yes,cellular,4,30,1,unknown,71.0,no
27,admin.,married,primary,no,4640.0,yes,no,unknown,4,-1,0,success,493.0,yes
73,management,married,secondary,no,-89.0,no,no,unknown,5,-1,0,unknown,103.0,no
49,retired,married,secondary,no,-500.0,yes,no,cellular,4,-1,1,failure,174.0,no
76,services,married,secondary,no,3027.0,yes,no,cellular,3,90,1,unknown,51.0,no
27,entrepreneur,single,secondary,no,1848.0,yes,no,cellular,5,-1,1,unknown,46.0,no
48,admin.,single,primary,no,1949.0,yes,no,cellular,2,-1,0,unknown,228.0,no
61,services,single,secondary,no,1116.0,yes,no,unknown,3,-1,0,other,373.0,yes
48,admin.,divorced,tertiary,no,3039.0,no,no,telephone,6,-1,0,unknown,96.0,no
45,technician,married,tertiary,no,4153.0,yes,no,cellular,6,365,0,unknown,73.0,no
28,admin.,married,secondary,no,461.0,yes,no,telephone,1,-1,0,other,145.0,no
41,retired,single,secondary,no,2539.0,no,no,cellular,3,-1,1,success,137.0,yes
32,technician,married,tertiary,no,3413.0,yes,no,telephone,2,90,1,other,375.0,yes
36,retired,married,secondary,no,360.0,no,no,cellular,5,-1,1,other,121.0,no
60,self-employed,married,primary,no,4117.0,no,yes,telephone,3,-1,0,unknown,105.0,no
57,services,married,primary,no,3407.0,yes,yes,telephone,5,-1,0,failure,69.0,no
55,blue-collar,married,secondary,no,-500.0,yes,no,telephone,5,-1,0,unknown,226.0,no
40,services,married,tertiary,no,4271.0,yes,no,cellular,4,-1,0,unknown,61.0,no
77,technician,married,tertiary,no,-500.0,yes,no,cellular,6,-1,0,other,153.0,yes
23,technician,single,secondary,no,163.0,yes,no,cellular,3,-1,1,unknown,426.0,no
39,management,divorced,secondary,no,2631.0,no,no,cellular,4,-1,0,unknown,115.0,no
25,blue-collar,married,tertiary,no,3275.0,no,yes,unknown,5,-1,0,failure,46.0,no
39,student,married,secondary,yes,1578.0,no,no,cellular,6,120,1,unknown,156.0,no
77,retired,married,primary,no,266.0,yes,no,cellular,3,-1,0,unknown,388.0,yes
40,blue-collar,married,primary,no,932.0,no,no,unknown,5,-1,0,unknown,69.0,no
74,blue-collar,married,tertiary,no,719.0,no,no,cellular,3,-1,1,failure,102.0,no
48,blue-collar,single,tertiary,no,2914.0,yes,no,cellular,4,-1,0,unknown,298.0,no
61,management,single,secondary,no,669.0,yes,no,cellular,6,90,0,unknown,211.0,no
46,blue-collar,married,tertiary,no,227.0,no,yes,cellular,4,-1,0,other,201.0,no
34,admin.,single,primary,no,-500.0,yes,no,cellular,7,-1,0,unknown,561.0,no
65,admin.,single,secondary,no,330.0,no,no,cellular,6,-1,0,success,423.0,no
78,technician,single,tertiary,no,1187.0,yes,no,cellular,4,-1,0,unknown,89.0,no
34,admin.,married,tertiary,no,-500.0,no,no,cellular,3,60,0,failure,263.0,no
66,admin.,single,secondary,no,-500.0,yes,yes,cellular,4,-1,1,unknown,169.0,no
34,management,single,primary,no,3164.0,no,no,unknown,2,30,1,success,44.0,no
62,blue-collar,married,tertiary,no,-401.0,yes,no,cellular,8,30,1,other,155.0,no
66,technician,single,secondary,no,-500.0,yes,yes,cellular,2,30,1,unknown,163.0,no
45,technician,single,secondary,no,4225.0,no,no,cellular,4,-1,1,unknown,196.0,no
63,housemaid,married,primary,no,2928.0,yes,no,cellular,4,-1,0,unknown,274.0,no
34,management,married,primary,no,3246.0,yes,no,cellular,4,180,0,success,153.0,yes
22,entrepreneur,married,secondary,no,2309.0,yes,no,cellular,4,365,1,unknown,194.0,no
23,admin.,single,secondary,no,3760.0,yes,no,unknown,3,120,0,unknown,101.0,yes
45,blue-collar,married,secondary,no,2990.0,yes,no,cellular,1,120,0,unknown,48.0,no
73,blue-collar,married,secondary,no,780.0,yes,yes,cellular,2,90,1,unknown,43.0,no
25,admin.,married,secondary,no,-500.0,yes,no,cellular,2,-1,1,unknown,193.0,no
46,retired,single,secondary,no,-500.0,no,no,cellular,3,-1,0,unknown,141.0,no
61,admin.,single,secondary,yes,1149.0,no,no,cellular,5,-1,0,unknown,198.0,no
30,admin.,married,secondary,no,-500.0,yes,no,cellular,2,-1,0,other,54.0,no
62,management,married,tertiary,no,-36.0,yes,yes,unknown,4,30,0,unknown,152.0,no
36,management,married,tertiary,no,1126.0,no,no,cellular,4,-1,0,unknown,171.0,no
68,blue-collar,married,secondary,no,3916.0,no,no,cellular,4,-1,0,unknown,140.0,yes
53,admin.,single,tertiary,no,-500.0,yes,yes,cellular,2,30,1,failure,91.0,no
51,blue-collar,married,tertiary,no,1454.0,yes,yes,cellular,7,-1,0,other,74.0,no
28,blue-collar,single,primary,no,-500.0,yes,no,unknown,6,-1,1,unknown,161.0,no
46,technician,single,tertiary,no,399.0,yes,yes,cellular,2,-1,0,unknown,408.0,yes
71,technician,divorced,secondary,no,3074.0,no,no,unknown,4,-1,0,unknown,302.0,no
19,housemaid,married,secondary,no,-127.0,yes,no,unknown,4,-1,0,failure,74.0,no
65,housemaid,married,secondary,no,926.0,yes,no,cellular,4,-1,0,unknown,199.0,no
48,services,married,secondary,no,1654.0,yes,no,unknown,5,-1,2,unknown,511.0,no
62,self-employed,divorced,tertiary,no,2662.0,yes,no,unknown,4,-1,1,failure,212.0,no
59,blue-collar,single,tertiary,no,414.0,yes,no,cellular,5,-1,1,other,394.0,yes
44,admin.,single,primary,no,3669.0,no,yes,unknown,2,120,2,unknown,228.0,no
37,management,single,secondary,yes,599.0,no,no,cellular,2,60,1,unknown,196.0,yes
56,retired,married,tertiary,no,2272.0,no,no,cellular,3,-1,0,unknown,364.0,yes
26,blue-collar,single,tertiary,no,1058.0,yes,no,cellular,6,-1,1,unknown,287.0,no
54,blue-collar,single,secondary,no,2734.0,yes,no,unknown,4,-1,0,unknown,271.0,no
23,blue-collar,married,secondary,no,5050.0,yes,no,cellular,7,-1,0,unknown,382.0,no
58,blue-collar,divorced,secondary,no,900.0,no,no,cellular,2,-1,1,unknown,64.0,no
56,management,divorced,primary,no,1371.0,no,no,telephone,4,60,1,unknown,147.0,no
23,services,divorced,tertiary,no,622.0,no,no,telephone,3,-1,0,unknown,151.0,no
64,management,single,tertiary,no,345.0,yes,no,unknown,5,-1,0,unknown,63.0,no
43,blue-collar,married,tertiary,no,141.0,no,no,cellular,8,-1,0,unknown,285.0,no
66,admin.,married,primary,no,1366.0,yes,no,telephone,4,-1,0,unknown,286.0,no
20,technician,married,tertiary,no,1.0,no,no,cellular,2,-1,0,success,242.0,no
29,management,single,tertiary,no,56.0,no,no,telephone,5,-1,0,unknown,163.0,no
48,admin.,married,secondary,no,-500.0,no,no,cellular,3,-1,0,unknown,346.0,no
29,blue-collar,single,tertiary,no,3893.0,no,no,cellular,2,365,0,unknown,440.0,no
38,technician,married,secondary,no,4359.0,yes,no,cellular,4,-1,0,failure,75.0,no
58,student,married,secondary,no,2568.0,no,no,cellular,5,-1,1,unknown,253.0,yes
26,technician,married,primary,no,-173.0,yes,no,telephone,3,30,1,unknown,68.0,no
60,self-employed,single,primary,no,-500.0,no,no,cellular,3,-1,0,unknown,114.0,no
24,housemaid,married,primary,no,-500.0,yes,no,unknown,4,-1,0,unknown,222.0,no
28,management,married,tertiary,no,2550.0,no,no,cellular,2,-1,0,unknown,53.0,yes
54,blue-collar,married,secondary,no,3678.0,yes,no,cellular,4,60,0,success,496.0,no
67,services,married,primary,no,1699.0,yes,no,unknown,3,30,0,unknown,157.0,no
28,retired,divorced,primary,no,2944.0,yes,yes,cellular,2,-1,0,unknown,51.0,no
36,blue-collar,married,secondary,no,2201.0,yes,no,cellular,5,30,1,unknown,185.0,no
75,technician,married,tertiary,no,12.0,yes,no,cellular,5,-1,0,unknown,183.0,no
79,entrepreneur,married,secondary,no,3217.0,yes,yes,cellular,4,-1,0,unknown,163.0,no
54,admin.,married,tertiary,no,3102.0,yes,yes,cellular,5,-1,1,failure,227.0,no
45,blue-collar,married,tertiary,no,-383.0,yes,no,unknown,6,-1,1,success,147.0,no
39,technician,married,tertiary,no,2853.0,yes,no,cellular,4,-1,0,unknown,192.0,no
55,technician,married,tertiary,no,1134.0,yes,yes,cellular,7,-1,0,unknown,202.0,no
54,management,married,secondary,no,930.0,yes,no,cellular,3,90,0,unknown,49.0,no
36,technician,married,tertiary,no,2103.0,no,yes,unknown,3,-1,0,success,350.0,no
19,technician,single,secondary,no,2047.0,yes,no,unknown,1,-1,1,unknown,230.0,no
27,technician,married,tertiary,no,3000.0,no,yes,cellular,4,-1,1,unknown,146.0,no
77,technician,single,secondary,no,-129.0,no,no,unknown,3,90,2,unknown,217.0,no
43,entrepreneur,single,primary,no,2418.0,yes,no,cellular,4,-1,0,success,663.0,yes
47,student,divorced,tertiary,no,-500.0,no,no,cellular,3,90,1,failure,152.0,no
46,retired,married,tertiary,no,1078.0,no,no,cellular,5,-1,0,unknown,643.0,no
66,services,single,tertiary,no,1198.0,yes,no,unknown,1,-1,0,unknown,387.0,no
22,blue-collar,single,tertiary,no,3146.0,no,no,cellular,3,-1,0,unknown,159.0,no
23,services,divorced,tertiary,no,1417.0,yes,no,telephone,1,-1,0,unknown,668.0,yes
35,technician,single,secondary,no,929.0,no,no,cellular,3,-1,1,unknown,430.0,no
48,blue-collar,married,tertiary,no,3967.0,yes,no,cellular,4,-1,0,success,215.0,no
59,unemployed,divorced,secondary,no,628.0,no,no,unknown,3,60,0,success,193.0,no
48,entrepreneur,single,primary,no,552.0,yes,no,cellular,4,90,0,unknown,300.0,no
45,blue-collar,married,secondary,no,-500.0,no,no,telephone,3,-1,0,other,161.0,no
76,admin.,married,secondary,no,1010.0,no,no,cellular,3,-1,1,unknown,339.0,no
27,technician,divorced,secondary,no,-291.0,no,no,cellular,5,90,1,unknown,61.0,no
53,retired,married,tertiary,no,949.0,no,yes,cellular,2,90,0,unknown,107.0,no
51,blue-collar,single,primary,no,1832.0,yes,yes,telephone,2,30,0,unknown,104.0,no
47,self-employed,married,tertiary,no,-500.0,yes,yes,cellular,7,-1,0,other,322.0,no
68,blue-collar,single,secondary,no,-81.0,no,no,cellular,3,-1,1,unknown,106.0,no
34,management,married,tertiary,no,-500.0,yes,yes,cellular,4,-1,1,unknown,85.0,no
77,technician,single,secondary,no,482.0,yes,no,cellular,3,-1,2,success,67.0,no
38,services,married,secondary,no,-300.0,yes,no,telephone,4,-1,0,unknown,163.0,no
51,student,divorced,tertiary,yes,5260.0,yes,yes,cellular,4,60,0,unknown,52.0,no
50,retired,married,secondary,no,4107.0,yes,no,unknown,4,-1,0,unknown,537.0,no
70,unemployed,married,primary,no,3815.0,yes,no,telephone,3,-1,0,unknown,272.0,no
45,blue-collar,married,primary,no,-500.0,yes,no,cellular,4,-1,2,unknown,170.0,no
35,blue-collar,married,primary,no,1081.0,no,no,cellular,1,-1,1,unknown,88.0,no
19,admin.,divorced,secondary,no,-500.0,no,no,cellular,4,120,1,unknown,65.0,no
40,retired,married,secondary,no,4717.0,yes,no,cellular,3,30,0,unknown,85.0,no
69,self-employed,married,secondary,no,2896.0,no,no,cellular,1,-1,0,failure,77.0,no
18,services,single,tertiary,no,-495.0,no,no,cellular,4,-1,1,unknown,226.0,no
73,blue-collar,married,primary,no,2065.0,yes,yes,telephone,5,-1,1,other,287.0,no
51,admin.,married,primary,no,-500.0,no,no,cellular,7,365,0,unknown,231.0,yes
26,services,single,tertiary,no,1154.0,no,no,telephone,5,-1,0,unknown,288.0,yes
36,unemployed,married,tertiary,no,1084.0,yes,no,cellular,4,-1,1,unknown,37.0,yes
52,blue-collar,single,tertiary,no,2731.0,no,no,telephone,4,-1,0,unknown,86.0,no
37,blue-collar,single,tertiary,no,3178.0,yes,no,cellular,5,-1,1,unknown,109.0,no
24,blue-collar,married,tertiary,no,1437.0,no,no,telephone,2,365,0,success,96.0,yes
59,management,married,tertiary,no,997.0,yes,no,cellular,5,-1,1,unknown,109.0,no
59,blue-collar,single,secondary,no,-500.0,yes,no,cellular,2,180,2,failure,92.0,yes
25,blue-collar,married,secondary,no,4212.0,no,no,cellular,4,-1,2,unknown,567.0,yes
35,services,single,primary,no,216.0,yes,no,unknown,1,-1,0,unknown,192.0,no
33,blue-collar,married,secondary,no,1584.0,yes,yes,unknown,6,365,0,unknown,332.0,no
58,entrepreneur,married,secondary,no,5466.0,yes,yes,cellular,2,-1,1,unknown,181.0,no
63,admin.,single,primary,no,-500.0,no,yes,telephone,3,-1,0,unknown,338.0,no
63,technician,married,secondary,no,1438.0,yes,no,unknown,5,-1,1,failure,298.0,no
76,housemaid,married,tertiary,yes,2294.0,yes,yes,cellular,3,-1,2,unknown,238.0,no
65,blue-collar,married,primary,no,3366.0,yes,no,cellular,6,-1,1,unknown,313.0,no
37,admin.,single,tertiary,no,1402.0,yes,no,cellular,9,-1,1,failure,159.0,yes
24,services,single,tertiary,no,3516.0,no,yes,cellular,2,120,1,other,424.0,yes
56,technician,married,tertiary,no,652.0,yes,no,cellular,3,-1,0,unknown,55.0,no
74,admin.,married,primary,no,2378.0,yes,no,unknown,1,-1,0,failure,183.0,no
78,blue-collar,divorced,tertiary,no,2145.0,no,no,telephone,3,-1,0,success,114.0,no
32,blue-collar,married,secondary,no,1236.0,yes,no,cellular,3,-1,0,failure,319.0,no
32,self-employed,married,secondary,no,1982.0,no,no,telephone,3,120,1,unknown,413.0,yes
20,technician,married,secondary,no,-174.0,yes,no,cellular,5,-1,0,unknown,481.0,no
26,management,married,primary,no,862.0,yes,no,unknown,3,120,2,unknown,211.0,no
52,blue-collar,married,tertiary,no,-500.0,yes,no,telephone,4,-1,1,unknown,282.0,no
51,student,single,tertiary,no,605.0,yes,no,cellular,4,30,0,success,293.0,no
40,services,single,secondary,no,3449.0,yes,no,cellular,5,120,2,unknown,48.0,no
37,blue-collar,married,tertiary,no,2157.0,no,no,cellular,3,120,0,unknown,145.0,no
69,blue-collar,married,secondary,yes,1954.0,yes,no,unknown,2,-1,0,unknown,224.0,no
46,blue-collar,married,tertiary,no,-500.0,no,no,telephone,4,-1,0,unknown,114.0,no
68,student,married,tertiary,yes,1976.0,yes,no,cellular,6,-1,2,failure,210.0,no
77,services,single,primary,no,1287.0,no,no,cellular,3,90,0,unknown,266.0,no
37,services,married,tertiary,no,2367.0,yes,no,unknown,1,-1,0,success,391.0,no
30,technician,divorced,tertiary,no,3890.0,no,no,cellular,2,-1,1,failure,74.0,no
77,blue-collar,married,secondary,no,664.0,yes,no,unknown,4,30,0,unknown,165.0,no
57,blue-collar,married,tertiary,no,832.0,yes,yes,telephone,2,-1,1,unknown,201.0,no
36,admin.,divorced,secondary,no,3053.0,yes,no,unknown,2,-1,0,success,106.0,no
56,technician,married,primary,no,314.0,no,no,cellular,3,-1,0,unknown,26.0,no
49,retired,married,secondary,no,1557.0,yes,no,telephone,5,30,1,failure,13.0,no
74,blue-collar,married,secondary,no,-500.0,yes,no,unknown,6,-1,1,unknown,234.0,no
33,admin.,divorced,primary,no,845.0,yes,no,cellular,8,-1,0,other,231.0,no
79,services,married,secondary,no,3749.0,yes,no,telephone,5,-1,0,failure,53.0,no
76,student,married,tertiary,no,2004.0,yes,no,cellular,4,-1,1,unknown,399.0,no
29,services,married,secondary,no,3019.0,no,no,cellular,6,-1,1,unknown,65.0,no
28,blue-collar,married,tertiary,no,3121.0,yes,yes,telephone,4,-1,0,unknown,557.0,no
51,technician,married,secondary,no,3829.0,yes,no,unknown,3,-1,0,success,167.0,no
20,student,married,primary,no,775.0,no,yes,unknown,2,-1,1,unknown,321.0,no
36,services,divorced,tertiary,no,3096.0,yes,no,unknown,3,-1,3,failure,253.0,no
44,services,single,secondary,no,5446.0,yes,no,telephone,3,-1,0,unknown,243.0,no
78,technician,married,secondary,no,1353.0,no,no,cellular,3,-1,0,unknown,1000.0,yes
79,technician,married,tertiary,no,-500.0,yes,no,telephone,2,-1,0,unknown,124.0,no
27,self-employed,married,secondary,no,329.0,no,no,telephone,5,-1,0,unknown,298.0,no
73,housemaid,married,secondary,no,2243.0,no,no,unknown,3,60,0,unknown,273.0,no
23,blue-collar,single,secondary,no,-500.0,no,no,cellular,2,-1,0,unknown,41.0,no
64,technician,married,primary,no,28.0,yes,no,telephone,4,-1,0,unknown,112.0,no
70,services,single,tertiary,no,806.0,no,no,cellular,4,-1,1,unknown,147.0,no
73,admin.,married,secondary,no,1598.0,no,no,cellular,6,-1,0,failure,117.0,no
31,blue-collar,single,secondary,no,4634.0,no,no,unknown,2,180,2,unknown,22.0,no
73,technician,divorced,secondary,no,2638.0,yes,no,cellular,1,-1,1,failure,88.0,no
25,technician,single,secondary,no,-500.0,no,no,cellular,5,-1,1,unknown,516.0,no
50,technician,divorced,secondary,no,8362.0,no,no,cellular,5,180,1,unknown,152.0,no
47,management,single,tertiary,no,1370.0,yes,no,cellular,2,60,0,unknown,245.0,no
37,technician,married,tertiary,no,-500.0,yes,no,cellular,3,-1,1,other,924.0,no
19,technician,married,secondary,no,-469.0,yes,yes,cellular,2,-1,0,unknown,111.0,no
65,blue-collar,married,tertiary,yes,-458.0,yes,no,telephone,2,-1,0,success,246.0,no
38,blue-collar,single,tertiary,no,-500.0,yes,no,cellular,5,180,0,other,171.0,no
59,unemployed,married,primary,no,2323.0,yes,no,cellular,1,-1,0,failure,147.0,no
43,admin.,divorced,primary,no,-500.0,yes,yes,cellular,6,30,1,success,535.0,yes
41,self-employed,married,secondary,no,3168.0,yes,no,cellular,6,90,1,unknown,191.0,no
72,services,single,primary,no,2866.0,no,no,cellular,6,-1,0,unknown,314.0,no
23,services,married,secondary,no,578.0,yes,yes,cellular,3,-1,0,unknown,63.0,no
63,blue-collar,divorced,secondary,no,3048.0,yes,no,unknown,5,-1,0,unknown,289.0,no
64,services,married,tertiary,no,-500.0,yes,no,telephone,2,-1,2,other,152.0,no
41,blue-collar,married,secondary,no,-116.0,no,no,unknown,3,-1,0,unknown,380.0,no
34,technician,single,secondary,no,2389.0,no,no,telephone,3,365,2,success,148.0,no
18,blue-collar,married,tertiary,no,1023.0,yes,no,cellular,3,180,1,unknown,398.0,no
76,services,married,secondary,no,275.0,no,no,cellular,5,-1,0,unknown,334.0,no
76,technician,divorced,primary,no,1196.0,yes,no,telephone,3,-1,0,other,535.0,no
32,blue-collar,single,primary,no,3774.0,no,yes,cellular,5,-1,0,unknown,298.0,no
19,blue-collar,married,secondary,no,3704.0,no,no,unknown,5,-1,1,unknown,249.0,yes
25,student,married,secondary,no,2167.0,no,no,cellular,6,365,1,unknown,64.0,no
22,admin.,married,secondary,no,760.0,yes,no,cellular,4,-1,0,unknown,181.0,no
69,blue-collar,married,tertiary,no,2339.0,no,yes,cellular,5,-1,0,other,114.0,no
73,management,single,tertiary,no,-152.0,no,yes,cellular,2,-1,0,unknown,150.0,no
27,technician,married,tertiary,no,3504.0,yes,no,cellular,1,-1,3,other,556.0,no
64,retired,married,tertiary,no,3111.0,yes,no,cellular,4,-1,0,unknown,107.0,no
29,entrepreneur,married,secondary,no,4877.0,yes,no,telephone,2,60,0,unknown,343.0,no
40,unemployed,single,primary,no,-44.0,yes,no,cellular,2,-1,0,unknown,35.0,no
55,management,married,secondary,no,-267.0,no,no,cellular,8,-1,1,unknown,86.0,no
62,management,married,secondary,no,2392.0,yes,no,cellular,4,-1,0,unknown,92.0,no
72,housemaid,divorced,secondary,no,907.0,no,no,unknown,2,-1,1,unknown,59.0,no
20,blue-collar,single,secondary,no,3199.0,no,yes,cellular,4,120,0,unknown,205.0,no
30,blue-collar,married,secondary,no,3772.0,yes,no,cellular,4,-1,0,failure,236.0,no
35,services,divorced,secondary,no,4465.0,no,no,cellular,2,30,1,failure,108.0,no
37,admin.,married,secondary,no,1505.0,yes,no,unknown,3,-1,1,unknown,298.0,no
79,services,married,secondary,no,2985.0,no,no,cellular,4,365,0,unknown,198.0,no
66,blue-collar,married,tertiary,no,469.0,no,yes,telephone,3,365,1,unknown,139.0,no
37,entrepreneur,married,secondary,no,1791.0,yes,no,cellular,2,-1,2,unknown,90.0,no
78,blue-collar,single,tertiary,no,1304.0,yes,no,unknown,5,-1,0,unknown,72.0,no
48,retired,married,secondary,no,1208.0,yes,no,cellular,3,30,0,unknown,161.0,yes
49,services,divorced,secondary,no,4683.0,no,no,unknown,5,-1,1,failure,284.0,no
44,blue-collar,married,tertiary,no,-500.0,no,no,cellular,3,-1,1,unknown,143.0,no
26,blue-collar,married,tertiary,no,1391.0,yes,no,telephone,4,-1,0,unknown,375.0,no
75,blue-collar,married,tertiary,no,1497.0,no,no,cellular,2,60,1,unknown,74.0,no
18,technician,married,tertiary,no,2558.0,no,no,cellular,5,-1,1,success,74.0,no
28,blue-collar,divorced,secondary,no,-500.0,yes,no,cellular,6,-1,0,failure,404.0,no
32,student,single,tertiary,no,862.0,no,no,cellular,2,-1,1,failure,101.0,no
35,blue-collar,single,tertiary,no,328.0,yes,no,cellular,3,-1,0,unknown,71.0,no
26,blue-collar,single,tertiary,no,-500.0,yes,no,cellular,2,90,0,other,470.0,no
19,services,married,tertiary,no,3492.0,yes,yes,cellular,2,90,0,unknown,171.0,no
60,management,married,tertiary,no,-500.0,no,no,cellular,2,-1,1,unknown,158.0,no
78,admin.,married,secondary,no,-500.0,yes,no,cellular,3,-1,0,unknown,43.0,no
25,technician,single,secondary,no,3106.0,yes,no,unknown,5,-1,0,success,271.0,no
36,blue-collar,married,secondary,yes,797.0,yes,no,cellular,3,60,0,unknown,433.0,no
49,blue-collar,married,secondary,no,859.0,no,no,unknown,3,-1,2,unknown,81.0,no
75,entrepreneur,single,secondary,no,894.0,yes,yes,cellular,3,60,1,unknown,288.0,no
61,management,married,tertiary,no,3334.0,yes,no,telephone,3,-1,0,unknown,200.0,no
65,technician,married,secondary,no,407.0,no,no,telephone,1,-1,0,unknown,109.0,no
54,admin.,married,secondary,no,2471.0,no,no,cellular,5,90,0,unknown,259.0,no
43,technician,married,primary,no,-500.0,no,no,cellular,2,-1,0,unknown,432.0,no
30,services,married,secondary,no,1994.0,no,no,cellular,2,-1,0,other,55.0,no
71,technician,divorced,secondary,no,3025.0,no,no,unknown,3,-1,0,unknown,255.0,no
67,technician,single,secondary,no,3929.0,no,yes,unknown,3,30,1,unknown,26.0,no
19,technician,married,primary,no,-500.0,yes,no,cellular,2,-1,1,unknown,711.0,no
62,self-employed,single,secondary,no,866.0,yes,no,cellular,1,-1,0,unknown,137.0,no
23,blue-collar,single,secondary,no,4277.0,no,no,cellular,5,-1,2,success,315.0,no
63,management,single,secondary,no,3059.0,no,no,cellular,3,120,1,unknown,221.0,no
69,services,divorced,secondary,no,1042.0,no,no,cellular,3,-1,0,other,200.0,no
26,management,single,tertiary,no,1407.0,no,no,cellular,2,-1,1,unknown,154.0,yes
44,services,married,tertiary,no,1935.0,yes,no,unknown,5,-1,1,unknown,160.0,no
25,admin.,married,tertiary,no,729.0,no,no,cellular,5,-1,0,unknown,139.0,no
53,technician,married,primary,no,2385.0,no,no,cellular,4,-1,1,unknown,117.0,no
75,blue-collar,married,secondary,no,2283.0,no,no,cellular,2,-1,1,unknown,208.0,no
23,technician,divorced,primary,no,-500.0,yes,yes,cellular,1,-1,0,unknown,49.0,no
42,blue-collar,single,secondary,no,518.0,yes,no,cellular,1,-1,0,unknown,79.0,no
78,blue-collar,married,primary,no,583.0,yes,no,cellular,5,-1,1,success,542.0,no
36,technician,divorced,secondary,no,940.0,no,no,cellular,3,90,0,unknown,73.0,no
26,technician,single,secondary,no,1886.0,yes,no,cellular,4,-1,0,unknown,91.0,no
48,services,married,secondary,no,1725.0,yes,no,telephone,3,365,0,success,136.0,no
49,technician,divorced,secondary,no,104.0,no,no,cellular,6,-1,0,unknown,81.0,no
59,blue-collar,married,secondary,no,3812.0,yes,no,cellular,2,-1,0,other,49.0,no
37,technician,married,tertiary,no,1409.0,no,no,cellular,3,-1,1,unknown,147.0,no
77,blue-collar,married,secondary,no,4035.0,no,no,cellular,5,-1,2,unknown,179.0,no
50,retired,divorced,secondary,no,3992.0,yes,no,cellular,3,-1,0,unknown,183.0,no
35,management,married,secondary,no,-500.0,no,no,unknown,2,-1,2,unknown,414.0,no
77,admin.,married,primary,no,517.0,yes,no,cellular,2,30,0,unknown,177.0,no
75,retired,single,primary,no,649.0,yes,no,unknown,2,120,1,other,369.0,no
48,student,divorced,secondary,no,1964.0,no,no,unknown,5,90,1,unknown,86.0,no
19,blue-collar,married,secondary,no,2708.0,yes,no,telephone,1,90,1,failure,45.0,no
55,technician,married,primary,no,1664.0,no,no,cellular,3,-1,0,unknown,106.0,no
52,retired,divorced,secondary,no,408.0,yes,no,telephone,2,-1,1,unknown,297.0,no
27,blue-collar,single,tertiary,no,4373.0,no,yes,cellular,2,-1,1,unknown,551.0,no
57,services,married,primary,no,611.0,yes,no,cellular,3,-1,0,success,253.0,no
70,blue-collar,married,secondary,no,2735.0,no,no,cellular,5,180,0,unknown,124.0,no
24,admin.,married,tertiary,no,1333.0,yes,no,cellular,7,-1,1,other,360.0,no
62,services,single,secondary,no,1283.0,yes,yes,cellular,3,120,0,unknown,182.0,no
26,admin.,married,tertiary,no,2613.0,no,no,cellular,3,-1,1,unknown,268.0,no
64,admin.,single,secondary,no,4177.0,yes,no,unknown,2,-1,0,unknown,440.0,no
43,services,married,tertiary,no,1949.0,yes,yes,telephone,4,-1,1,unknown,77.0,no
18,admin.,single,primary,no,520.0,yes,no,cellular,8,-1,0,success,794.0,yes
77,technician,married,secondary,no,4064.0,yes,no,unknown,8,30,1,other,188.0,no
28,technician,divorced,tertiary,no,2289.0,no,yes,unknown,3,120,1,unknown,405.0,no
54,blue-collar,married,secondary,no,1707.0,no,yes,cellular,4,-1,0,unknown,293.0,yes
29,retired,married,secondary,no,3250.0,no,no,unknown,3,-1,1,unknown,143.0,no
75,admin.,married,tertiary,no,1980.0,no,no,telephone,2,-1,1,unknown,96.0,no
63,services,married,tertiary,no,5823.0,no,no,cellular,3,-1,2,unknown,64.0,no
67,admin.,married,secondary,no,1403.0,no,no,cellular,4,-1,0,success,90.0,no
44,technician,single,primary,no,3469.0,yes,no,telephone,3,180,0,unknown,70.0,no
46,blue-collar,divorced,secondary,no,2196.0,no,no,unknown,5,-1,1,unknown,21.0,no
57,services,married,tertiary,no,2190.0,no,yes,cellular,3,-1,0,success,147.0,no
66,blue-collar,married,secondary,no,748.0,yes,no,unknown,7,-1,1,unknown,119.0,no
70,blue-collar,married,secondary,no,757.0,no,no,cellular,3,-1,1,unknown,111.0,no
19,management,single,primary,no,2294.0,yes,no,cellular,3,-1,0,unknown,269.0,no
59,retired,married,primary,no,-163.0,yes,no,cellular,1,-1,0,failure,74.0,no
24,unemployed,married,secondary,no,364.0,no,no,cellular,3,-1,0,unknown,242.0,no
35,admin.,married,secondary,no,1428.0,no,no,cellular,1,-1,0,failure,505.0,no
69,admin.,married,primary,yes,3633.0,yes,no,cellular,3,90,0,unknown,171.0,no
33,blue-collar,married,primary,no,1545.0,yes,no,cellular,4,-1,1,failure,273.0,no
67,blue-collar,married,primary,no,1516.0,yes,no,cellular,4,30,2,failure,51.0,no
46,technician,married,primary,no,-500.0,yes,no,telephone,6,60,1,unknown,219.0,yes
32,technician,single,secondary,no,4452.0,yes,no,cellular,3,-1,0,unknown,82.0,no
38,technician,married,tertiary,no,3393.0,no,yes,cellular,4,-1,0,other,29.0,no
50,blue-collar,single,primary,yes,3595.0,no,no,cellular,4,-1,0,unknown,126.0,no
65,housemaid,married,secondary,no,-500.0,yes,no,telephone,2,30,0,other,109.0,no
55,services,divorced,secondary,no,2033.0,no,no,unknown,1,60,1,other,456.0,no
75,blue-collar,single,tertiary,no,-289.0,yes,no,telephone,5,-1,2,success,468.0,yes
71,services,married,secondary,no,2789.0,yes,yes,cellular,7,180,0,unknown,228.0,no
64,blue-collar,divorced,tertiary,no,1979.0,yes,yes,cellular,2,120,0,success,193.0,no
55,blue-collar,married,secondary,no,2334.0,no,yes,unknown,2,60,0,unknown,152.0,no
35,technician,married,primary,no,110.0,yes,no,cellular,3,120,1,unknown,142.0,no
43,blue-collar,single,primary,no,-472.0,yes,no,cellular,5,-1,1,failure,102.0,no
25,technician,single,primary,no,247.0,no,no,telephone,9,-1,0,other,204.0,no
41,blue-collar,married,tertiary,no,1954.0,yes,no,cellular,4,-1,0,other,129.0,no
75,admin.,married,secondary,no,964.0,no,no,cellular,6,365,0,success,191.0,no
44,blue-collar,married,tertiary,no,1856.0,yes,no,telephone,1,-1,0,unknown,193.0,no
25,blue-collar,married,tertiary,no,-443.0,no,yes,cellular,6,180,0,other,196.0,no
58,management,divorced,tertiary,yes,1388.0,yes,no,cellular,1,-1,1,unknown,70.0,no
77,admin.,married,secondary,no,3911.0,yes,no,telephone,2,90,0,unknown,59.0,no
71,self-employed,divorced,tertiary,no,1998.0,no,no,cellular,2,-1,1,success,139.0,no
34,technician,married,secondary,no,2111.0,yes,yes,cellular,2,-1,2,success,110.0,no
46,blue-collar,single,primary,no,2125.0,yes,no,cellular,3,-1,1,unknown,145.0,no
50,blue-collar,divorced,secondary,no,479.0,no,no,cellular,2,30,0,failure,228.0,no
33,entrepreneur,single,tertiary,no,4337.0,no,yes,unknown,4,-1,0,unknown,219.0,no
34,technician,married,tertiary,no,2043.0,yes,no,cellular,7,-1,0,unknown,170.0,no
32,self-employed,married,secondary,no,1719.0,no,no,unknown,4,30,0,unknown,21.0,no
79,admin.,married,tertiary,no,2637.0,no,no,unknown,3,-1,1,unknown,31.0,no
64,retired,single,secondary,no,3093.0,no,no,unknown,4,90,1,failure,124.0,no
70,management,divorced,tertiary,no,-500.0,no,yes,cellular,2,-1,0,unknown,67.0,no
68,blue-collar,married,secondary,no,1501.0,yes,no,cellular,2,-1,0,unknown,16.0,no
77,admin.,married,secondary,no,5423.0,no,no,cellular,3,-1,0,unknown,151.0,no
24,unemployed,married,secondary,no,4380.0,no,no,cellular,3,120,1,unknown,58.0,no
72,blue-collar,married,tertiary,no,1208.0,yes,yes,cellular,3,-1,0,unknown,226.0,no
22,blue-collar,married,tertiary,no,2710.0,no,no,unknown,2,-1,1,success,725.0,yes
47,blue-collar,married,secondary,yes,812.0,no,no,cellular,2,90,0,unknown,122.0,no
54,retired,single,secondary,no,2037.0,yes,no,unknown,4,30,3,unknown,126.0,no
40,management,married,primary,no,575.0,yes,no,cellular,5,-1,0,unknown,382.0,no
27,blue-collar,single,tertiary,no,544.0,yes,no,cellular,5,-1,2,unknown,128.0,no
29,management,married,secondary,no,335.0,no,no,cellular,4,120,0,unknown,312.0,no
69,services,married,secondary,no,4428.0,yes,no,unknown,4,30,0,failure,335.0,no
37,blue-collar,single,primary,no,535.0,yes,no,cellular,5,-1,0,unknown,181.0,no
37,technician,single,primary,no,3455.0,yes,no,unknown,2,30,1,unknown,80.0,no
75,blue-collar,married,tertiary,no,623.0,no,no,unknown,8,-1,2,unknown,376.0,no
26,blue-collar,single,secondary,no,417.0,no,no,cellular,1,60,0,unknown,94.0,no
74,technician,married,secondary,no,2101.0,yes,no,cellular,3,-1,1,other,318.0,yes
75,technician,married,secondary,no,-500.0,yes,no,cellular,8,-1,0,unknown,88.0,no
55,blue-collar,divorced,secondary,no,2596.0,no,no,unknown,3,-1,0,unknown,145.0,no
28,technician,divorced,primary,no,1155.0,yes,no,unknown,2,-1,1,other,169.0,no
27,retired,married,primary,no,409.0,no,no,cellular,3,120,2,unknown,30.0,no
35,blue-collar,divorced,tertiary,no,22.0,yes,no,telephone,4,365,2,unknown,378.0,no
53,technician,single,secondary,no,4948.0,no,no,unknown,4,-1,0,unknown,79.0,no
27,student,married,secondary,no,1338.0,no,no,cellular,7,-1,2,failure,137.0,no
46,blue-collar,married,secondary,no,1262.0,yes,no,cellular,5,-1,1,unknown,604.0,no
25,self-employed,married,secondary,no,2971.0,no,yes,cellular,6,-1,0,success,135.0,no
51,entrepreneur,married,secondary,no,-115.0,no,no,cellular,4,-1,0,unknown,296.0,no
19,admin.,divorced,tertiary,no,3442.0,no,no,cellular,5,60,0,unknown,327.0,no
61,technician,married,secondary,no,1336.0,yes,no,unknown,3,-1,0,unknown,150.0,no
21,retired,married,tertiary,no,-500.0,yes,no,cellular,1,-1,0,failure,158.0,no
30,self-employed,married,secondary,no,445.0,yes,yes,unknown,3,-1,1,unknown,167.0,no
28,self-employed,married,secondary,no,-500.0,yes,no,unknown,3,-1,0,unknown,267.0,no
69,retired,single,primary,no,1546.0,yes,no,cellular,4,-1,1,unknown,285.0,no
21,blue-collar,married,tertiary,no,-28.0,yes,no,unknown,3,30,0,unknown,202.0,no
44,technician,married,secondary,no,-227.0,no,no,telephone,3,180,0,unknown,118.0,no
54,self-employed,married,tertiary,no,1926.0,no,yes,cellular,5,-1,0,unknown,190.0,no
49,services,single,primary,no,1479.0,yes,no,cellular,5,-1,1,unknown,203.0,no
60,management,single,secondary,no,3576.0,yes,no,cellular,4,-1,1,success,278.0,no
67,blue-collar,single,primary,no,3497.0,yes,no,unknown,1,-1,0,unknown,231.0,no
42,admin.,married,secondary,no,1510.0,no,no,unknown,2,30,0,unknown,150.0,no
69,blue-collar,married,secondary,no,2299.0,yes,no,cellular,3,-1,0,unknown,12.0,no
37,blue-collar,single,primary,no,-500.0,no,no,cellular,3,365,1,failure,374.0,yes
79,services,single,secondary,no,2653.0,yes,no,cellular,4,-1,1,failure,109.0,no
49,technician,married,secondary,no,2139.0,yes,no,unknown,3,-1,0,unknown,199.0,no
63,blue-collar,single,tertiary,no,3117.0,no,yes,cellular,2,-1,1,failure,220.0,no
72,blue-collar,married,tertiary,no,849.0,yes,no,cellular,4,-1,0,unknown,244.0,no
67,services,married,primary,no,864.0,no,no,unknown,2,-1,0,other,19.0,no
70,blue-collar,divorced,primary,no,876.0,yes,no,cellular,2,-1,0,other,159.0,no
51,technician,married,secondary,no,3982.0,no,no,cellular,3,-1,0,unknown,137.0,yes
20,blue-collar,divorced,secondary,no,1909.0,yes,no,cellular,3,60,0,unknown,27.0,no
48,admin.,single,secondary,no,-500.0,no,no,cellular,3,90,1,success,69.0,no
29,blue-collar,divorced,secondary,no,2560.0,no,no,telephone,2,-1,0,success,803.0,no
73,technician,married,secondary,no,566.0,no,no,unknown,2,-1,1,unknown,157.0,no
32,blue-collar,single,secondary,no,3352.0,no,no,cellular,3,-1,2,unknown,384.0,no
32,services,single,primary,no,2370.0,no,no,cellular,2,-1,0,unknown,44.0,no
33,blue-collar,married,secondary,no,3633.0,no,no,unknown,4,-1,0,success,186.0,no
57,blue-collar,married,secondary,no,3270.0,yes,no,cellular,3,-1,0,failure,178.0,no
53,technician,married,secondary,no,3087.0,no,no,unknown,2,-1,1,unknown,72.0,no
76,blue-collar,married,tertiary,no,3442.0,yes,no,unknown,4,-1,1,unknown,257.0,no
43,admin.,divorced,secondary,no,2867.0,yes,no,unknown,6,-1,0,unknown,169.0,no
35,management,married,primary,no,151.0,yes,no,telephone,4,-1,0,unknown,204.0,no
21,technician,single,tertiary,no,-500.0,no,no,unknown,3,30,0,unknown,390.0,no
18,blue-collar,married,secondary,no,-94.0,no,yes,unknown,2,60,0,unknown,71.0,no
41,blue-collar,married,secondary,no,2715.0,no,no,unknown,3,-1,1,unknown,103.0,no
75,unemployed,divorced,tertiary,no,-500.0,no,no,cellular,4,90,0,unknown,117.0,no
50,services,married,secondary,no,1372.0,yes,no,cellular,3,-1,0,success,135.0,no
73,technician,married,tertiary,no,921.0,yes,no,unknown,2,90,2,unknown,281.0,no
24,student,married,tertiary,no,3603.0,yes,no,cellular,4,-1,1,failure,178.0,no
23,services,married,tertiary,no,1189.0,yes,no,cellular,7,-1,0,unknown,102.0,no
69,entrepreneur,married,secondary,no,737.0,yes,no,telephone,3,120,1,failure,291.0,no
24,blue-collar,single,secondary,no,3769.0,no,no,cellular,4,-1,1,failure,315.0,no
21,services,married,primary,no,1235.0,yes,no,cellular,3,-1,0,unknown,281.0,yes
43,services,single,secondary,no,944.0,no,no,cellular,3,-1,1,unknown,312.0,no
75,technician,single,tertiary,no,519.0,yes,no,cellular,3,-1,0,failure,106.0,no
60,retired,married,primary,no,1914.0,yes,no,unknown,2,-1,0,unknown,196.0,no
24,blue-collar,married,tertiary,no,803.0,yes,no,cellular,4,-1,0,unknown,40.0,no
69,management,married,secondary,no,810.0,yes,no,cellular,1,60,0,unknown,217.0,yes
70,self-employed,single,primary,no,4010.0,yes,no,cellular,5,365,0,unknown,162.0,no
67,management,married,tertiary,no,1488.0,yes,no,cellular,4,-1,0,unknown,168.0,no
73,technician,married,secondary,no,593.0,yes,yes,cellular,1,-1,0,failure,228.0,no
32,retired,married,secondary,no,-391.0,no,no,cellular,3,60,0,failure,237.0,no
78,admin.,married,secondary,no,1757.0,yes,no,cellular,5,-1,2,unknown,134.0,no
37,retired,single,primary,no,392.0,no,no,unknown,2,-1,0,other,173.0,no
67,services,married,primary,no,737.0,no,no,cellular,4,-1,1,other,123.0,no
53,technician,married,secondary,no,-133.0,no,no,cellular,5,-1,0,unknown,248.0,no
66,housemaid,married,tertiary,no,1754.0,no,no,telephone,2,90,1,failure,115.0,no
56,retired,single,tertiary,no,-500.0,no,no,cellular,1,60,0,unknown,261.0,no
57,management,single,tertiary,no,2141.0,no,no,cellular,1,90,1,success,89.0,no
56,retired,married,tertiary,no,416.0,yes,no,cellular,2,-1,2,unknown,309.0,no
66,admin.,married,primary,no,2690.0,yes,no,telephone,6,60,0,success,57.0,no
63,technician,single,tertiary,no,2273.0,no,yes,cellular,1,-1,1,unknown,39.0,no
26,technician,married,tertiary,no,1587.0,yes,no,cellular,3,-1,0,other,291.0,no
69,retired,married,secondary,no,2923.0,yes,no,cellular,6,-1,0,unknown,123.0,no
51,retired,married,secondary,no,4203.0,no,no,cellular,3,-1,0,unknown,87.0,no
38,admin.,married,tertiary,no,3683.0,no,no,cellular,2,60,0,unknown,121.0,no
49,self-employed,married,tertiary,no,-500.0,yes,no,cellular,1,-1,0,unknown,296.0,no
77,management,married,tertiary,no,310.0,no,no,unknown,3,-1,0,unknown,156.0,no
71,services,married,secondary,no,531.0,yes,no,telephone,5,90,4,unknown,282.0,no
69,admin.,married,tertiary,no,2549.0,yes,yes,cellular,4,60,1,success,171.0,no
46,services,married,secondary,no,460.0,no,no,unknown,4,-1,0,unknown,12.0,no
66,blue-collar,married,tertiary,no,389.0,yes,no,cellular,5,-1,1,other,47.0,no
41,services,married,secondary,no,78.0,yes,no,cellular,5,60,0,unknown,61.0,no
60,self-employed,single,tertiary,no,1938.0,no,no,cellular,2,-1,0,unknown,279.0,yes
57,blue-collar,single,tertiary,no,2542.0,no,no,cellular,5,-1,1,unknown,112.0,no
33,management,divorced,secondary,no,-500.0,no,no,cellular,4,-1,0,unknown,201.0,no
34,technician,married,tertiary,no,474.0,yes,no,unknown,5,-1,1,unknown,281.0,no
21,self-employed,married,tertiary,no,-500.0,yes,no,cellular,2,-1,1,unknown,137.0,yes
26,admin.,married,secondary,no,-500.0,yes,no,cellular,6,-1,0,unknown,119.0,no
44,management,divorced,primary,no,2272.0,no,no,cellular,6,-1,0,unknown,142.0,no
47,blue-collar,married,tertiary,yes,1968.0,yes,no,unknown,3,-1,0,unknown,184.0,no
28,services,married,secondary,no,1710.0,yes,yes,cellular,5,-1,0,unknown,304.0,no
43,self-employed,single,secondary,no,4257.0,no,no,cellular,2,-1,0,unknown,129.0,no
55,admin.,married,secondary,no,-500.0,yes,no,cellular,3,30,0,unknown,66.0,no
32,self-employed,married,primary,no,-500.0,no,yes,cellular,1,30,0,unknown,375.0,no
38,services,married,secondary,no,-500.0,no,no,cellular,1,-1,1,failure,171.0,no
40,student,single,tertiary,no,-500.0,no,no,cellular,4,-1,0,unknown,53.0,yes
49,admin.,single,primary,no,296.0,yes,no,unknown,10,-1,0,unknown,232.0,no
40,blue-collar,married,secondary,no,2449.0,yes,no,telephone,3,-1,2,unknown,47.0,no
63,housemaid,single,primary,no,1934.0,yes,no,cellular,2,-1,0,unknown,201.0,no
38,blue-collar,married,tertiary,no,3250.0,yes,no,cellular,3,-1,1,success,242.0,no
44,housemaid,married,secondary,no,2067.0,yes,no,cellular,3,-1,0,unknown,22.0,no
41,admin.,divorced,tertiary,no,673.0,yes,no,cellular,8,365,0,success,175.0,no
29,admin.,single,tertiary,no,453.0,yes,no,cellular,5,-1,1,unknown,198.0,no
60,services,divorced,tertiary,no,2187.0,yes,yes,cellular,5,-1,0,other,117.0,no
32,blue-collar,single,secondary,no,-500.0,yes,no,cellular,8,365,0,unknown,239.0,no
36,services,married,secondary,no,-500.0,no,no,cellular,3,-1,1,unknown,120.0,no
67,admin.,married,primary,no,2102.0,yes,no,cellular,3,-1,0,other,92.0,no
76,retired,married,secondary,no,1822.0,yes,no,cellular,2,-1,1,success,170.0,no
59,entrepreneur,married,secondary,no,4225.0,yes,yes,cellular,7,-1,2,unknown,325.0,no
74,technician,married,secondary,yes,2654.0,yes,no,cellular,2,60,0,unknown,321.0,no
70,technician,married,primary,no,1957.0,no,no,cellular,6,-1,1,unknown,144.0,no
47,entrepreneur,married,secondary,no,838.0,no,no,telephone,3,-1,1,failure,460.0,no
65,self-employed,single,secondary,no,-60.0,no,no,unknown,4,-1,0,failure,173.0,no
38,blue-collar,married,secondary,no,896.0,yes,no,cellular,4,-1,2,success,469.0,no
46,retired,married,secondary,no,3119.0,yes,no,cellular,4,-1,1,unknown,417.0,no
51,admin.,single,secondary,no,2235.0,yes,no,unknown,2,30,1,unknown,107.0,no
77,management,single,secondary,no,3082.0,yes,no,cellular,5,-1,0,unknown,215.0,no
70,blue-collar,married,secondary,no,1592.0,no,no,cellular,2,180,0,other,395.0,no
48,technician,single,tertiary,no,-219.0,yes,no,cellular,2,-1,0,unknown,50.0,no
58,management,single,tertiary,no,3489.0,no,yes,cellular,4,-1,2,unknown,190.0,no
30,self-employed,single,secondary,no,3326.0,yes,no,cellular,1,-1,2,success,275.0,yes
67,blue-collar,married,secondary,no,1734.0,yes,no,cellular,2,-1,0,unknown,230.0,no
52,blue-collar,married,secondary,no,2401.0,no,no,cellular,2,-1,1,success,433.0,no
51,blue-collar,single,tertiary,no,2302.0,yes,no,unknown,4,60,0,unknown,66.0,no
65,technician,married,primary,no,557.0,no,no,unknown,4,-1,2,unknown,437.0,no
57,technician,single,secondary,no,932.0,yes,no,unknown,3,120,0,unknown,148.0,no
22,blue-collar,single,secondary,no,-237.0,no,no,cellular,1,-1,1,unknown,218.0,no
35,services,single,tertiary,no,925.0,yes,no,cellular,4,-1,1,failure,85.0,no
28,housemaid,divorced,primary,no,3256.0,yes,yes,cellular,4,-1,0,unknown,312.0,no
63,admin.,married,tertiary,no,2914.0,yes,no,unknown,2,120,1,unknown,33.0,no
20,retired,divorced,secondary,no,2405.0,yes,no,unknown,3,-1,0,unknown,138.0,no
30,blue-collar,single,tertiary,no,3127.0,yes,no,unknown,4,-1,0,unknown,111.0,no
55,blue-collar,married,tertiary,no,742.0,yes,no,telephone,4,90,1,other,201.0,no
61,services,single,secondary,no,-500.0,yes,no,cellular,4,-1,0,unknown,178.0,no
49,blue-collar,single,tertiary,no,1118.0,no,no,cellular,1,-1,1,unknown,192.0,yes
71,technician,divorced,tertiary,no,1260.0,yes,no,cellular,2,365,0,unknown,276.0,no
74,services,married,tertiary,no,2616.0,yes,no,cellular,4,-1,0,unknown,92.0,no
26,technician,married,secondary,no,2321.0,yes,no,cellular,4,-1,1,unknown,218.0,no
77,self-employed,single,primary,no,3219.0,no,no,cellular,3,-1,1,unknown,346.0,no
56,technician,married,tertiary,no,-500.0,no,yes,unknown,3,-1,1,unknown,294.0,no
57,blue-collar,single,primary,no,-36.0,no,yes,cellular,6,90,1,unknown,148.0,no
23,retired,married,tertiary,no,1236.0,no,no,cellular,7,-1,0,unknown,146.0,no
56,management,married,secondary,no,2263.0,yes,yes,cellular,2,180,0,unknown,343.0,no
62,technician,married,secondary,no,5170.0,no,no,telephone,3,-1,0,unknown,184.0,no
54,blue-collar,single,tertiary,no,-359.0,yes,no,unknown,3,-1,1,unknown,350.0,no
23,retired,married,secondary,no,122.0,no,yes,unknown,3,120,0,unknown,192.0,no
50,student,single,secondary,no,638.0,no,no,cellular,5,90,0,unknown,99.0,no
76,entrepreneur,single,secondary,no,58.0,yes,no,cellular,1,-1,1,unknown,54.0,no
62,technician,single,secondary,no,-199.0,yes,no,cellular,3,365,1,unknown,315.0,yes
26,entrepreneur,married,primary,no,1483.0,no,no,cellular,4,-1,1,unknown,34.0,no
77,blue-collar,married,secondary,no,3171.0,yes,no,telephone,6,-1,0,unknown,99.0,no
77,retired,single,secondary,no,1615.0,no,no,unknown,2,-1,0,unknown,424.0,yes
28,housemaid,married,secondary,no,-147.0,yes,no,cellular,5,-1,0,unknown,67.0,no
67,admin.,married,secondary,no,1047.0,yes,yes,unknown,4,-1,0,unknown,90.0,no
43,admin.,divorced,tertiary,no,-469.0,no,yes,cellular,3,-1,0,unknown,255.0,no
54,blue-collar,married,tertiary,no,3169.0,yes,no,cellular,3,-1,1,unknown,195.0,no
45,student,married,secondary,no,4048.0,no,no,cellular,3,-1,0,unknown,143.0,no
66,technician,divorced,tertiary,no,-500.0,no,yes,unknown,1,60,0,unknown,248.0,no
79,retired,married,secondary,no,1812.0,no,no,unknown,7,-1,1,unknown,173.0,no
67,admin.,married,secondary,no,-1.0,yes,yes,unknown,2,90,3,unknown,18.0,no
75,retired,married,secondary,no,1513.0,no,no,cellular,4,365,0,failure,104.0,no
76,technician,single,tertiary,no,1246.0,no,yes,unknown,6,-1,0,unknown,83.0,no
23,student,divorced,secondary,no,-500.0,no,no,cellular,3,-1,1,unknown,199.0,no
33,blue-collar,single,secondary,no,3576.0,yes,no,cellular,1,-1,0,unknown,146.0,no
62,blue-collar,divorced,tertiary,no,1127.0,no,yes,telephone,4,-1,1,other,366.0,yes
54,technician,married,tertiary,no,554.0,yes,no,cellular,6,-1,1,unknown,36.0,no
21,technician,single,tertiary,no,1609.0,no,yes,telephone,3,-1,2,other,359.0,no
23,admin.,married,tertiary,no,-167.0,no,no,cellular,4,-1,1,unknown,81.0,no
50,technician,divorced,tertiary,no,1069.0,yes,no,unknown,1,-1,0,other,562.0,yes
56,admin.,divorced,primary,no,-500.0,yes,no,unknown,4,60,0,success,279.0,no
28,admin.,married,tertiary,no,-500.0,yes,yes,unknown,4,90,1,unknown,175.0,no
28,student,single,secondary,no,-346.0,yes,no,cellular,5,-1,0,unknown,137.0,no
26,retired,single,primary,no,442.0,yes,no,cellular,6,-1,2,unknown,271.0,no
53,housemaid,married,tertiary,no,-500.0,yes,no,unknown,2,-1,2,unknown,295.0,no
18,technician,single,primary,no,505.0,no,no,unknown,2,-1,0,unknown,237.0,no
53,technician,divorced,primary,no,439.0,no,no,cellular,5,-1,0,failure,37.0,no
47,admin.,married,secondary,no,1289.0,yes,no,cellular,2,-1,3,other,322.0,no
46,self-employed,married,tertiary,no,2505.0,yes,yes,cellular,2,-1,0,unknown,250.0,no
60,student,divorced,tertiary,no,4482.0,yes,no,unknown,5,-1,1,unknown,51.0,no
50,retired,married,primary,no,2171.0,yes,no,cellular,4,-1,0,unknown,330.0,no
63,unemployed,married,secondary,no,-371.0,yes,no,cellular,2,180,1,other,203.0,no
65,services,single,tertiary,no,2600.0,yes,no,cellular,2,-1,1,unknown,364.0,yes
75,admin.,single,secondary,no,3921.0,no,no,cellular,1,-1,0,unknown,107.0,no
67,blue-collar,married,secondary,no,-500.0,no,no,unknown,3,30,3,unknown,251.0,no
50,technician,married,secondary,no,-500.0,no,no,telephone,7,30,2,unknown,270.0,no
48,unemployed,single,secondary,no,-500.0,yes,no,cellular,2,120,2,unknown,198.0,no
32,admin.,married,primary,no,384.0,no,no,cellular,1,-1,2,unknown,215.0,no
55,admin.,single,tertiary,no,2072.0,yes,no,cellular,3,-1,1,unknown,142.0,no
26,student,single,secondary,no,4070.0,yes,no,unknown,3,-1,1,unknown,144.0,yes
75,admin.,married,tertiary,no,3005.0,yes,no,cellular,1,-1,0,failure,19.0,no
70,admin.,single,tertiary,no,2094.0,yes,no,telephone,1,-1,0,unknown,91.0,no
25,technician,single,secondary,no,1482.0,no,no,unknown,5,-1,0,success,163.0,no
66,technician,divorced,tertiary,no,2105.0,yes,no,cellular,4,-1,0,unknown,222.0,no
25,technician,married,primary,no,2211.0,yes,no,unknown,3,-1,1,unknown,193.0,no
62,services,married,secondary,no,3746.0,no,no,cellular,3,-1,1,unknown,284.0,no
23,blue-collar,single,secondary,no,1362.0,no,no,cellular,2,-1,0,unknown,78.0,no
48,technician,divorced,tertiary,no,1871.0,yes,no,unknown,2,-1,1,unknown,780.0,no
58,blue-collar,divorced,tertiary,no,665.0,yes,no,unknown,2,365,0,unknown,133.0,no
63,blue-collar,married,secondary,no,1604.0,no,no,cellular,4,-1,0,unknown,158.0,no
43,technician,married,tertiary,no,939.0,no,no,telephone,2,-1,0,unknown,406.0,no
75,services,married,secondary,no,-500.0,yes,no,telephone,4,-1,0,unknown,239.0,no
66,technician,single,primary,no,2972.0,no,no,unknown,2,-1,3,unknown,197.0,no
30,blue-collar,single,secondary,no,4079.0,yes,no,telephone,4,90,1,unknown,105.0,no
59,technician,single,tertiary,no,1333.0,no,no,unknown,1,-1,1,unknown,334.0,no
63,self-employed,married,secondary,no,1998.0,no,no,telephone,6,90,0,unknown,277.0,no
38,services,divorced,secondary,no,2951.0,no,no,cellular,4,60,0,unknown,312.0,no
63,technician,married,tertiary,no,1142.0,no,no,cellular,3,-1,0,unknown,111.0,no
73,entrepreneur,married,primary,no,1741.0,no,yes,unknown,1,-1,0,unknown,362.0,no
68,services,married,primary,no,1009.0,yes,no,unknown,1,-1,0,other,114.0,no
65,services,married,primary,no,411.0,no,no,cellular,1,120,0,unknown,155.0,no
57,technician,single,primary,no,2339.0,yes,no,telephone,3,-1,0,success,133.0,no
34,technician,single,secondary,no,2323.0,no,no,cellular,2,60,1,failure,284.0,yes
67,services,married,secondary,no,3061.0,yes,no,telephone,3,180,0,other,108.0,no
40,admin.,married,tertiary,no,1394.0,yes,no,cellular,1,30,0,other,236.0,no
50,blue-collar,married,tertiary,no,-500.0,no,no,unknown,1,-1,0,unknown,197.0,no
37,technician,single,tertiary,no,3394.0,yes,no,telephone,1,-1,0,unknown,335.0,no
37,technician,married,secondary,no,78.0,no,no,telephone,2,-1,1,failure,127.0,yes
27,technician,married,secondary,no,47.0,yes,no,cellular,3,-1,0,unknown,30.0,no
77,admin.,married,primary,no,442.0,yes,no,cellular,6,-1,0,unknown,169.0,no
27,entrepreneur,single,secondary,no,-500.0,no,no,cellular,7,-1,1,unknown,312.0,no
23,student,married,secondary,no,1008.0,yes,no,cellular,4,-1,0,unknown,280.0,yes
76,student,married,secondary,no,2515.0,no,no,cellular,4,-1,2,unknown,145.0,no
52,admin.,married,tertiary,no,619.0,yes,no,unknown,5,-1,1,success,137.0,no
45,self-employed,married,tertiary,no,3809.0,yes,no,cellular,4,-1,0,other,52.0,no
63,blue-collar,married,primary,no,3697.0,no,no,cellular,4,-1,0,unknown,91.0,no
41,management,married,tertiary,no,3001.0,no,no,unknown,5,-1,0,unknown,215.0,no
25,blue-collar,single,primary,no,-500.0,no,no,telephone,3,-1,2,unknown,75.0,no
63,admin.,married,tertiary,no,3981.0,yes,no,cellular,1,-1,0,unknown,114.0,no
28,admin.,married,secondary,no,973.0,yes,no,unknown,4,-1,0,success,197.0,no
52,technician,divorced,primary,no,4421.0,yes,no,cellular,6,-1,0,unknown,270.0,no
76,services,married,secondary,no,313.0,no,no,cellular,1,120,0,unknown,113.0,no
76,technician,married,secondary,no,1148.0,yes,no,cellular,2,-1,0,failure,103.0,no
40,management,married,tertiary,no,1561.0,yes,no,cellular,7,-1,0,unknown,237.0,no
66,housemaid,married,secondary,no,-278.0,yes,no,unknown,4,-1,0,other,180.0,no
55,blue-collar,married,tertiary,no,-500.0,no,no,unknown,2,-1,0,success,42.0,no
47,self-employed,single,secondary,no,-500.0,no,no,cellular,2,30,1,failure,63.0,no
26,blue-collar,married,tertiary,no,6715.0,no,no,unknown,3,-1,2,unknown,46.0,no
41,services,single,secondary,no,-500.0,yes,no,unknown,4,90,0,failure,117.0,no
58,technician,divorced,tertiary,no,-500.0,yes,no,cellular,2,-1,1,unknown,81.0,no
79,technician,married,tertiary,no,2430.0,no,no,cellular,3,-1,1,unknown,439.0,no
18,blue-collar,single,secondary,no,-500.0,yes,no,cellular,3,30,0,other,197.0,no
62,retired,married,primary,yes,-500.0,no,no,cellular,4,120,0,success,305.0,no
70,blue-collar,married,secondary,no,-500.0,no,no,cellular,4,-1,1,unknown,47.0,no
76,admin.,single,secondary,no,1927.0,yes,no,cellular,2,30,1,unknown,125.0,no
44,services,married,tertiary,no,-500.0,no,no,cellular,4,-1,0,unknown,60.0,no
25,retired,divorced,secondary,no,2558.0,yes,yes,cellular,2,-1,0,unknown,133.0,no
34,services,married,tertiary,no,1264.0,yes,yes,cellular,2,-1,1,unknown,338.0,no
70,admin.,married,tertiary,no,1554.0,no,yes,cellular,2,-1,0,unknown,217.0,yes
72,unemployed,married,tertiary,no,584.0,yes,yes,cellular,3,-1,0,success,169.0,no
57,unemployed,married,primary,no,904.0,no,yes,cellular,2,-1,0,success,133.0,no
25,management,married,primary,no,-211.0,yes,no,cellular,5,90,1,unknown,152.0,no
25,technician,married,tertiary,no,-40.0,no,no,cellular,3,-1,0,unknown,99.0,no
47,blue-collar,married,tertiary,no,-500.0,no,no,cellular,3,-1,0,unknown,272.0,no
54,services,married,secondary,no,4125.0,no,yes,cellular,5,-1,1,unknown,256.0,no
20,technician,divorced,tertiary,no,687.0,no,no,cellular,4,-1,1,unknown,303.0,no
60,technician,married,primary,no,-500.0,no,no,unknown,1,-1,0,unknown,100.0,no
51,technician,married,tertiary,no,1866.0,yes,no,cellular,2,-1,0,unknown,21.0,no
18,management,single,secondary,no,-47.0,yes,no,telephone,5,-1,0,unknown,173.0,no
23,technician,single,tertiary,no,1320.0,no,no,unknown,6,365,0,unknown,302.0,no
46,services,divorced,tertiary,no,915.0,no,no,telephone,3,60,1,unknown,189.0,no
62,blue-collar,divorced,secondary,no,4082.0,no,yes,cellular,2,-1,1,success,253.0,no
69,admin.,married,primary,no,709.0,yes,no,unknown,4,-1,0,unknown,139.0,no
44,student,married,tertiary,no,2869.0,yes,no,cellular,2,-1,1,unknown,203.0,yes
36,self-employed,single,tertiary,no,2679.0,yes,yes,cellular,2,30,1,unknown,77.0,no
78,retired,married,secondary,no,-500.0,yes,no,cellular,2,-1,0,unknown,144.0,no
46,technician,single,tertiary,no,1738.0,yes,no,cellular,4,-1,0,unknown,106.0,no
37,services,married,secondary,no,35.0,no,no,unknown,2,-1,0,unknown,264.0,no
45,entrepreneur,divorced,secondary,no,-500.0,yes,no,cellular,1,30,1,other,343.0,no
18,housemaid,single,tertiary,no,-500.0,no,no,cellular,4,-1,0,success,196.0,yes
36,self-employed,married,secondary,no,2878.0,yes,no,cellular,3,-1,0,unknown,114.0,no
49,student,married,tertiary,no,6157.0,yes,no,unknown,5,-1,0,unknown,117.0,no
74,retired,divorced,tertiary,no,-50.0,no,no,cellular,3,-1,0,unknown,143.0,no
63,management,single,secondary,no,1788.0,no,no,cellular,2,-1,0,unknown,270.0,no
66,services,single,secondary,no,1959.0,no,yes,telephone,3,30,1,unknown,25.0,no
51,services,single,tertiary,no,446.0,yes,no,cellular,5,-1,1,unknown,299.0,no
24,technician,married,secondary,no,3934.0,no,yes,cellular,4,30,1,unknown,257.0,no
42,admin.,married,secondary,no,5355.0,no,no,cellular,3,90,0,success,290.0,no
79,student,married,secondary,no,324.0,yes,yes,cellular,3,-1,1,unknown,131.0,no
20,management,single,primary,no,4522.0,yes,no,cellular,1,-1,1,unknown,236.0,no
72,admin.,single,primary,no,416.0,yes,no,unknown,4,-1,0,unknown,31.0,no
60,services,married,secondary,no,-346.0,yes,no,cellular,4,-1,2,failure,310.0,no
35,services,divorced,tertiary,no,1149.0,yes,no,cellular,3,60,1,unknown,153.0,no
66,retired,married,secondary,no,2964.0,no,no,cellular,2,-1,1,unknown,132.0,no
69,technician,single,secondary,no,1212.0,no,no,cellular,1,-1,0,unknown,383.0,no
20,blue-collar,married,secondary,no,2728.0,yes,no,cellular,2,-1,0,unknown,104.0,no
24,blue-collar,married,tertiary,yes,1808.0,no,no,unknown,4,60,0,unknown,225.0,no
59,blue-collar,married,primary,no,3835.0,yes,yes,cellular,4,-1,0,unknown,97.0,no
79,housemaid,single,secondary,no,2355.0,yes,yes,unknown,2,365,1,unknown,164.0,no
19,services,single,tertiary,no,4155.0,yes,no,cellular,1,-1,1,unknown,67.0,no
59,technician,married,secondary,no,-144.0,no,no,cellular,3,-1,2,unknown,415.0,no
26,services,married,secondary,no,1034.0,yes,no,cellular,1,-1,1,unknown,138.0,no
58,blue-collar,single,tertiary,no,1397.0,no,no,cellular,3,30,0,other,120.0,no
56,blue-collar,married,secondary,no,-137.0,no,no,telephone,4,90,1,unknown,99.0,no
23,blue-collar,single,primary,no,-413.0,no,no,cellular,3,-1,1,unknown,143.0,no
60,services,married,primary,no,2088.0,no,yes,unknown,2,-1,0,unknown,84.0,no
73,blue-collar,single,tertiary,no,2597.0,no,no,cellular,2,-1,1,unknown,247.0,no
71,retired,single,tertiary,no,1603.0,no,no,telephone,2,120,0,unknown,56.0,no
19,technician,married,tertiary,no,3306.0,yes,no,cellular,3,-1,0,unknown,220.0,no
33,services,single,tertiary,no,-500.0,yes,no,cellular,4,-1,0,success,295.0,no
32,blue-collar,married,tertiary,no,696.0,yes,no,cellular,7,-1,0,success,180.0,no
46,blue-collar,divorced,secondary,no,-500.0,yes,no,telephone,3,365,0,unknown,229.0,no
26,services,single,secondary,no,1651.0,yes,no,unknown,3,90,1,failure,107.0,no
70,retired,married,secondary,no,2278.0,yes,no,cellular,3,-1,0,unknown,323.0,no
66,admin.,single,secondary,no,3815.0,no,no,telephone,4,-1,0,unknown,89.0,no
68,technician,married,secondary,no,-500.0,no,yes,unknown,2,60,1,unknown,270.0,no
30,management,single,secondary,no,2070.0,yes,no,telephone,1,-1,0,failure,409.0,no
18,management,divorced,secondary,no,3985.0,no,no,cellular,6,90,0,unknown,317.0,no
74,blue-collar,single,secondary,no,-403.0,no,no,unknown,8,180,0,unknown,202.0,no
35,entrepreneur,married,secondary,no,-500.0,no,yes,cellular,2,-1,0,unknown,178.0,no
58,blue-collar,single,tertiary,no,-500.0,yes,no,cellular,2,-1,0,unknown,92.0,no
74,blue-collar,married,tertiary,no,2524.0,no,no,unknown,2,-1,0,unknown,174.0,no
20,retired,married,secondary,no,94.0,yes,no,cellular,4,-1,0,success,351.0,no
18,management,divorced,tertiary,no,2260.0,yes,yes,unknown,3,-1,0,success,54.0,no
18,technician,married,secondary,no,1011.0,no,no,telephone,3,-1,0,unknown,436.0,yes
27,technician,married,secondary,no,4642.0,yes,no,telephone,6,30,0,unknown,339.0,no
21,blue-collar,married,tertiary,no,2818.0,yes,yes,cellular,2,-1,0,unknown,136.0,no
68,admin.,divorced,tertiary,no,-47.0,no,yes,telephone,3,-1,1,unknown,202.0,no
55,technician,divorced,tertiary,no,856.0,yes,no,unknown,4,-1,0,unknown,49.0,no
78,unemployed,married,primary,no,2818.0,yes,no,telephone,3,-1,0,unknown,190.0,no
67,technician,married,secondary,no,-500.0,yes,no,cellular,3,90,1,unknown,268.0,no
77,admin.,single,tertiary,no,3528.0,no,no,unknown,6,-1,0,unknown,351.0,no
32,blue-collar,married,tertiary,no,950.0,no,no,cellular,2,-1,0,unknown,410.0,yes
35,admin.,divorced,secondary,no,2856.0,yes,no,cellular,2,30,1,unknown,109.0,no
70,technician,divorced,primary,no,1047.0,yes,yes,unknown,3,-1,0,unknown,506.0,no
33,retired,single,secondary,no,457.0,no,no,cellular,1,60,0,unknown,272.0,no
21,management,married,primary,no,163.0,yes,no,cellular,3,-1,0,unknown,59.0,no
59,retired,single,secondary,no,4518.0,yes,no,cellular,4,-1,1,failure,246.0,no
67,blue-collar,divorced,secondary,no,869.0,yes,no,unknown,4,-1,0,other,208.0,no
78,self-employed,married,primary,no,6945.0,yes,no,unknown,7,-1,0,unknown,180.0,no
75,admin.,divorced,tertiary,no,1673.0,yes,no,cellular,3,-1,0,unknown,25.0,no
25,services,married,secondary,no,-131.0,no,no,telephone,3,180,0,unknown,48.0,no
65,services,divorced,secondary,no,-500.0,no,no,cellular,3,-1,2,success,106.0,no
70,services,single,secondary,no,3619.0,yes,no,cellular,5,-1,0,unknown,148.0,no
61,blue-collar,married,tertiary,no,1051.0,yes,no,cellular,7,-1,1,unknown,274.0,no
68,technician,married,secondary,no,2881.0,yes,no,cellular,3,180,0,unknown,82.0,no
69,services,married,tertiary,yes,5580.0,no,no,unknown,3,-1,1,unknown,173.0,no
45,blue-collar,married,secondary,no,2604.0,no,no,cellular,3,-1,0,unknown,224.0,yes
20,blue-collar,divorced,secondary,no,2007.0,no,no,telephone,3,-1,0,success,342.0,no
46,services,married,tertiary,no,3607.0,no,no,cellular,3,60,0,unknown,338.0,no
30,blue-collar,divorced,primary,no,2847.0,yes,yes,cellular,3,-1,0,other,112.0,no
25,blue-collar,married,secondary,no,-500.0,no,no,telephone,3,180,0,unknown,341.0,no
25,blue-collar,single,tertiary,no,3799.0,yes,no,cellular,3,-1,0,failure,285.0,no
61,blue-collar,divorced,secondary,no,1317.0,yes,no,cellular,4,-1,0,unknown,212.0,no
49,management,single,secondary,no,4174.0,no,no,cellular,3,-1,1,unknown,95.0,no
51,self-employed,divorced,tertiary,no,2313.0,yes,no,cellular,3,30,1,other,287.0,no
64,blue-collar,divorced,primary,no,3545.0,yes,no,unknown,4,-1,0,unknown,84.0,no
51,services,single,secondary,no,996.0,no,no,cellular,3,-1,2,unknown,104.0,no
57,blue-collar,single,tertiary,no,-500.0,no,no,cellular,4,60,0,unknown,87.0,no
23,blue-collar,married,tertiary,no,2415.0,no,yes,cellular,4,90,1,other,161.0,no
70,blue-collar,married,secondary,no,3158.0,yes,no,telephone,3,365,1,other,305.0,no
45,technician,married,primary,no,398.0,yes,no,unknown,8,-1,0,unknown,352.0,no
27,technician,single,tertiary,yes,1034.0,yes,no,cellular,6,-1,0,other,386.0,no
68,management,single,tertiary,no,-500.0,no,yes,cellular,3,-1,0,unknown,188.0,no
63,admin.,single,secondary,no,1120.0,yes,no,cellular,3,-1,0,unknown,25.0,no
21,blue-collar,divorced,secondary,no,-500.0,yes,no,unknown,2,-1,0,failure,579.0,no
29,blue-collar,married,secondary,no,2331.0,yes,no,cellular,1,-1,0,other,271.0,no
18,technician,divorced,primary,no,2003.0,yes,no,cellular,2,-1,0,other,167.0,no
34,admin.,married,tertiary,no,1427.0,no,no,telephone,3,-1,0,unknown,264.0,no
24,technician,married,tertiary,no,3781.0,yes,no,unknown,7,-1,1,unknown,69.0,no
62,self-employed,single,secondary,no,1834.0,no,yes,cellular,2,-1,0,unknown,15.0,no
50,retired,married,tertiary,no,1748.0,yes,no,cellular,4,-1,0,success,200.0,yes
78,technician,single,tertiary,no,1979.0,yes,no,cellular,4,90,3,unknown,488.0,yes
64,admin.,single,tertiary,no,351.0,no,no,cellular,4,30,0,success,141.0,no
55,student,single,tertiary,no,3184.0,yes,no,unknown,4,-1,0,unknown,164.0,yes
49,blue-collar,married,secondary,no,-249.0,no,yes,telephone,3,-1,0,unknown,816.0,yes
21,technician,married,tertiary,no,2161.0,no,no,unknown,3,365,0,unknown,366.0,no
22,retired,married,primary,no,3594.0,no,no,cellular,3,120,0,unknown,439.0,no
56,admin.,married,secondary,no,-448.0,yes,yes,unknown,5,-1,1,unknown,249.0,no
18,technician,married,secondary,no,-500.0,yes,no,cellular,3,60,2,unknown,564.0,yes
20,admin.,married,primary,no,-479.0,yes,yes,cellular,3,-1,0,unknown,198.0,no
31,blue-collar,single,tertiary,no,4671.0,no,no,cellular,4,-1,0,unknown,32.0,no
72,technician,divorced,secondary,no,303.0,no,no,cellular,4,60,1,unknown,129.0,yes
46,management,single,secondary,no,-500.0,no,no,cellular,4,90,1,success,135.0,no
61,technician,married,secondary,no,2059.0,no,no,cellular,3,-1,0,unknown,210.0,no
43,services,married,primary,no,-500.0,yes,no,cellular,2,-1,1,unknown,231.0,no
28,self-employed,married,secondary,no,-318.0,no,no,cellular,2,30,0,unknown,167.0,no
41,blue-collar,married,secondary,no,3945.0,no,no,cellular,2,90,2,unknown,76.0,no
23,blue-collar,married,tertiary,no,-320.0,no,no,unknown,2,30,0,unknown,192.0,no
65,technician,divorced,tertiary,no,931.0,yes,no,cellular,3,365,1,unknown,199.0,no
29,admin.,single,secondary,yes,1929.0,no,no,cellular,2,-1,0,unknown,73.0,no
41,retired,married,secondary,no,1930.0,yes,no,telephone,4,-1,0,unknown,82.0,no
78,blue-collar,single,secondary,no,441.0,no,yes,cellular,2,365,0,other,81.0,no
54,blue-collar,divorced,secondary,no,2383.0,yes,no,cellular,4,-1,0,unknown,87.0,no
46,self-employed,married,primary,no,4003.0,yes,no,cellular,3,30,0,success,275.0,no
51,technician,single,secondary,no,-500.0,no,yes,unknown,5,-1,0,unknown,293.0,no
66,student,married,secondary,no,528.0,no,yes,cellular,4,-1,0,failure,220.0,no
33,technician,married,tertiary,no,1211.0,no,yes,telephone,3,365,0,unknown,135.0,no
57,blue-collar,divorced,secondary,no,2660.0,yes,no,cellular,4,60,0,unknown,155.0,no
72,management,married,secondary,no,1460.0,yes,no,unknown,2,60,0,unknown,137.0,no
53,admin.,single,secondary,no,1171.0,yes,no,telephone,4,-1,1,unknown,363.0,no
45,services,married,tertiary,no,-500.0,no,yes,unknown,6,-1,0,unknown,112.0,no
26,blue-collar,single,tertiary,no,-500.0,yes,no,unknown,4,180,0,unknown,82.0,no
33,retired,single,secondary,no,1747.0,yes,no,unknown,3,-1,1,success,89.0,no
76,blue-collar,single,primary,no,475.0,no,no,cellular,6,120,0,unknown,355.0,no
51,technician,single,secondary,no,784.0,no,yes,cellular,3,-1,0,unknown,123.0,no
36,technician,single,primary,no,1289.0,no,no,telephone,6,365,0,unknown,266.0,no
43,technician,married,primary,no,5615.0,no,no,cellular,7,-1,1,success,282.0,no
53,admin.,married,secondary,no,505.0,yes,no,cellular,6,-1,0,other,289.0,no
51,unemployed,single,primary,no,3897.0,yes,no,cellular,3,-1,1,success,85.0,no
61,blue-collar,married,primary,no,3765.0,yes,no,unknown,3,-1,1,other,276.0,yes
33,blue-collar,married,secondary,no,2847.0,no,no,unknown,3,90,1,unknown,305.0,no
58,blue-collar,divorced,secondary,no,-125.0,no,no,unknown,5,-1,0,unknown,310.0,no
45,blue-collar,married,tertiary,no,1647.0,no,no,cellular,3,-1,1,success,360.0,no
76,retired,married,secondary,no,697.0,yes,no,unknown,2,-1,0,unknown,324.0,no
27,blue-collar,divorced,secondary,no,5026.0,no,yes,cellular,5,-1,1,failure,75.0,yes
27,entrepreneur,married,tertiary,no,2139.0,no,no,unknown,1,180,1,unknown,241.0,no
46,services,single,tertiary,no,1016.0,yes,no,cellular,4,-1,0,unknown,101.0,no
49,technician,married,secondary,no,4613.0,yes,no,telephone,1,60,1,unknown,77.0,no
60,services,married,secondary,no,765.0,yes,no,unknown,8,-1,0,unknown,399.0,yes
43,self-employed,single,secondary,no,2393.0,yes,no,cellular,3,180,0,unknown,509.0,no
74,blue-collar,married,secondary,no,2664.0,yes,no,cellular,4,-1,0,unknown,180.0,no
47,technician,single,primary,no,2025.0,yes,no,cellular,2,-1,0,unknown,341.0,no
26,admin.,married,tertiary,no,1208.0,no,no,cellular,3,-1,0,unknown,151.0,no
25,blue-collar,married,secondary,no,2908.0,no,no,telephone,5,-1,0,unknown,38.0,no
78,admin.,married,secondary,no,266.0,no,no,unknown,3,30,1,unknown,227.0,no
26,services,married,secondary,no,3405.0,yes,no,unknown,1,180,1,other,206.0,no
76,entrepreneur,married,secondary,no,893.0,yes,no,unknown,4,-1,0,unknown,83.0,no
35,services,single,secondary,no,3808.0,yes,no,cellular,3,30,1,unknown,71.0,no
23,blue-collar,married,secondary,no,3283.0,yes,no,cellular,2,-1,1,unknown,78.0,no
36,management,married,tertiary,no,2389.0,yes,no,cellular,5,-1,0,success,90.0,no
56,management,married,tertiary,no,1238.0,yes,no,cellular,3,-1,0,unknown,183.0,no
44,admin.,married,secondary,no,3385.0,no,yes,telephone,4,-1,0,success,112.0,no
66,management,married,secondary,no,2428.0,yes,no,unknown,3,-1,2,unknown,188.0,no
55,services,divorced,tertiary,yes,-500.0,yes,no,cellular,1,-1,1,other,237.0,yes
42,retired,single,secondary,no,-72.0,no,yes,cellular,4,-1,0,unknown,40.0,no
57,admin.,single,tertiary,no,1704.0,no,yes,cellular,4,-1,0,unknown,41.0,no
78,services,married,primary,no,1904.0,yes,no,cellular,4,-1,0,unknown,143.0,no
43,blue-collar,married,primary,no,2673.0,yes,no,unknown,4,-1,1,success,265.0,no
27,admin.,single,secondary,no,4188.0,yes,no,unknown,3,90,0,failure,397.0,no
43,blue-collar,married,tertiary,no,2456.0,no,no,cellular,2,-1,1,failure,351.0,yes
70,management,single,tertiary,no,-500.0,no,no,cellular,3,60,0,unknown,232.0,no
31,blue-collar,divorced,secondary,no,1756.0,yes,no,cellular,5,30,0,unknown,197.0,no
76,services,married,tertiary,no,3588.0,yes,no,unknown,5,-1,1,unknown,41.0,no
54,blue-collar,single,tertiary,no,1601.0,no,no,cellular,1,-1,0,unknown,392.0,no
55,student,married,tertiary,no,1766.0,yes,no,unknown,2,-1,0,unknown,120.0,no
37,blue-collar,married,secondary,no,510.0,no,no,cellular,3,-1,1,success,313.0,no
75,self-employed,married,secondary,no,3109.0,no,yes,cellular,2,90,0,unknown,419.0,no
20,technician,single,tertiary,no,764.0,yes,no,cellular,4,-1,1,unknown,47.0,no
36,entrepreneur,married,secondary,no,2467.0,yes,no,unknown,3,-1,0,unknown,276.0,no
43,admin.,single,secondary,no,2171.0,yes,yes,unknown,1,-1,0,unknown,367.0,no
47,retired,single,secondary,no,1498.0,yes,no,cellular,3,365,1,unknown,87.0,no
47,unemployed,married,secondary,no,2271.0,no,no,unknown,3,-1,1,success,93.0,no
27,technician,married,primary,no,1763.0,no,no,unknown,4,120,0,unknown,42.0,no
31,blue-collar,single,secondary,no,3699.0,yes,no,unknown,6,-1,1,unknown,149.0,no
23,student,married,tertiary,no,2618.0,yes,yes,unknown,2,-1,0,unknown,568.0,no
53,blue-collar,single,secondary,no,3272.0,no,no,cellular,4,-1,0,unknown,286.0,no
39,blue-collar,married,tertiary,no,25.0,yes,no,cellular,4,90,1,unknown,47.0,no
53,services,divorced,tertiary,no,-88.0,yes,no,cellular,3,-1,0,unknown,355.0,no
54,management,married,tertiary,no,1513.0,no,yes,cellular,4,-1,0,unknown,43.0,no
61,retired,married,secondary,no,2749.0,no,no,unknown,5,90,0,failure,130.0,no
51,technician,single,tertiary,no,2357.0,no,no,cellular,5,180,0,unknown,32.0,no
58,blue-collar,married,secondary,no,48.0,yes,no,cellular,5,-1,2,unknown,36.0,no
54,services,married,secondary,no,2805.0,no,no,cellular,4,-1,2,unknown,199.0,no
58,blue-collar,married,tertiary,no,270.0,no,no,cellular,4,-1,0,unknown,99.0,no
56,admin.,single,secondary,no,2613.0,yes,no,cellular,2,180,0,unknown,31.0,no
37,entrepreneur,married,tertiary,no,1916.0,no,no,cellular,2,-1,0,unknown,226.0,no
33,technician,married,secondary,no,995.0,yes,no,cellular,5,-1,0,unknown,209.0,no
66,management,married,secondary,no,435.0,yes,no,cellular,6,-1,3,unknown,80.0,no
39,admin.,married,tertiary,no,1640.0,no,yes,cellular,6,120,0,other,232.0,yes
52,services,divorced,secondary,no,1549.0,yes,yes,cellular,1,90,0,unknown,143.0,no
30,technician,married,secondary,no,-484.0,yes,no,telephone,4,-1,1,unknown,200.0,no
44,technician,married,tertiary,no,2484.0,yes,no,cellular,3,-1,0,failure,396.0,no
50,retired,married,secondary,no,3482.0,yes,no,telephone,3,-1,1,other,391.0,yes
56,entrepreneur,married,primary,no,2949.0,yes,no,cellular,1,-1,1,unknown,84.0,no
50,retired,divorced,tertiary,no,1967.0,yes,no,cellular,3,-1,0,unknown,62.0,no
40,technician,married,primary,no,590.0,yes,no,cellular,4,-1,0,unknown,232.0,no
77,technician,single,secondary,no,1632.0,yes,yes,telephone,7,365,1,unknown,41.0,no
49,technician,married,secondary,no,1163.0,yes,no,unknown,2,-1,1,unknown,52.0,no
68,management,single,secondary,no,1624.0,yes,no,cellular,4,-1,1,failure,196.0,no
63,blue-collar,married,tertiary,no,3086.0,no,no,cellular,6,-1,0,unknown,18.0,no
52,retired,married,primary,no,1206.0,no,no,cellular,3,60,1,unknown,136.0,no
72,blue-collar,married,tertiary,no,-500.0,yes,no,cellular,4,365,0,other,130.0,yes
25,admin.,married,secondary,no,2839.0,no,no,unknown,3,120,0,unknown,17.0,no
75,management,divorced,secondary,no,2115.0,yes,no,telephone,3,120,0,unknown,322.0,no
70,services,single,tertiary,no,1670.0,no,yes,cellular,8,-1,0,unknown,219.0,no
49,technician,married,secondary,no,-500.0,yes,yes,unknown,3,-1,0,unknown,175.0,no
63,technician,married,secondary,no,-98.0,yes,yes,cellular,2,90,1,unknown,103.0,no
50,technician,single,tertiary,no,112.0,yes,no,cellular,3,-1,0,unknown,214.0,no
34,student,married,tertiary,no,349.0,no,no,cellular,6,-1,1,other,165.0,no
67,services,married,secondary,no,518.0,yes,no,cellular,3,-1,0,unknown,124.0,no
33,admin.,single,tertiary,no,-500.0,no,no,unknown,1,180,0,other,182.0,no
37,self-employed,married,tertiary,no,5273.0,no,no,cellular,2,120,1,unknown,107.0,no
50,blue-collar,married,secondary,no,4104.0,no,no,cellular,2,-1,0,unknown,186.0,no
69,admin.,married,secondary,no,1899.0,yes,no,cellular,2,-1,1,unknown,98.0,no
41,blue-collar,married,secondary,no,1339.0,no,yes,cellular,2,-1,1,unknown,121.0,no
48,technician,single,secondary,no,4688.0,no,no,cellular,5,-1,0,unknown,60.0,no
20,services,single,secondary,no,4323.0,no,no,cellular,3,-1,0,unknown,99.0,yes
25,technician,divorced,secondary,no,68.0,yes,no,unknown,5,-1,0,failure,65.0,no
21,unemployed,married,tertiary,no,1846.0,no,no,cellular,4,120,0,unknown,282.0,no
22,technician,single,secondary,no,1072.0,no,no,unknown,3,120,0,unknown,208.0,no
71,blue-collar,divorced,primary,no,915.0,no,no,telephone,3,-1,1,unknown,437.0,no
70,technician,single,secondary,no,1102.0,yes,no,unknown,2,-1,0,unknown,324.0,no
68,technician,divorced,primary,no,1246.0,no,no,cellular,2,-1,0,unknown,48.0,no
21,technician,divorced,secondary,no,1779.0,yes,no,unknown,5,-1,2,unknown,134.0,no
22,blue-collar,single,secondary,no,1790.0,yes,no,cellular,4,120,0,other,295.0,no
35,blue-collar,divorced,primary,no,3989.0,yes,no,cellular,2,-1,0,unknown,86.0,no
53,technician,single,secondary,no,-52.0,yes,yes,cellular,4,-1,0,unknown,124.0,no
38,blue-collar,married,primary,no,3140.0,no,no,telephone,4,365,0,other,169.0,no
48,entrepreneur,divorced,secondary,no,-500.0,yes,no,cellular,4,-1,0,unknown,110.0,no
28,management,single,secondary,no,1826.0,no,no,cellular,3,-1,0,unknown,88.0,no
63,blue-collar,married,tertiary,no,3278.0,yes,no,unknown,6,-1,1,unknown,260.0,no
37,admin.,married,secondary,yes,2424.0,no,no,telephone,4,-1,0,unknown,511.0,no
22,unemployed,married,secondary,no,831.0,yes,no,cellular,2,120,1,unknown,119.0,no
64,technician,single,primary,no,1913.0,yes,no,cellular,2,30,0,unknown,206.0,no
73,technician,married,secondary,no,4374.0,yes,no,unknown,2,365,0,unknown,154.0,no
18,blue-collar,married,secondary,no,335.0,no,yes,unknown,6,-1,0,unknown,56.0,no
45,blue-collar,married,secondary,no,2420.0,no,no,unknown,4,-1,0,unknown,60.0,no
69,management,married,tertiary,no,3137.0,no,no,cellular,2,-1,1,unknown,151.0,yes
61,management,divorced,secondary,no,702.0,yes,no,cellular,6,-1,0,success,233.0,yes
71,admin.,married,secondary,no,4524.0,no,yes,telephone,3,120,1,unknown,129.0,yes
43,student,married,tertiary,no,5132.0,yes,yes,telephone,5,-1,0,failure,74.0,no
41,unemployed,married,tertiary,no,3369.0,yes,no,unknown,2,365,1,unknown,224.0,yes
61,retired,single,secondary,no,3373.0,no,no,cellular,4,-1,2,unknown,107.0,no
27,entrepreneur,single,secondary,no,-500.0,no,no,cellular,1,60,1,unknown,208.0,no
32,entrepreneur,married,primary,no,-500.0,yes,no,cellular,5,-1,0,unknown,158.0,no
55,admin.,married,tertiary,no,1248.0,yes,no,cellular,3,-1,1,unknown,493.0,no
59,blue-collar,divorced,secondary,no,216.0,no,no,unknown,3,-1,0,unknown,399.0,no
25,management,single,secondary,no,2527.0,no,no,telephone,6,-1,0,failure,326.0,no
49,management,single,secondary,no,-500.0,yes,no,cellular,3,-1,0,unknown,409.0,no
40,retired,married,secondary,no,2515.0,no,no,cellular,3,-1,2,success,164.0,no
49,technician,divorced,tertiary,no,1084.0,no,no,cellular,3,-1,2,unknown,240.0,no
77,blue-collar,single,primary,no,425.0,yes,yes,cellular,2,180,1,unknown,56.0,no
22,admin.,married,secondary,no,4832.0,no,yes,cellular,4,-1,1,unknown,168.0,no
79,admin.,divorced,primary,no,845.0,no,no,telephone,2,30,1,unknown,436.0,no
45,blue-collar,divorced,tertiary,no,-500.0,yes,no,cellular,2,60,0,unknown,297.0,no
65,retired,single,secondary,no,2223.0,yes,no,cellular,3,-1,0,failure,181.0,yes
44,technician,single,tertiary,no,2088.0,yes,no,cellular,2,180,1,failure,332.0,no
37,technician,married,secondary,no,1087.0,yes,no,cellular,5,-1,0,other,45.0,no
65,services,married,secondary,no,5632.0,no,no,cellular,3,-1,0,failure,459.0,yes
60,housemaid,married,secondary,yes,1778.0,yes,no,cellular,3,30,1,unknown,161.0,no
26,blue-collar,married,secondary,yes,3227.0,yes,no,unknown,3,-1,0,unknown,31.0,no
61,entrepreneur,married,secondary,no,1982.0,yes,no,telephone,2,30,1,unknown,126.0,no
64,blue-collar,married,secondary,no,3687.0,no,no,cellular,2,-1,1,other,205.0,no
42,technician,divorced,secondary,no,804.0,no,no,unknown,1,-1,1,failure,48.0,no
75,management,married,secondary,no,-500.0,yes,yes,cellular,4,-1,2,unknown,121.0,no
57,blue-collar,single,tertiary,no,2778.0,yes,no,cellular,3,-1,1,unknown,345.0,no
38,blue-collar,married,secondary,yes,1939.0,yes,no,unknown,6,180,2,success,157.0,no
18,blue-collar,married,tertiary,no,2831.0,no,no,cellular,2,30,1,unknown,235.0,yes
59,technician,married,tertiary,no,290.0,yes,no,cellular,3,-1,1,unknown,81.0,no
30,admin.,married,secondary,no,2264.0,no,no,cellular,5,-1,1,unknown,90.0,no
64,admin.,married,primary,no,-500.0,no,no,unknown,5,-1,0,unknown,72.0,no
50,blue-collar,married,secondary,no,536.0,yes,no,cellular,3,-1,0,unknown,412.0,no
46,technician,single,tertiary,no,132.0,yes,no,cellular,3,-1,0,unknown,240.0,no
28,retired,married,secondary,no,2293.0,no,yes,unknown,1,-1,0,unknown,27.0,no
62,self-employed,married,secondary,no,528.0,yes,no,cellular,4,-1,1,success,69.0,no
28,blue-collar,married,secondary,no,-500.0,no,no,unknown,4,90,0,unknown,363.0,no
43,admin.,married,secondary,no,377.0,yes,yes,cellular,4,180,1,success,227.0,no
69,technician,married,primary,no,2477.0,yes,yes,cellular,1,120,1,unknown,226.0,no
75,blue-collar,married,secondary,no,1636.0,yes,yes,telephone,7,-1,0,unknown,113.0,no
79,admin.,single,secondary,no,59.0,no,no,cellular,5,180,0,unknown,131.0,no
77,retired,single,secondary,no,2911.0,no,no,cellular,3,365,0,success,144.0,no
52,admin.,single,secondary,no,4218.0,yes,no,cellular,3,-1,0,unknown,119.0,no
30,admin.,single,tertiary,no,3036.0,no,no,cellular,2,-1,1,unknown,238.0,no
70,technician,married,secondary,no,-500.0,no,no,unknown,1,-1,1,success,84.0,no
67,management,married,primary,no,1827.0,yes,no,cellular,6,60,0,other,505.0,no
79,blue-collar,married,secondary,no,1145.0,yes,yes,unknown,5,-1,0,failure,473.0,no
58,blue-collar,single,secondary,no,-500.0,no,no,cellular,2,-1,1,unknown,284.0,no
26,services,married,secondary,no,-500.0,yes,no,telephone,3,-1,1,unknown,342.0,no
49,admin.,married,primary,no,2838.0,yes,no,unknown,3,-1,0,other,488.0,yes
45,blue-collar,divorced,tertiary,no,1734.0,no,no,cellular,1,30,1,failure,220.0,no
70,self-employed,married,tertiary,no,1545.0,no,no,unknown,3,180,1,unknown,94.0,no
42,self-employed,married,secondary,yes,230.0,no,no,telephone,4,180,0,unknown,257.0,no
38,technician,divorced,tertiary,no,3348.0,no,yes,unknown,6,60,1,failure,203.0,yes
22,entrepreneur,married,secondary,no,-500.0,yes,no,cellular,4,-1,1,unknown,180.0,no
69,admin.,married,tertiary,no,-198.0,no,no,cellular,5,-1,0,unknown,170.0,no
64,retired,married,secondary,no,828.0,yes,no,cellular,3,-1,0,success,32.0,no
20,services,married,secondary,no,-500.0,yes,no,cellular,2,-1,0,unknown,224.0,no
44,blue-collar,divorced,primary,no,-187.0,yes,no,cellular,3,-1,0,failure,505.0,yes
47,retired,single,primary,no,3311.0,no,no,unknown,4,180,0,unknown,115.0,no
47,blue-collar,married,tertiary,no,-120.0,no,no,cellular,2,-1,1,unknown,41.0,no
74,technician,married,secondary,no,2806.0,no,no,cellular,3,-1,0,failure,86.0,no
27,technician,married,secondary,no,2543.0,no,no,unknown,6,-1,0,unknown,97.0,no
36,management,single,secondary,no,1097.0,no,no,cellular,4,-1,0,unknown,170.0,no
29,technician,married,tertiary,no,-500.0,no,yes,unknown,5,-1,0,unknown,116.0,no
33,unemployed,married,secondary,no,1514.0,yes,no,telephone,2,-1,1,failure,201.0,no
74,blue-collar,single,secondary,no,-500.0,yes,yes,unknown,2,30,1,other,204.0,no
76,blue-collar,single,secondary,no,448.0,no,no,cellular,6,-1,1,success,271.0,yes
20,self-employed,divorced,secondary,no,1838.0,no,no,cellular,4,-1,0,unknown,284.0,no
57,admin.,single,secondary,no,2965.0,no,yes,cellular,6,60,1,unknown,143.0,no
32,entrepreneur,married,secondary,no,1127.0,yes,no,unknown,3,-1,2,unknown,446.0,no
29,blue-collar,single,tertiary,no,306.0,yes,no,cellular,4,180,0,unknown,13.0,no
36,technician,divorced,tertiary,no,162.0,yes,no,cellular,5,-1,1,unknown,302.0,no
30,housemaid,married,primary,no,557.0,no,no,cellular,2,-1,1,unknown,343.0,no
48,student,married,secondary,no,2523.0,no,no,cellular,2,-1,1,failure,97.0,no
79,entrepreneur,married,tertiary,no,2030.0,yes,no,unknown,4,-1,1,other,186.0,no
54,blue-collar,divorced,secondary,no,1360.0,no,no,cellular,3,-1,1,unknown,216.0,no
62,technician,divorced,tertiary,no,2534.0,no,no,cellular,2,-1,0,unknown,92.0,no
48,admin.,single,secondary,no,1401.0,yes,no,cellular,4,60,0,unknown,292.0,no
18,admin.,married,tertiary,no,-500.0,yes,no,unknown,5,90,0,unknown,166.0,no
23,blue-collar,divorced,secondary,no,-500.0,yes,no,telephone,6,90,0,unknown,130.0,no
34,services,married,tertiary,no,2483.0,yes,no,cellular,5,-1,1,other,316.0,no
33,blue-collar,married,secondary,no,-500.0,yes,no,unknown,1,-1,0,unknown,131.0,no
70,admin.,single,tertiary,no,714.0,yes,no,cellular,5,-1,3,unknown,179.0,no
70,blue-collar,single,secondary,no,1195.0,no,no,unknown,4,180,0,success,246.0,no
70,blue-collar,divorced,secondary,no,-460.0,yes,yes,cellular,4,-1,0,unknown,95.0,no
57,admin.,married,secondary,no,-500.0,no,no,cellular,5,30,1,failure,88.0,no
52,retired,married,primary,no,-500.0,yes,no,cellular,3,30,0,other,61.0,no
58,blue-collar,married,secondary,no,-500.0,no,no,cellular,3,-1,0,unknown,115.0,no
43,blue-collar,married,secondary,no,2501.0,yes,yes,cellular,3,-1,1,unknown,77.0,no
59,services,single,tertiary,no,2115.0,yes,no,telephone,4,60,0,failure,221.0,no
67,services,married,tertiary,no,33.0,no,no,cellular,4,-1,1,unknown,108.0,no
65,blue-collar,married,tertiary,no,-500.0,yes,no,cellular,5,-1,0,unknown,182.0,no
56,blue-collar,married,secondary,no,3499.0,yes,no,unknown,3,-1,0,unknown,317.0,no
21,blue-collar,single,secondary,no,2193.0,yes,yes,cellular,4,-1,0,unknown,250.0,no
62,technician,single,secondary,no,282.0,no,no,telephone,3,-1,2,unknown,239.0,no
40,blue-collar,married,secondary,no,3537.0,yes,no,unknown,3,-1,0,success,1000.0,no
64,blue-collar,married,secondary,no,1648.0,yes,no,cellular,4,30,0,unknown,75.0,no
51,management,divorced,tertiary,no,1972.0,no,no,telephone,2,30,0,unknown,161.0,yes
72,blue-collar,married,secondary,no,-476.0,yes,no,unknown,2,-1,1,unknown,87.0,no
38,blue-collar,married,primary,no,-500.0,no,yes,unknown,2,120,1,unknown,448.0,no
75,admin.,married,primary,no,-500.0,yes,yes,cellular,1,365,0,unknown,287.0,no
70,services,divorced,secondary,no,5149.0,yes,no,cellular,3,-1,0,unknown,288.0,no
38,self-employed,single,primary,no,-90.0,yes,no,cellular,3,30,0,unknown,158.0,no
47,services,married,secondary,no,1517.0,yes,no,cellular,4,30,0,unknown,166.0,no
50,student,married,primary,no,2227.0,yes,no,cellular,1,-1,1,unknown,162.0,no
65,blue-collar,married,primary,no,1363.0,yes,no,cellular,3,60,0,other,241.0,no
60,technician,married,tertiary,no,1122.0,yes,no,cellular,3,-1,0,unknown,94.0,no
70,services,married,tertiary,no,1082.0,yes,no,telephone,3,-1,0,unknown,112.0,no
40,technician,married,secondary,no,2264.0,no,no,unknown,4,-1,4,unknown,114.0,no
49,services,married,secondary,no,-472.0,no,no,cellular,5,-1,1,failure,216.0,no
44,blue-collar,married,secondary,no,607.0,yes,yes,cellular,5,-1,1,failure,196.0,no
74,blue-collar,married,tertiary,no,-500.0,no,no,cellular,2,-1,0,other,145.0,no
36,housemaid,married,secondary,no,-500.0,yes,no,unknown,3,-1,1,unknown,94.0,no
54,admin.,single,secondary,no,-500.0,yes,no,cellular,4,-1,0,unknown,125.0,no
25,management,married,secondary,no,2937.0,no,yes,cellular,3,-1,0,unknown,91.0,no
70,admin.,divorced,tertiary,no,909.0,no,no,cellular,3,-1,0,unknown,232.0,no
41,admin.,divorced,primary,no,2655.0,yes,no,unknown,5,90,0,unknown,117.0,no
39,technician,divorced,primary,no,2093.0,yes,no,telephone,6,-1,0,unknown,161.0,no
54,services,married,secondary,no,1868.0,yes,yes,cellular,4,-1,0,unknown,269.0,no
48,retired,married,secondary,yes,-299.0,no,no,cellular,4,-1,0,success,53.0,no
70,blue-collar,single,primary,no,1535.0,no,yes,unknown,4,-1,0,unknown,295.0,no
50,retired,married,tertiary,no,1858.0,no,no,unknown,3,-1,0,unknown,257.0,no
50,technician,married,secondary,no,5361.0,no,no,cellular,4,-1,0,unknown,334.0,no
24,services,married,tertiary,no,777.0,yes,no,cellular,6,-1,0,failure,163.0,no
19,self-employed,single,tertiary,no,2718.0,yes,no,cellular,5,-1,0,success,310.0,no
42,management,single,secondary,no,1177.0,no,yes,cellular,6,365,0,failure,471.0,no
79,blue-collar,married,tertiary,no,136.0,no,no,unknown,3,30,0,unknown,186.0,no
74,services,divorced,tertiary,no,2965.0,yes,no,cellular,4,90,0,unknown,347.0,no
56,unemployed,single,secondary,no,4805.0,no,no,cellular,5,120,1,unknown,376.0,no
57,housemaid,married,secondary,no,1872.0,no,no,cellular,1,-1,0,unknown,123.0,yes
42,entrepreneur,married,tertiary,no,171.0,yes,yes,cellular,4,-1,0,unknown,319.0,no
29,management,married,tertiary,no,2241.0,no,no,cellular,2,-1,0,unknown,268.0,no
18,management,divorced,tertiary,no,1903.0,yes,no,cellular,2,180,0,failure,262.0,no
39,unemployed,single,secondary,no,5390.0,no,no,cellular,3,30,1,unknown,672.0,no
37,services,single,tertiary,no,2736.0,no,no,cellular,5,-1,0,failure,262.0,no
29,blue-collar,single,secondary,no,-280.0,no,no,unknown,2,365,0,success,280.0,no
34,entrepreneur,married,secondary,no,3694.0,no,no,unknown,4,-1,0,unknown,146.0,no
19,management,divorced,secondary,no,2796.0,no,no,cellular,5,60,0,failure,189.0,no
55,admin.,divorced,secondary,no,3084.0,yes,yes,cellular,3,-1,2,unknown,444.0,no
75,retired,single,secondary,no,2201.0,no,no,cellular,6,90,0,unknown,219.0,no
60,technician,married,tertiary,no,3215.0,yes,no,telephone,3,90,0,unknown,250.0,no
45,services,married,secondary,no,2193.0,no,no,telephone,1,-1,1,unknown,415.0,yes
44,blue-collar,married,secondary,no,942.0,no,no,cellular,3,-1,1,unknown,366.0,yes
37,services,married,primary,no,1642.0,yes,no,unknown,3,-1,0,success,206.0,no
26,services,married,secondary,no,1191.0,yes,no,telephone,3,-1,0,unknown,175.0,no
55,blue-collar,single,primary,no,2014.0,no,no,cellular,5,-1,0,unknown,93.0,no
53,self-employed,divorced,secondary,no,1543.0,no,no,unknown,4,30,0,unknown,412.0,no
18,self-employed,married,tertiary,no,834.0,yes,no,telephone,4,-1,0,unknown,298.0,no
43,technician,married,secondary,no,1073.0,no,no,unknown,2,-1,0,failure,169.0,no
35,blue-collar,married,tertiary,no,1394.0,yes,yes,unknown,4,-1,0,unknown,195.0,no
28,blue-collar,divorced,secondary,no,-500.0,no,no,cellular,2,-1,0,unknown,105.0,no
61,management,single,secondary,no,3244.0,yes,no,cellular,2,-1,0,unknown,344.0,no
50,admin.,married,tertiary,no,2026.0,yes,no,cellular,3,-1,0,unknown,339.0,yes
57,housemaid,married,secondary,no,299.0,no,no,cellular,2,-1,1,unknown,331.0,no
62,technician,married,tertiary,no,2464.0,no,no,cellular,3,90,0,success,78.0,no
78,blue-collar,married,secondary,no,485.0,yes,no,cellular,4,-1,1,unknown,113.0,no
67,management,married,tertiary,no,485.0,no,no,unknown,3,-1,1,unknown,503.0,yes
56,unemployed,married,secondary,no,2074.0,no,no,cellular,4,-1,1,unknown,77.0,no
72,management,married,tertiary,yes,3975.0,no,no,cellular,5,-1,0,unknown,278.0,no
47,management,married,secondary,no,1904.0,no,no,unknown,7,-1,1,unknown,158.0,no
79,retired,married,secondary,no,3.0,yes,no,cellular,4,-1,0,unknown,336.0,no
65,blue-collar,single,primary,no,767.0,yes,no,cellular,4,-1,0,unknown,256.0,yes
58,blue-collar,married,tertiary,no,2928.0,yes,no,cellular,3,-1,3,failure,220.0,no
74,services,married,secondary,no,2128.0,no,no,cellular,2,180,1,unknown,91.0,no
49,entrepreneur,divorced,secondary,no,3127.0,yes,no,cellular,2,30,2,unknown,35.0,no
62,blue-collar,married,secondary,no,2108.0,yes,no,cellular,3,30,0,failure,263.0,no
35,admin.,single,secondary,no,2787.0,no,no,cellular,3,-1,1,failure,147.0,no
77,technician,married,tertiary,no,5023.0,yes,no,cellular,2,-1,0,failure,149.0,no
56,admin.,single,tertiary,no,-500.0,no,no,cellular,6,-1,0,success,66.0,no
66,student,married,primary,no,5733.0,no,no,unknown,6,60,2,unknown,111.0,no
46,entrepreneur,married,tertiary,no,3086.0,no,no,cellular,1,-1,1,unknown,26.0,no
71,self-employed,married,secondary,no,6125.0,no,no,unknown,5,-1,1,unknown,478.0,no
22,blue-collar,single,secondary,no,-370.0,no,yes,unknown,3,365,1,unknown,255.0,no
25,blue-collar,single,secondary,no,2088.0,no,no,cellular,6,120,1,failure,47.0,no
49,retired,single,secondary,no,1687.0,no,no,unknown,3,120,0,unknown,124.0,no
63,services,married,tertiary,no,2990.0,yes,no,cellular,5,-1,2,unknown,67.0,no
68,blue-collar,single,tertiary,no,2246.0,yes,no,cellular,2,-1,2,failure,313.0,no
45,management,married,tertiary,no,2044.0,yes,yes,cellular,6,-1,0,unknown,139.0,no
58,management,married,tertiary,no,2802.0,no,no,unknown,4,-1,0,unknown,145.0,no
52,blue-collar,married,primary,no,1208.0,yes,no,unknown,2,365,2,unknown,242.0,no
77,retired,married,secondary,no,472.0,yes,no,unknown,3,-1,0,failure,79.0,no
58,blue-collar,single,secondary,no,2216.0,yes,no,cellular,4,-1,0,unknown,171.0,no
43,management,married,tertiary,no,468.0,yes,no,cellular,2,-1,1,unknown,250.0,no
78,admin.,married,secondary,no,1174.0,no,no,cellular,4,-1,0,unknown,449.0,no
24,management,divorced,tertiary,no,-500.0,yes,no,unknown,2,-1,1,other,238.0,no
79,blue-collar,divorced,secondary,no,1501.0,yes,no,cellular,3,90,1,unknown,133.0,no
27,management,married,primary,no,-272.0,yes,no,cellular,2,-1,0,unknown,223.0,no
35,management,divorced,tertiary,no,1341.0,no,no,unknown,2,365,2,unknown,118.0,no
68,technician,married,secondary,no,-500.0,no,no,unknown,3,60,1,unknown,178.0,no
63,management,single,primary,no,1365.0,yes,no,cellular,5,-1,1,unknown,481.0,no
78,technician,married,secondary,no,3019.0,yes,no,cellular,5,-1,0,other,202.0,no
64,blue-collar,married,tertiary,no,327.0,yes,yes,cellular,8,-1,0,unknown,561.0,yes
57,blue-collar,divorced,secondary,no,-280.0,no,no,cellular,4,60,0,success,85.0,yes
39,admin.,married,secondary,no,2807.0,no,no,cellular,3,-1,0,unknown,190.0,no
18,housemaid,single,secondary,no,3044.0,no,no,cellular,2,-1,0,success,102.0,no
25,services,married,secondary,no,2163.0,yes,no,cellular,5,-1,1,unknown,43.0,no
36,technician,married,secondary,no,562.0,yes,no,cellular,1,30,0,unknown,74.0,no
20,retired,divorced,secondary,no,267.0,no,no,cellular,4,-1,0,unknown,173.0,yes
49,services,married,secondary,no,803.0,no,no,unknown,1,30,1,other,405.0,no
66,blue-collar,divorced,tertiary,no,1294.0,no,yes,telephone,3,-1,0,success,183.0,no
77,admin.,single,secondary,no,-500.0,no,no,unknown,5,120,1,other,187.0,yes
48,technician,married,tertiary,no,-370.0,yes,no,telephone,3,-1,0,unknown,158.0,no
72,blue-collar,married,secondary,no,3652.0,yes,no,telephone,6,-1,0,success,174.0,no
79,admin.,married,secondary,no,1773.0,no,no,cellular,3,-1,1,success,75.0,yes
71,technician,married,secondary,no,3609.0,no,no,cellular,5,-1,1,unknown,15.0,yes
46,technician,married,secondary,no,3228.0,yes,no,cellular,3,-1,1,unknown,189.0,no
38,self-employed,married,secondary,no,838.0,no,no,telephone,2,-1,0,unknown,423.0,no
78,entrepreneur,single,primary,no,865.0,yes,no,telephone,5,-1,1,other,362.0,yes
32,technician,married,secondary,yes,3140.0,no,no,cellular,4,365,1,unknown,477.0,no
43,blue-collar,single,primary,no,2766.0,no,no,telephone,5,30,0,unknown,85.0,no
22,management,married,secondary,no,3177.0,no,no,unknown,4,30,0,unknown,270.0,no
67,blue-collar,married,secondary,no,1376.0,no,no,cellular,7,-1,0,unknown,562.0,no
58,technician,married,tertiary,no,1657.0,no,no,cellular,1,30,1,unknown,252.0,no
23,technician,married,secondary,no,940.0,yes,no,cellular,5,-1,2,other,149.0,no
31,services,single,tertiary,no,1304.0,no,no,unknown,6,-1,1,unknown,81.0,no
52,admin.,married,primary,yes,166.0,yes,no,unknown,3,-1,0,unknown,481.0,no
51,management,single,tertiary,no,1265.0,no,no,unknown,4,-1,0,unknown,212.0,no
67,blue-collar,single,secondary,no,1112.0,no,no,telephone,4,365,0,unknown,31.0,no
34,technician,married,secondary,no,574.0,no,no,unknown,3,60,0,unknown,101.0,no
75,blue-collar,divorced,secondary,no,2824.0,no,no,unknown,4,-1,0,unknown,35.0,no
45,admin.,divorced,secondary,no,-500.0,no,no,cellular,4,120,0,unknown,188.0,no
69,services,married,secondary,no,2007.0,no,yes,cellular,4,-1,0,unknown,110.0,yes
32,management,divorced,secondary,no,-259.0,yes,no,unknown,2,-1,1,unknown,76.0,no
20,technician,married,tertiary,no,-126.0,no,no,unknown,5,-1,1,unknown,43.0,no
21,admin.,single,tertiary,no,28.0,no,no,cellular,4,-1,0,unknown,15.0,no
41,technician,married,secondary,no,2248.0,yes,no,cellular,1,-1,1,unknown,121.0,no
77,admin.,single,tertiary,no,-500.0,no,no,unknown,4,-1,0,failure,225.0,no
21,admin.,single,primary,yes,1704.0,yes,no,cellular,1,-1,0,unknown,149.0,yes
40,management,divorced,secondary,no,1482.0,yes,yes,telephone,3,-1,1,unknown,30.0,no
24,blue-collar,divorced,secondary,no,-346.0,no,no,cellular,6,-1,1,unknown,150.0,no
75,self-employed,married,secondary,no,1728.0,no,yes,cellular,3,-1,0,unknown,288.0,no
59,admin.,single,tertiary,no,-500.0,yes,no,cellular,4,-1,0,failure,110.0,no
65,admin.,married,tertiary,no,1321.0,yes,yes,cellular,2,-1,2,unknown,173.0,no
62,services,married,tertiary,no,-500.0,yes,no,cellular,3,180,1,unknown,216.0,no
58,blue-collar,married,secondary,no,5091.0,yes,yes,unknown,4,-1,1,unknown,36.0,no
65,services,divorced,secondary,no,2951.0,no,no,cellular,3,60,0,failure,207.0,yes
18,student,single,tertiary,no,1844.0,yes,no,telephone,2,30,0,failure,214.0,yes
71,admin.,married,primary,no,-319.0,no,no,cellular,2,30,0,unknown,32.0,no
63,student,divorced,tertiary,no,904.0,no,no,cellular,5,-1,0,unknown,305.0,no
63,blue-collar,single,primary,no,978.0,yes,no,unknown,1,60,1,unknown,138.0,no
42,entrepreneur,married,tertiary,no,1835.0,yes,yes,telephone,4,-1,1,unknown,249.0,no
67,admin.,married,tertiary,no,2117.0,no,no,cellular,4,-1,0,unknown,317.0,no
41,technician,single,primary,no,1805.0,no,no,cellular,4,-1,0,success,126.0,no
21,retired,single,primary,no,2016.0,no,yes,unknown,3,-1,1,other,141.0,no
74,management,married,secondary,no,1094.0,yes,no,unknown,1,-1,0,success,236.0,no
32,technician,married,secondary,no,2016.0,yes,no,telephone,5,-1,0,unknown,112.0,no
24,blue-collar,married,tertiary,no,252.0,yes,no,cellular,4,-1,0,unknown,192.0,no
56,technician,married,secondary,no,-500.0,yes,no,unknown,3,-1,1,unknown,109.0,no
32,services,married,secondary,no,4726.0,yes,yes,cellular,2,-1,0,success,125.0,no
71,technician,married,secondary,no,2149.0,no,no,unknown,3,-1,0,success,338.0,no
45,technician,married,primary,no,4651.0,no,no,cellular,4,30,1,success,46.0,no
18,unemployed,single,secondary,no,905.0,no,no,cellular,3,90,0,unknown,363.0,no
77,blue-collar,married,tertiary,no,5739.0,no,no,cellular,3,120,0,success,146.0,no
49,technician,married,tertiary,yes,1543.0,no,no,cellular,3,365,2,unknown,147.0,no
34,technician,married,tertiary,no,3463.0,yes,no,cellular,5,-1,0,unknown,29.0,no
59,services,divorced,secondary,no,1459.0,no,no,cellular,4,30,0,unknown,366.0,no
50,blue-collar,married,secondary,no,1697.0,yes,no,cellular,6,120,0,unknown,375.0,no
19,technician,married,primary,no,1193.0,yes,yes,unknown,4,365,1,success,20.0,no
65,blue-collar,married,secondary,no,513.0,yes,yes,cellular,5,-1,0,unknown,657.0,no
42,management,single,primary,no,3164.0,no,no,cellular,3,-1,0,unknown,34.0,no
61,retired,married,primary,no,1384.0,yes,no,cellular,4,-1,1,success,255.0,no
73,blue-collar,married,secondary,no,2895.0,yes,no,cellular,2,-1,1,unknown,74.0,no
55,services,single,secondary,no,3027.0,no,yes,cellular,4,-1,0,unknown,240.0,no
59,admin.,single,secondary,no,3946.0,no,yes,cellular,5,-1,2,unknown,157.0,no
33,services,married,secondary,no,2158.0,yes,no,telephone,2,30,1,unknown,125.0,no
32,technician,married,tertiary,no,-500.0,no,yes,cellular,4,60,1,unknown,173.0,yes
43,blue-collar,divorced,secondary,no,824.0,yes,no,cellular,4,-1,1,success,154.0,yes
70,services,divorced,tertiary,no,1355.0,no,no,cellular,4,-1,0,unknown,204.0,no
50,blue-collar,single,secondary,no,1422.0,yes,yes,telephone,6,-1,1,unknown,304.0,no
39,technician,single,primary,no,3773.0,yes,no,cellular,4,-1,0,unknown,192.0,no
66,technician,divorced,secondary,no,3445.0,no,no,telephone,2,-1,0,failure,561.0,no
70,blue-collar,divorced,primary,no,1139.0,no,no,cellular,4,-1,0,other,65.0,no
73,services,married,secondary,no,5774.0,no,no,telephone,3,-1,0,success,219.0,no
36,management,divorced,tertiary,no,772.0,yes,yes,cellular,4,-1,0,success,118.0,no
61,retired,single,tertiary,no,918.0,no,no,cellular,5,-1,1,unknown,326.0,no
54,services,married,secondary,no,-500.0,yes,no,telephone,4,365,0,unknown,262.0,no
45,management,married,primary,no,-500.0,yes,no,cellular,4,-1,1,failure,105.0,no
42,self-employed,married,secondary,no,-500.0,no,yes,cellular,1,-1,0,unknown,193.0,no
25,blue-collar,single,tertiary,no,3224.0,no,no,cellular,1,-1,2,unknown,61.0,no
35,entrepreneur,single,secondary,no,2735.0,no,no,cellular,5,-1,0,unknown,324.0,no
52,technician,married,secondary,no,-190.0,no,no,cellular,4,-1,1,unknown,76.0,no
72,admin.,single,primary,no,1580.0,yes,no,cellular,4,120,0,unknown,211.0,no
71,self-employed,married,tertiary,no,2852.0,no,no,unknown,3,-1,0,failure,53.0,no
29,blue-collar,married,secondary,no,-500.0,yes,no,cellular,1,-1,3,unknown,339.0,no
60,technician,married,primary,no,4590.0,no,no,cellular,5,-1,0,unknown,217.0,yes
23,retired,single,secondary,no,3295.0,no,no,cellular,2,-1,0,unknown,47.0,no
59,housemaid,married,tertiary,no,2859.0,no,no,telephone,4,-1,0,unknown,106.0,no
39,blue-collar,married,secondary,no,3564.0,yes,yes,cellular,2,-1,0,unknown,119.0,no
45,management,married,tertiary,no,-500.0,yes,no,cellular,2,-1,1,unknown,222.0,no
62,technician,single,tertiary,yes,1007.0,no,no,cellular,4,-1,1,unknown,522.0,no
44,management,divorced,secondary,no,3665.0,yes,no,telephone,4,-1,0,unknown,51.0,no
68,management,single,tertiary,no,1387.0,no,no,unknown,3,60,1,other,139.0,no
51,services,single,tertiary,no,2737.0,no,no,cellular,4,-1,2,unknown,79.0,no
79,entrepreneur,married,secondary,no,4007.0,no,yes,cellular,4,-1,1,unknown,419.0,no
57,management,married,tertiary,no,2667.0,no,no,cellular,4,120,0,success,179.0,no
36,blue-collar,divorced,secondary,no,936.0,yes,yes,cellular,6,-1,0,failure,407.0,yes
66,blue-collar,married,secondary,no,2436.0,no,no,cellular,1,180,0,unknown,106.0,no
43,services,married,secondary,no,-500.0,yes,no,unknown,2,-1,3,unknown,172.0,no
51,technician,married,tertiary,no,2283.0,yes,no,cellular,2,30,1,success,230.0,no
26,technician,single,tertiary,no,2749.0,no,no,cellular,4,-1,1,unknown,634.0,no
25,technician,married,secondary,no,1672.0,yes,yes,cellular,4,365,0,failure,128.0,no
53,management,married,secondary,no,3491.0,yes,no,cellular,6,-1,0,unknown,53.0,no
29,blue-collar,single,secondary,no,1902.0,no,yes,unknown,4,-1,0,other,235.0,no
79,services,married,tertiary,no,1665.0,no,no,unknown,2,-1,0,unknown,61.0,no
71,technician,married,secondary,no,4698.0,yes,no,cellular,3,-1,0,unknown,95.0,no
61,services,single,secondary,no,-324.0,yes,no,unknown,4,-1,0,unknown,247.0,no
63,management,divorced,secondary,no,3906.0,yes,no,unknown,5,-1,1,unknown,234.0,no
54,services,married,primary,no,3763.0,yes,no,telephone,3,-1,1,unknown,82.0,no
21,student,married,primary,no,2922.0,no,yes,cellular,3,-1,0,unknown,179.0,no
42,technician,married,secondary,no,672.0,yes,yes,cellular,5,-1,0,unknown,105.0,no
48,student,married,primary,no,2017.0,no,no,unknown,5,-1,0,failure,192.0,no
74,management,divorced,tertiary,no,-48.0,yes,no,cellular,3,60,0,unknown,125.0,no
31,blue-collar,single,secondary,no,388.0,yes,no,cellular,1,-1,0,unknown,339.0,no
48,management,married,secondary,no,1637.0,yes,no,cellular,4,-1,0,unknown,293.0,no
39,blue-collar,single,tertiary,no,-191.0,no,no,unknown,4,-1,0,unknown,43.0,no
26,technician,married,secondary,no,980.0,yes,no,unknown,2,120,0,unknown,180.0,no
24,management,married,tertiary,no,-500.0,yes,no,unknown,3,-1,2,unknown,119.0,no
40,management,divorced,tertiary,no,2575.0,yes,yes,cellular,2,-1,0,success,270.0,no
23,blue-collar,married,secondary,no,4343.0,yes,no,unknown,2,-1,0,unknown,111.0,no
22,services,married,secondary,yes,5354.0,yes,no,unknown,4,-1,0,unknown,195.0,no
39,retired,divorced,secondary,no,-460.0,yes,no,unknown,3,-1,1,unknown,66.0,no
30,blue-collar,married,secondary,no,-144.0,no,no,cellular,2,-1,0,unknown,26.0,no
52,technician,married,secondary,no,1310.0,no,no,cellular,3,-1,1,unknown,168.0,no
19,blue-collar,married,secondary,no,2880.0,yes,no,unknown,4,-1,0,unknown,70.0,no
36,management,married,secondary,no,1234.0,no,yes,cellular,4,-1,1,unknown,196.0,no
46,blue-collar,married,secondary,no,3340.0,yes,no,cellular,1,-1,0,other,11.0,no
77,retired,married,primary,yes,2563.0,yes,no,cellular,6,-1,1,unknown,345.0,no
57,services,married,secondary,no,-500.0,yes,no,unknown,2,-1,1,unknown,127.0,no
72,technician,married,secondary,no,1705.0,no,yes,cellular,3,90,0,unknown,83.0,no
39,admin.,single,primary,no,-500.0,yes,no,cellular,5,-1,0,unknown,322.0,no
45,technician,divorced,tertiary,no,588.0,no,yes,unknown,2,30,0,unknown,470.0,no
44,services,single,tertiary,no,863.0,yes,no,cellular,4,60,1,unknown,252.0,no
73,blue-collar,single,tertiary,no,2939.0,no,no,cellular,5,-1,1,unknown,136.0,no
77,blue-collar,single,secondary,no,1551.0,yes,yes,telephone,1,-1,0,other,364.0,no
77,blue-collar,married,secondary,no,765.0,yes,no,cellular,6,90,1,unknown,302.0,no
64,technician,married,secondary,no,5376.0,yes,no,cellular,1,-1,0,unknown,541.0,yes
49,blue-collar,married,tertiary,no,-6.0,no,no,cellular,1,-1,1,unknown,221.0,no
51,management,married,tertiary,no,2121.0,yes,no,unknown,1,-1,0,unknown,213.0,no
78,services,divorced,secondary,no,2803.0,no,yes,cellular,5,60,0,unknown,151.0,no
35,technician,married,secondary,no,1904.0,no,no,telephone,4,-1,0,unknown,128.0,no
39,services,single,secondary,no,-16.0,no,no,telephone,2,60,0,success,155.0,no
73,student,married,tertiary,no,-108.0,yes,no,cellular,1,-1,0,unknown,222.0,no
41,blue-collar,married,secondary,no,2717.0,yes,yes,cellular,2,90,0,unknown,311.0,no
32,technician,married,tertiary,no,3482.0,yes,yes,cellular,2,-1,1,unknown,345.0,yes
52,blue-collar,married,tertiary,no,1506.0,no,no,cellular,5,30,1,unknown,257.0,no
38,blue-collar,married,tertiary,no,-500.0,no,no,unknown,3,-1,0,unknown,325.0,no
73,technician,single,secondary,yes,1618.0,no,no,unknown,3,-1,0,failure,213.0,no
74,blue-collar,married,tertiary,no,4326.0,no,yes,unknown,2,-1,1,unknown,291.0,no
36,blue-collar,single,tertiary,no,-211.0,yes,no,unknown,3,-1,0,unknown,113.0,no
50,self-employed,divorced,tertiary,no,1028.0,no,yes,cellular,4,90,0,unknown,5.0,no
79,blue-collar,married,tertiary,no,1704.0,yes,no,unknown,4,120,0,unknown,199.0,no
64,blue-collar,divorced,secondary,no,3558.0,no,no,cellular,3,-1,0,unknown,316.0,no
31,self-employed,married,tertiary,no,646.0,no,no,cellular,7,-1,1,unknown,188.0,no
54,student,married,secondary,no,2471.0,no,no,cellular,5,-1,0,other,32.0,no
56,technician,married,tertiary,no,4103.0,no,no,cellular,6,-1,0,unknown,30.0,no
58,blue-collar,married,tertiary,no,-500.0,yes,yes,unknown,2,-1,1,unknown,178.0,no
19,retired,married,tertiary,no,-500.0,yes,no,unknown,2,-1,0,unknown,91.0,no
36,technician,married,secondary,no,1430.0,yes,no,unknown,2,-1,1,unknown,215.0,no
70,blue-collar,divorced,tertiary,no,3364.0,no,no,cellular,4,-1,1,success,190.0,no
32,blue-collar,married,tertiary,no,2198.0,no,no,cellular,2,-1,0,unknown,119.0,no
36,admin.,single,secondary,no,3525.0,yes,no,cellular,4,-1,0,unknown,212.0,no
37,retired,married,secondary,no,-500.0,yes,no,unknown,4,60,0,unknown,244.0,no
28,blue-collar,married,tertiary,no,2222.0,yes,no,cellular,4,90,0,unknown,159.0,no
27,services,married,tertiary,no,-500.0,yes,yes,telephone,5,60,1,success,86.0,no
39,technician,married,secondary,no,3988.0,no,no,cellular,3,-1,0,unknown,156.0,no
72,blue-collar,married,secondary,no,3739.0,yes,no,cellular,5,180,0,failure,354.0,no
18,services,single,tertiary,no,1008.0,yes,no,cellular,3,-1,2,unknown,7.0,no
35,blue-collar,married,tertiary,no,-500.0,no,no,unknown,3,30,0,unknown,92.0,no
21,admin.,married,secondary,no,1223.0,no,yes,unknown,2,-1,1,success,295.0,no
52,student,single,secondary,no,3609.0,no,no,cellular,3,-1,2,unknown,264.0,no
33,management,single,tertiary,no,2344.0,no,no,cellular,3,30,1,unknown,16.0,no
67,technician,divorced,tertiary,no,4927.0,no,no,unknown,3,-1,0,unknown,307.0,no
54,retired,married,secondary,no,1065.0,yes,no,unknown,3,30,0,unknown,127.0,no
66,blue-collar,single,tertiary,no,5253.0,no,no,cellular,6,-1,0,failure,713.0,no
57,management,married,secondary,no,-500.0,yes,no,unknown,4,-1,0,other,181.0,no
45,blue-collar,single,secondary,no,231.0,yes,no,cellular,1,180,0,other,221.0,no
71,technician,married,tertiary,no,-500.0,no,no,cellular,3,-1,2,unknown,307.0,no
47,services,married,primary,no,2922.0,yes,no,unknown,3,-1,0,unknown,316.0,no
76,blue-collar,divorced,primary,no,-500.0,no,no,unknown,4,-1,1,unknown,286.0,no
79,retired,single,tertiary,no,3409.0,no,no,cellular,7,-1,0,unknown,65.0,no
54,services,single,secondary,no,2832.0,yes,no,telephone,6,-1,1,unknown,170.0,no
59,technician,married,secondary,no,1921.0,no,no,cellular,3,90,1,unknown,55.0,no
33,admin.,single,secondary,no,1392.0,no,no,cellular,5,-1,0,unknown,288.0,no
68,admin.,married,secondary,no,-300.0,yes,no,unknown,4,-1,0,unknown,462.0,no
59,admin.,married,secondary,no,2676.0,yes,no,unknown,3,-1,0,unknown,404.0,no
73,entrepreneur,married,secondary,no,676.0,yes,yes,cellular,4,-1,0,unknown,208.0,no
34,management,married,secondary,no,2967.0,yes,no,telephone,1,-1,1,unknown,165.0,no
66,blue-collar,married,secondary,no,4280.0,yes,no,cellular,3,60,0,unknown,88.0,no
47,housemaid,single,secondary,no,1028.0,yes,no,cellular,2,180,2,success,259.0,no
29,management,married,tertiary,no,3960.0,yes,yes,unknown,2,-1,2,unknown,50.0,no
28,admin.,single,secondary,no,1925.0,no,no,cellular,3,-1,0,unknown,120.0,no
52,technician,divorced,tertiary,no,2658.0,yes,no,cellular,2,-1,1,unknown,487.0,no
37,self-employed,married,tertiary,yes,-500.0,no,no,unknown,4,-1,0,success,76.0,no
24,entrepreneur,single,secondary,no,347.0,no,no,cellular,3,-1,2,success,312.0,no
44,management,married,primary,no,328.0,yes,no,cellular,3,180,0,unknown,227.0,no
58,blue-collar,divorced,secondary,no,4006.0,no,no,cellular,2,-1,0,unknown,194.0,yes
37,technician,married,tertiary,no,951.0,no,yes,cellular,4,30,1,failure,395.0,no
77,retired,married,primary,no,2714.0,yes,no,unknown,4,-1,1,other,372.0,no
66,management,married,secondary,no,1446.0,no,no,cellular,3,60,0,unknown,421.0,no
49,technician,divorced,secondary,no,941.0,yes,yes,cellular,6,-1,0,unknown,140.0,no
75,technician,married,tertiary,no,-500.0,yes,no,unknown,6,60,0,unknown,305.0,no
44,technician,single,primary,no,-500.0,no,yes,cellular,4,-1,0,unknown,159.0,no
26,blue-collar,married,secondary,no,973.0,yes,no,cellular,5,365,0,unknown,327.0,yes
20,blue-collar,single,secondary,no,1078.0,yes,no,unknown,4,60,0,success,122.0,no
76,services,married,tertiary,no,1.0,yes,no,unknown,3,120,1,success,249.0,no
77,management,married,tertiary,no,1844.0,no,no,unknown,2,-1,0,unknown,183.0,no
63,services,married,secondary,no,5118.0,yes,yes,cellular,4,-1,0,unknown,245.0,no
24,student,married,tertiary,no,4270.0,yes,yes,cellular,2,-1,0,unknown,183.0,no
36,blue-collar,single,secondary,no,1553.0,yes,no,unknown,2,-1,1,failure,330.0,no
20,blue-collar,single,tertiary,no,1615.0,yes,no,cellular,3,-1,0,unknown,104.0,no
21,management,married,secondary,no,2663.0,yes,no,telephone,4,365,0,unknown,212.0,no
33,blue-collar,married,primary,no,1953.0,yes,no,unknown,3,-1,0,unknown,192.0,no
53,services,married,secondary,no,2666.0,no,no,unknown,2,-1,2,unknown,231.0,yes
22,services,single,secondary,no,2004.0,yes,no,cellular,3,180,1,unknown,193.0,yes
79,management,single,tertiary,no,1677.0,no,yes,unknown,8,-1,1,unknown,125.0,no
46,services,divorced,secondary,no,334.0,no,no,cellular,2,30,0,unknown,369.0,no
34,management,divorced,secondary,no,2137.0,yes,no,cellular,2,-1,2,unknown,99.0,no
49,services,married,tertiary,no,-500.0,no,no,unknown,3,-1,0,unknown,434.0,no
66,blue-collar,married,secondary,no,1961.0,yes,no,unknown,3,120,2,unknown,78.0,no
37,services,divorced,secondary,no,-500.0,no,no,cellular,4,-1,0,unknown,483.0,yes
20,services,married,secondary,no,1963.0,yes,yes,cellular,1,-1,0,unknown,71.0,no
21,blue-collar,married,tertiary,no,-277.0,yes,no,unknown,4,-1,0,unknown,565.0,yes
70,retired,married,secondary,no,3785.0,no,no,unknown,1,-1,0,unknown,153.0,no
24,technician,single,tertiary,no,1646.0,yes,no,cellular,3,-1,0,unknown,427.0,no
57,blue-collar,single,tertiary,no,1488.0,no,no,unknown,1,-1,1,unknown,184.0,no
41,services,divorced,secondary,no,2215.0,yes,no,cellular,4,30,0,failure,190.0,no
66,technician,married,primary,no,-70.0,yes,no,cellular,4,-1,1,unknown,144.0,no
21,technician,married,secondary,no,3504.0,yes,no,cellular,4,-1,0,unknown,63.0,no
73,entrepreneur,married,primary,no,2734.0,yes,no,cellular,4,30,0,failure,51.0,no
61,self-employed,single,tertiary,no,494.0,yes,no,telephone,3,120,0,unknown,51.0,no
45,unemployed,married,secondary,no,-420.0,yes,no,cellular,3,-1,0,unknown,79.0,no
30,retired,divorced,secondary,no,728.0,yes,no,cellular,2,-1,1,unknown,57.0,no
78,blue-collar,married,secondary,no,1206.0,yes,no,unknown,4,-1,0,unknown,153.0,no
36,admin.,single,secondary,no,-500.0,yes,no,unknown,6,90,0,unknown,267.0,no
48,technician,single,secondary,no,578.0,yes,no,cellular,5,-1,1,unknown,404.0,no
42,housemaid,married,tertiary,no,335.0,yes,no,telephone,4,-1,0,unknown,123.0,no
32,blue-collar,single,tertiary,no,1036.0,yes,yes,unknown,5,-1,0,unknown,404.0,no
43,blue-collar,married,tertiary,no,1050.0,yes,no,telephone,5,-1,0,unknown,112.0,no
27,student,single,secondary,no,2279.0,no,no,cellular,2,30,2,failure,64.0,no
18,management,single,secondary,no,1456.0,no,no,telephone,3,-1,0,unknown,553.0,no
35,technician,married,tertiary,no,2124.0,yes,yes,unknown,4,-1,1,failure,31.0,yes
24,services,married,secondary,no,1848.0,no,no,cellular,2,-1,0,unknown,157.0,yes
43,technician,divorced,secondary,no,1049.0,yes,no,unknown,3,-1,0,other,155.0,no
71,technician,divorced,primary,yes,2631.0,no,no,cellular,6,30,0,unknown,211.0,no
28,blue-collar,single,tertiary,no,-500.0,no,yes,unknown,3,180,0,unknown,454.0,yes
18,services,divorced,tertiary,no,754.0,yes,no,cellular,3,-1,0,unknown,65.0,no
24,admin.,married,secondary,no,373.0,no,no,cellular,2,-1,0,unknown,355.0,no
49,unemployed,married,primary,no,1615.0,yes,no,telephone,3,90,0,failure,111.0,no
35,blue-collar,married,primary,no,258.0,yes,no,cellular,3,-1,0,unknown,192.0,no
48,services,married,secondary,no,2388.0,yes,no,unknown,2,-1,0,success,78.0,no
19,technician,married,secondary,no,2706.0,yes,no,cellular,8,-1,0,unknown,210.0,no
38,blue-collar,single,tertiary,no,-500.0,no,no,cellular,5,-1,1,unknown,211.0,yes
43,technician,married,tertiary,no,1802.0,no,no,cellular,3,-1,0,unknown,349.0,no
44,admin.,married,tertiary,no,-500.0,yes,no,cellular,10,-1,0,unknown,71.0,no
52,management,single,tertiary,no,2263.0,yes,no,cellular,3,-1,0,failure,101.0,no
66,management,single,tertiary,no,560.0,no,no,telephone,2,120,1,unknown,108.0,no
46,entrepreneur,divorced,tertiary,no,-48.0,yes,no,cellular,3,-1,1,unknown,128.0,no
70,self-employed,married,secondary,no,-500.0,yes,yes,cellular,2,-1,0,unknown,140.0,no
50,technician,single,tertiary,no,1234.0,no,yes,unknown,4,-1,0,unknown,395.0,no
34,blue-collar,married,secondary,no,-500.0,no,no,telephone,6,365,1,unknown,194.0,no
32,retired,married,secondary,no,-500.0,yes,no,cellular,2,120,1,unknown,86.0,no
37,technician,single,primary,no,1735.0,no,no,telephone,3,-1,1,unknown,271.0,no
55,student,married,secondary,no,3145.0,yes,no,cellular,6,-1,0,unknown,428.0,no
33,admin.,single,tertiary,yes,2110.0,no,no,cellular,2,-1,0,failure,175.0,no
74,technician,married,tertiary,no,-500.0,no,no,cellular,5,365,0,unknown,145.0,yes
47,admin.,married,secondary,no,1154.0,no,no,cellular,6,-1,0,failure,158.0,no
71,self-employed,married,secondary,no,2625.0,yes,no,unknown,2,60,2,unknown,92.0,no
60,retired,married,tertiary,no,1154.0,no,no,telephone,3,60,1,failure,246.0,no
38,technician,married,tertiary,no,1986.0,yes,no,cellular,6,-1,0,unknown,123.0,no
32,blue-collar,married,secondary,no,613.0,no,yes,cellular,3,-1,0,unknown,257.0,no
64,blue-collar,married,secondary,no,708.0,yes,no,cellular,3,365,1,unknown,423.0,no
38,student,single,secondary,no,213.0,no,no,telephone,3,120,2,unknown,284.0,no
33,blue-collar,married,tertiary,no,2502.0,yes,no,unknown,5,-1,0,unknown,160.0,no
75,management,single,secondary,no,2615.0,no,no,cellular,4,-1,1,unknown,52.0,no
47,services,married,tertiary,no,401.0,no,no,cellular,8,-1,2,unknown,67.0,no
21,services,married,secondary,no,2759.0,yes,no,unknown,1,-1,0,unknown,301.0,no
48,blue-collar,married,tertiary,no,-500.0,no,no,unknown,6,60,2,unknown,51.0,no
46,blue-collar,single,secondary,no,1092.0,yes,no,cellular,8,-1,0,other,83.0,yes
71,technician,single,tertiary,no,-500.0,yes,no,cellular,1,-1,1,success,498.0,no
62,management,married,tertiary,no,-500.0,yes,yes,unknown,1,-1,0,unknown,254.0,no
29,admin.,single,tertiary,no,-500.0,no,yes,telephone,5,90,0,unknown,449.0,no
27,blue-collar,married,tertiary,no,220.0,yes,no,cellular,2,-1,1,success,52.0,no
55,blue-collar,married,primary,no,2516.0,yes,yes,cellular,2,-1,1,unknown,412.0,no
20,unemployed,married,secondary,no,1259.0,yes,yes,cellular,7,-1,0,success,90.0,no
37,blue-collar,married,secondary,no,349.0,no,no,cellular,1,-1,1,failure,229.0,yes
26,admin.,married,tertiary,no,1088.0,no,yes,cellular,5,-1,2,unknown,596.0,no
19,management,married,tertiary,no,-500.0,yes,no,cellular,4,-1,2,unknown,176.0,no
74,admin.,married,secondary,no,2429.0,yes,no,cellular,3,-1,0,success,83.0,no
23,blue-collar,married,tertiary,no,-500.0,no,no,unknown,6,-1,0,unknown,235.0,no
18,unemployed,married,secondary,no,127.0,yes,no,cellular,2,-1,1,unknown,254.0,no
75,services,single,secondary,no,1258.0,no,no,cellular,5,-1,0,unknown,166.0,no
29,admin.,divorced,secondary,no,2202.0,yes,no,cellular,3,-1,0,unknown,184.0,no
68,management,married,tertiary,no,1830.0,yes,no,cellular,7,-1,1,other,474.0,yes
19,blue-collar,married,primary,no,1311.0,yes,no,cellular,1,60,1,failure,94.0,no
27,blue-collar,married,tertiary,no,4023.0,no,no,cellular,9,90,2,unknown,123.0,no
24,self-employed,divorced,tertiary,no,5027.0,no,yes,cellular,6,-1,1,unknown,231.0,no
61,management,married,secondary,no,1413.0,no,yes,cellular,4,-1,2,failure,321.0,no
56,services,married,secondary,no,1220.0,no,yes,cellular,3,-1,0,unknown,414.0,no
47,technician,divorced,tertiary,no,1112.0,yes,no,unknown,5,365,0,unknown,207.0,no
32,blue-collar,married,tertiary,no,300.0,yes,no,cellular,4,-1,1,failure,73.0,no
23,technician,married,secondary,yes,2077.0,no,no,unknown,2,120,0,success,174.0,yes
53,retired,divorced,secondary,no,3689.0,yes,no,cellular,1,-1,0,success,76.0,no
32,blue-collar,divorced,secondary,no,-500.0,yes,no,cellular,4,-1,0,unknown,27.0,no
54,technician,married,secondary,no,1095.0,yes,no,cellular,2,-1,1,unknown,180.0,no
60,admin.,married,secondary,no,4079.0,no,no,cellular,3,-1,0,other,293.0,no
70,retired,married,tertiary,no,2108.0,yes,no,telephone,2,-1,0,success,114.0,no
48,services,married,secondary,no,2145.0,yes,yes,telephone,2,90,0,unknown,447.0,no
18,blue-collar,married,tertiary,no,-500.0,yes,yes,cellular,5,-1,1,unknown,158.0,no
35,technician,married,secondary,no,2664.0,no,no,unknown,3,60,0,unknown,158.0,no
70,blue-collar,single,secondary,no,3216.0,no,no,unknown,4,60,0,failure,127.0,no
51,technician,single,tertiary,no,1760.0,yes,no,cellular,6,-1,1,unknown,317.0,no
56,admin.,divorced,secondary,no,220.0,no,no,cellular,2,-1,0,unknown,124.0,no
46,blue-collar,single,secondary,no,2197.0,yes,no,unknown,4,30,0,unknown,211.0,no
28,entrepreneur,married,secondary,no,-468.0,no,no,unknown,5,-1,2,success,31.0,no
73,technician,married,secondary,no,-500.0,no,no,cellular,5,-1,1,other,172.0,no
65,blue-collar,married,tertiary,no,2844.0,no,yes,unknown,3,-1,1,unknown,149.0,yes
79,technician,married,tertiary,no,3372.0,yes,no,unknown,3,365,0,unknown,294.0,no
71,blue-collar,married,tertiary,no,63.0,yes,yes,unknown,3,365,1,unknown,295.0,no
36,management,single,tertiary,no,-500.0,yes,no,telephone,2,-1,1,unknown,186.0,no
33,blue-collar,married,secondary,no,-180.0,yes,no,cellular,4,-1,1,unknown,51.0,no
33,blue-collar,married,secondary,no,1756.0,yes,no,cellular,5,-1,0,failure,49.0,no
74,technician,married,secondary,no,-500.0,yes,yes,telephone,2,-1,1,other,344.0,no
52,management,divorced,secondary,no,3711.0,no,no,cellular,2,60,2,unknown,194.0,no
46,services,single,secondary,no,563.0,yes,no,telephone,3,-1,0,unknown,199.0,yes
78,retired,married,primary,no,2059.0,yes,no,cellular,3,-1,0,unknown,75.0,no
55,management,married,tertiary,no,62.0,yes,no,cellular,4,-1,0,success,297.0,no
74,self-employed,divorced,secondary,no,2451.0,no,no,unknown,5,-1,0,unknown,201.0,yes
79,technician,married,secondary,no,2599.0,yes,no,unknown,3,-1,0,unknown,216.0,no
22,services,single,secondary,no,-500.0,yes,no,cellular,1,30,0,unknown,232.0,no
40,retired,single,primary,no,177.0,yes,no,unknown,4,60,1,unknown,164.0,no
63,services,single,primary,no,1118.0,no,no,cellular,2,-1,2,other,235.0,no
68,self-employed,married,secondary,no,455.0,yes,no,cellular,5,120,0,unknown,10.0,no
27,management,divorced,secondary,no,2969.0,no,no,telephone,4,90,0,unknown,70.0,no
37,self-employed,married,tertiary,no,325.0,no,no,telephone,4,-1,0,unknown,87.0,no
51,management,married,secondary,no,2687.0,yes,no,unknown,2,-1,1,unknown,147.0,no
67,student,married,tertiary,no,2272.0,yes,no,cellular,3,-1,1,unknown,57.0,no
25,technician,married,tertiary,no,1206.0,yes,no,unknown,3,-1,0,unknown,299.0,yes
55,technician,married,tertiary,no,2761.0,no,no,cellular,3,-1,0,unknown,105.0,no
36,technician,single,tertiary,no,-500.0,no,no,cellular,3,-1,0,unknown,121.0,no
31,self-employed,single,secondary,no,1289.0,yes,yes,cellular,3,180,1,unknown,423.0,no
49,student,married,primary,no,6.0,no,yes,cellular,1,-1,1,unknown,181.0,yes
43,blue-collar,single,primary,no,1208.0,no,no,cellular,6,90,0,success,111.0,no
57,management,divorced,secondary,no,555.0,yes,no,cellular,1,-1,1,unknown,236.0,no
37,blue-collar,married,tertiary,no,1508.0,yes,no,cellular,3,-1,1,unknown,227.0,no
69,admin.,single,secondary,no,1417.0,yes,no,unknown,4,-1,0,unknown,117.0,no
22,technician,divorced,primary,no,1650.0,yes,no,unknown,4,60,1,unknown,173.0,no
71,technician,single,primary,no,1721.0,no,no,cellular,5,30,0,unknown,152.0,no
19,management,married,tertiary,no,2432.0,yes,no,unknown,2,90,0,unknown,264.0,no
63,blue-collar,divorced,secondary,no,-500.0,no,no,cellular,3,180,1,unknown,336.0,yes
39,services,single,secondary,no,2317.0,no,no,cellular,1,-1,1,other,402.0,no
41,management,married,tertiary,no,-500.0,no,no,unknown,2,-1,0,unknown,141.0,no
19,technician,married,tertiary,no,-500.0,no,yes,unknown,1,-1,1,success,106.0,no
61,unemployed,married,secondary,no,4950.0,no,yes,cellular,5,60,1,unknown,337.0,no
28,blue-collar,married,secondary,no,-290.0,yes,no,cellular,2,-1,0,unknown,287.0,no
58,blue-collar,married,secondary,no,594.0,yes,no,unknown,4,60,1,unknown,145.0,no
62,blue-collar,married,secondary,no,-500.0,no,yes,telephone,4,180,1,unknown,732.0,yes
70,admin.,single,tertiary,no,582.0,no,no,cellular,2,-1,0,success,251.0,no
61,entrepreneur,single,tertiary,no,1772.0,no,no,cellular,2,-1,0,unknown,392.0,yes
36,admin.,married,secondary,no,1837.0,yes,yes,telephone,1,-1,0,unknown,12.0,no
63,admin.,married,tertiary,no,-500.0,yes,no,cellular,2,-1,0,unknown,127.0,no
69,blue-collar,married,tertiary,no,601.0,yes,no,cellular,3,-1,0,success,270.0,no
37,blue-collar,married,primary,no,2064.0,no,no,telephone,1,120,0,other,328.0,no
25,services,single,primary,no,1829.0,yes,no,cellular,5,60,0,unknown,62.0,no
73,admin.,married,tertiary,no,1631.0,yes,yes,cellular,2,180,0,unknown,318.0,no
27,technician,divorced,secondary,no,2769.0,yes,no,cellular,5,180,2,unknown,145.0,no
54,blue-collar,married,tertiary,no,1204.0,yes,no,unknown,6,30,0,unknown,194.0,no
32,admin.,married,secondary,no,3906.0,yes,no,cellular,4,-1,0,unknown,517.0,no
25,admin.,single,secondary,yes,872.0,no,no,cellular,4,-1,0,other,168.0,no
66,services,married,secondary,no,2650.0,no,yes,telephone,4,-1,0,unknown,43.0,no
26,blue-collar,married,tertiary,no,2714.0,yes,yes,cellular,7,120,0,unknown,119.0,no
59,management,married,secondary,no,-500.0,no,no,telephone,5,-1,0,failure,145.0,no
60,admin.,single,primary,no,2194.0,yes,no,cellular,4,-1,1,unknown,38.0,no
21,unemployed,married,secondary,yes,248.0,yes,no,cellular,5,-1,0,failure,345.0,no
28,blue-collar,single,primary,no,-416.0,yes,no,cellular,2,60,0,unknown,307.0,no
67,housemaid,single,secondary,no,636.0,no,no,unknown,3,60,1,unknown,80.0,no
49,technician,single,tertiary,no,1691.0,yes,no,cellular,3,-1,1,unknown,123.0,no
25,blue-collar,single,tertiary,no,-500.0,no,yes,cellular,5,-1,1,unknown,43.0,no
79,blue-collar,single,secondary,no,1448.0,no,no,telephone,6,-1,0,unknown,277.0,no
34,technician,single,secondary,yes,1008.0,no,no,unknown,1,365,1,unknown,160.0,no
18,blue-collar,married,tertiary,no,3269.0,no,no,cellular,6,60,0,unknown,282.0,no
75,admin.,single,tertiary,no,260.0,no,no,cellular,6,-1,0,unknown,20.0,no
19,management,single,tertiary,no,3542.0,yes,no,cellular,4,-1,0,failure,322.0,yes
52,admin.,married,secondary,no,2096.0,yes,no,cellular,3,180,0,unknown,211.0,no
79,technician,single,primary,no,1340.0,yes,yes,cellular,4,-1,0,success,512.0,no
53,services,married,secondary,no,3693.0,no,yes,cellular,4,-1,2,success,61.0,no
54,retired,married,secondary,no,4861.0,yes,no,telephone,3,120,2,unknown,188.0,no
42,blue-collar,married,primary,no,1021.0,yes,no,cellular,3,30,0,unknown,257.0,no
25,services,married,tertiary,no,68.0,no,no,unknown,5,-1,1,unknown,517.0,no
53,services,married,secondary,no,2172.0,yes,no,telephone,2,-1,1,unknown,693.0,no
73,admin.,married,secondary,no,-500.0,yes,no,cellular,4,60,1,unknown,23.0,no
23,technician,married,tertiary,yes,-500.0,yes,yes,cellular,4,30,0,unknown,78.0,no
72,retired,married,tertiary,no,3752.0,no,no,cellular,4,-1,0,unknown,193.0,no
43,technician,married,secondary,no,2429.0,yes,no,cellular,1,-1,0,unknown,254.0,no
51,blue-collar,married,secondary,no,-145.0,yes,no,unknown,5,-1,0,failure,156.0,no
28,blue-collar,divorced,tertiary,no,7043.0,yes,no,unknown,4,120,0,unknown,31.0,no
56,services,single,tertiary,no,-500.0,yes,no,unknown,3,-1,1,other,396.0,yes
29,technician,married,secondary,no,2516.0,yes,yes,cellular,4,120,0,unknown,188.0,no
34,entrepreneur,married,secondary,no,-34.0,no,yes,unknown,2,-1,0,unknown,132.0,yes
62,admin.,married,secondary,no,4606.0,yes,no,cellular,2,-1,0,unknown,53.0,no
21,technician,married,tertiary,no,444.0,yes,no,unknown,3,-1,4,success,280.0,no
45,blue-collar,married,primary,no,888.0,yes,no,unknown,3,-1,1,unknown,150.0,no
54,blue-collar,single,secondary,no,-500.0,no,no,cellular,3,30,1,unknown,119.0,no
26,self-employed,single,tertiary,no,5149.0,yes,no,telephone,3,-1,0,unknown,281.0,no
36,admin.,married,tertiary,no,288.0,no,no,cellular,5,-1,1,unknown,59.0,no
39,admin.,single,primary,no,2264.0,yes,no,telephone,3,-1,0,unknown,149.0,no
59,admin.,married,tertiary,no,1409.0,yes,no,unknown,1,60,1,unknown,188.0,yes
78,technician,single,secondary,no,407.0,no,no,cellular,4,-1,1,success,156.0,yes
69,blue-collar,divorced,secondary,no,-500.0,no,yes,cellular,4,90,0,unknown,289.0,no
29,services,married,secondary,no,989.0,no,no,cellular,3,180,0,unknown,104.0,yes
19,unemployed,single,secondary,no,911.0,no,yes,telephone,9,365,2,success,143.0,no
21,services,single,tertiary,no,1974.0,no,no,cellular,6,-1,0,unknown,64.0,no
54,retired,married,secondary,no,5262.0,yes,no,unknown,2,-1,1,failure,193.0,no
27,retired,married,tertiary,no,2560.0,no,no,cellular,2,-1,0,unknown,211.0,no
32,entrepreneur,single,secondary,no,2948.0,yes,no,cellular,3,90,1,unknown,119.0,no
70,self-employed,married,tertiary,no,851.0,no,no,unknown,2,-1,1,unknown,116.0,no
72,technician,married,tertiary,no,-500.0,yes,no,telephone,3,-1,0,unknown,389.0,no
70,technician,single,tertiary,no,897.0,yes,no,cellular,3,-1,0,other,470.0,no
33,housemaid,married,tertiary,no,78.0,no,no,telephone,5,-1,2,unknown,129.0,no
56,blue-collar,married,secondary,no,1310.0,yes,yes,unknown,2,180,0,unknown,153.0,no
55,technician,divorced,secondary,no,510.0,yes,yes,unknown,6,-1,0,other,150.0,no
29,blue-collar,married,secondary,no,-500.0,no,no,cellular,4,-1,1,unknown,85.0,no
52,technician,married,secondary,no,3681.0,no,no,cellular,4,-1,1,unknown,52.0,no
50,blue-collar,single,secondary,no,1147.0,yes,no,cellular,4,-1,0,unknown,43.0,no
42,services,married,secondary,no,806.0,no,no,cellular,4,-1,0,unknown,212.0,no
64,technician,single,primary,no,-500.0,no,no,cellular,1,-1,1,unknown,48.0,no
60,management,single,tertiary,no,544.0,no,no,cellular,8,-1,0,failure,199.0,no
51,blue-collar,married,primary,no,-154.0,yes,no,cellular,4,30,0,failure,8.0,no
62,technician,married,secondary,no,-500.0,yes,no,unknown,4,-1,1,unknown,255.0,no
65,blue-collar,divorced,secondary,no,1693.0,no,yes,cellular,2,-1,1,unknown,378.0,no
53,blue-collar,divorced,secondary,no,556.0,yes,no,cellular,4,-1,0,failure,42.0,no
34,management,married,tertiary,no,2747.0,no,no,cellular,5,-1,0,failure,89.0,no
65,management,married,secondary,no,751.0,yes,no,cellular,3,-1,0,success,212.0,no
62,services,married,tertiary,no,1607.0,yes,no,unknown,5,-1,1,unknown,322.0,no
78,blue-collar,divorced,secondary,no,1555.0,no,no,cellular,3,-1,1,other,403.0,no
27,management,single,primary,no,2093.0,no,yes,unknown,3,-1,0,unknown,328.0,no
43,technician,married,tertiary,no,-114.0,yes,no,telephone,1,30,3,failure,355.0,no
75,admin.,divorced,primary,no,3018.0,yes,no,unknown,5,-1,1,unknown,141.0,no
49,management,married,tertiary,no,-500.0,yes,no,cellular,5,120,0,success,77.0,no
76,services,married,tertiary,no,1476.0,no,no,unknown,3,-1,1,unknown,256.0,no
18,technician,single,secondary,no,-500.0,no,no,unknown,3,-1,0,other,65.0,no
20,self-employed,married,tertiary,no,1183.0,no,no,unknown,6,120,0,success,112.0,no
67,technician,single,secondary,no,3004.0,yes,no,telephone,4,-1,1,other,108.0,no
40,blue-collar,married,secondary,no,2400.0,yes,no,cellular,3,90,0,unknown,401.0,no
50,blue-collar,single,secondary,no,3305.0,no,no,cellular,3,-1,1,unknown,159.0,no
44,technician,divorced,secondary,no,854.0,yes,no,cellular,3,-1,2,unknown,112.0,no
43,technician,married,tertiary,no,3036.0,yes,yes,cellular,4,-1,0,unknown,111.0,no
76,retired,married,secondary,no,154.0,yes,no,unknown,3,90,0,unknown,405.0,no
23,management,single,tertiary,no,575.0,yes,no,unknown,4,-1,0,unknown,330.0,no
65,management,married,secondary,no,1634.0,yes,no,cellular,3,-1,0,unknown,103.0,no
73,admin.,single,secondary,no,2930.0,yes,yes,cellular,5,-1,0,unknown,176.0,no
58,technician,married,secondary,no,415.0,no,no,cellular,5,-1,1,failure,332.0,no
42,technician,married,tertiary,no,2651.0,yes,yes,cellular,6,60,3,unknown,236.0,no
27,management,single,tertiary,no,1816.0,yes,no,unknown,4,-1,0,unknown,284.0,no
60,blue-collar,married,tertiary,no,2006.0,yes,no,unknown,2,-1,0,unknown,288.0,no
47,blue-collar,married,primary,no,-138.0,yes,no,cellular,7,180,0,unknown,35.0,no
27,blue-collar,married,secondary,no,708.0,no,yes,unknown,4,30,1,failure,53.0,no
40,services,single,secondary,no,1231.0,yes,no,cellular,6,30,0,unknown,125.0,no
77,retired,divorced,tertiary,no,2007.0,no,no,unknown,5,-1,0,unknown,83.0,no
34,blue-collar,married,primary,no,-53.0,yes,no,cellular,4,-1,2,unknown,88.0,no
29,self-employed,married,secondary,no,-500.0,yes,yes,cellular,2,-1,0,other,194.0,no
60,unemployed,married,tertiary,yes,-500.0,yes,no,cellular,3,-1,1,unknown,623.0,no
30,blue-collar,single,secondary,no,2742.0,no,no,cellular,4,-1,0,unknown,121.0,no
75,management,married,tertiary,no,3099.0,no,no,cellular,4,-1,1,unknown,181.0,no
71,management,married,tertiary,no,-500.0,yes,no,cellular,3,-1,0,other,117.0,no
78,blue-collar,married,secondary,no,1536.0,no,no,cellular,3,-1,0,unknown,258.0,no
74,retired,married,secondary,no,721.0,yes,no,cellular,3,-1,2,unknown,56.0,no
33,self-employed,single,tertiary,no,3591.0,no,no,cellular,4,-1,1,success,65.0,no
31,blue-collar,married,tertiary,no,1022.0,yes,no,cellular,4,180,1,success,166.0,no
39,blue-collar,married,secondary,no,2382.0,no,no,cellular,2,-1,0,unknown,298.0,no
47,technician,married,tertiary,no,635.0,yes,no,cellular,3,-1,2,unknown,45.0,no
72,blue-collar,married,secondary,no,163.0,no,no,cellular,2,30,0,unknown,26.0,no
63,self-employed,married,tertiary,no,2781.0,yes,no,telephone,4,30,1,unknown,206.0,no
57,self-employed,married,secondary,no,3341.0,yes,no,cellular,1,120,1,unknown,262.0,yes
72,technician,married,secondary,no,-500.0,yes,no,cellular,3,60,0,unknown,65.0,no
58,services,married,tertiary,no,3456.0,no,yes,cellular,4,-1,0,unknown,139.0,no
41,technician,married,primary,no,-355.0,yes,no,cellular,4,-1,1,unknown,364.0,no
43,self-employed,single,tertiary,no,-500.0,no,yes,cellular,2,60,2,unknown,151.0,no
50,management,married,tertiary,no,1419.0,no,no,unknown,3,-1,0,unknown,337.0,no
23,entrepreneur,married,tertiary,no,2313.0,yes,no,cellular,3,-1,1,unknown,254.0,no
63,entrepreneur,single,primary,no,-500.0,yes,no,cellular,4,-1,1,unknown,391.0,no
58,housemaid,married,secondary,no,-500.0,yes,no,cellular,6,365,1,success,374.0,no
63,blue-collar,married,secondary,no,509.0,no,no,cellular,3,90,0,unknown,114.0,no
51,housemaid,single,secondary,no,269.0,yes,no,cellular,5,-1,1,unknown,293.0,no
66,entrepreneur,married,secondary,no,3865.0,no,no,cellular,2,-1,1,other,262.0,no
76,admin.,divorced,secondary,no,1422.0,yes,no,cellular,3,-1,1,unknown,92.0,no
53,blue-collar,married,secondary,no,2722.0,yes,no,cellular,5,180,1,unknown,610.0,no
45,student,single,tertiary,no,1777.0,yes,yes,cellular,3,-1,1,success,133.0,no
24,retired,single,secondary,no,4224.0,no,yes,cellular,3,-1,0,unknown,168.0,no
66,technician,married,secondary,no,-205.0,yes,no,cellular,4,120,0,unknown,358.0,no
74,retired,married,tertiary,no,1242.0,yes,no,cellular,3,-1,1,unknown,231.0,no
61,technician,single,secondary,no,-500.0,yes,yes,cellular,4,-1,0,unknown,98.0,no
71,technician,married,tertiary,no,2861.0,yes,no,unknown,7,-1,0,unknown,218.0,no
71,admin.,married,tertiary,no,3405.0,no,no,cellular,2,-1,0,unknown,76.0,no
67,technician,divorced,tertiary,no,2971.0,yes,no,cellular,2,-1,0,unknown,217.0,no
49,admin.,single,secondary,no,1176.0,yes,no,cellular,2,30,1,unknown,111.0,no
24,self-employed,divorced,tertiary,no,-500.0,yes,yes,cellular,4,-1,0,unknown,106.0,no
18,technician,single,tertiary,no,1244.0,yes,no,unknown,4,-1,0,unknown,124.0,no
30,blue-collar,single,primary,yes,180.0,no,no,cellular,3,365,0,unknown,16.0,no
44,self-employed,single,secondary,no,3061.0,no,no,cellular,2,30,0,unknown,227.0,no
64,blue-collar,single,tertiary,no,632.0,no,no,cellular,4,-1,2,success,35.0,no
46,admin.,divorced,primary,no,593.0,no,no,cellular,2,-1,1,unknown,90.0,no
19,admin.,single,secondary,no,5313.0,yes,no,unknown,5,120,1,unknown,56.0,no
31,admin.,married,secondary,no,2839.0,yes,no,cellular,4,60,1,unknown,60.0,no
78,admin.,married,secondary,no,3337.0,no,no,cellular,3,-1,1,success,116.0,no
79,self-employed,married,secondary,no,478.0,no,no,telephone,2,90,1,other,379.0,no
41,retired,divorced,tertiary,no,-500.0,no,no,cellular,5,30,1,other,35.0,no
67,management,single,primary,no,3320.0,yes,no,unknown,1,-1,0,failure,155.0,no
62,services,married,primary,no,4086.0,no,no,cellular,5,-1,0,unknown,24.0,no
75,admin.,married,tertiary,no,-500.0,yes,no,unknown,4,60,2,success,50.0,no
73,blue-collar,married,tertiary,no,469.0,no,no,cellular,3,-1,0,unknown,457.0,no
56,student,married,secondary,no,-246.0,yes,no,cellular,2,-1,2,unknown,47.0,no
42,technician,single,secondary,no,2267.0,yes,no,telephone,3,-1,1,unknown,83.0,no
56,management,single,primary,no,3355.0,yes,no,cellular,4,-1,0,unknown,245.0,no
37,admin.,married,tertiary,no,737.0,yes,no,cellular,2,-1,1,unknown,312.0,no
39,technician,married,secondary,no,732.0,yes,no,telephone,5,-1,0,unknown,94.0,no
55,technician,married,tertiary,no,-500.0,no,no,cellular,3,-1,3,unknown,235.0,no
53,housemaid,married,tertiary,no,-318.0,yes,no,cellular,1,-1,0,other,74.0,no
54,blue-collar,single,primary,no,4113.0,no,no,cellular,2,-1,1,unknown,265.0,no
41,admin.,divorced,secondary,no,2287.0,yes,no,cellular,5,-1,0,unknown,85.0,no
43,self-employed,single,tertiary,no,3067.0,yes,no,cellular,1,-1,1,unknown,261.0,no
18,technician,married,tertiary,no,743.0,yes,no,cellular,4,-1,1,failure,299.0,no
55,services,married,secondary,no,908.0,yes,no,cellular,4,-1,0,unknown,678.0,no
53,blue-collar,divorced,secondary,no,1434.0,no,no,cellular,3,-1,1,success,191.0,no
75,services,divorced,tertiary,no,1984.0,no,no,cellular,6,30,0,unknown,264.0,no
49,technician,married,secondary,no,3877.0,no,no,unknown,4,-1,0,unknown,165.0,no
46,management,single,secondary,no,189.0,no,no,cellular,3,-1,0,unknown,74.0,no
22,technician,married,secondary,no,1151.0,yes,no,telephone,5,-1,1,unknown,46.0,no
30,entrepreneur,married,tertiary,no,-28.0,no,yes,unknown,3,-1,0,unknown,227.0,no
38,blue-collar,divorced,secondary,no,-500.0,no,no,telephone,6,-1,1,failure,154.0,no
41,retired,divorced,secondary,no,3056.0,no,no,cellular,3,-1,0,failure,706.0,no
40,management,divorced,secondary,no,4545.0,no,no,telephone,4,-1,0,unknown,175.0,no
42,unemployed,married,secondary,no,2778.0,no,no,unknown,2,60,2,other,92.0,no
65,management,married,secondary,no,1815.0,yes,no,cellular,3,-1,0,failure,127.0,no
26,entrepreneur,divorced,secondary,no,4736.0,no,no,unknown,3,-1,1,unknown,177.0,no
38,entrepreneur,single,secondary,yes,2226.0,yes,no,telephone,2,-1,1,unknown,365.0,no
28,retired,married,secondary,no,2845.0,no,no,telephone,3,-1,0,unknown,868.0,yes
37,blue-collar,married,secondary,no,1654.0,no,no,cellular,6,-1,0,unknown,245.0,no
60,services,married,primary,no,1929.0,no,no,cellular,1,-1,2,unknown,292.0,no
20,entrepreneur,single,secondary,no,1161.0,no,no,cellular,2,-1,0,success,185.0,yes
39,entrepreneur,single,secondary,no,2899.0,yes,no,unknown,4,-1,0,unknown,257.0,no
19,self-employed,married,secondary,no,-500.0,yes,yes,unknown,3,-1,1,unknown,192.0,no
77,admin.,married,tertiary,no,2155.0,no,no,cellular,3,-1,0,unknown,453.0,no
63,services,married,secondary,no,-135.0,yes,no,cellular,4,60,1,unknown,310.0,no
33,management,married,tertiary,no,2318.0,yes,no,telephone,8,-1,0,unknown,306.0,no
30,management,married,primary,no,5709.0,yes,no,cellular,3,180,0,unknown,322.0,no
24,services,married,secondary,no,2660.0,no,no,cellular,3,-1,0,unknown,205.0,no
47,student,single,primary,no,3513.0,no,no,cellular,2,90,1,failure,309.0,yes
64,technician,married,secondary,no,3024.0,no,yes,cellular,3,-1,1,failure,176.0,no
54,entrepreneur,single,secondary,no,-500.0,no,no,cellular,4,30,0,failure,82.0,no
72,blue-collar,married,tertiary,no,1163.0,yes,yes,cellular,4,-1,0,unknown,198.0,no
39,services,married,secondary,no,2206.0,no,no,cellular,2,-1,0,unknown,63.0,no
35,retired,married,secondary,no,-500.0,no,no,cellular,5,-1,0,unknown,131.0,no
47,self-employed,single,secondary,no,889.0,yes,no,telephone,5,-1,3,unknown,90.0,no
30,retired,married,tertiary,yes,1257.0,yes,no,unknown,1,-1,1,other,99.0,no
78,student,married,secondary,no,-500.0,yes,no,unknown,4,-1,0,failure,345.0,no
29,blue-collar,married,primary,no,-345.0,no,no,cellular,3,-1,0,unknown,10.0,no
47,retired,married,primary,no,3807.0,no,no,telephone,4,-1,2,success,230.0,yes
50,blue-collar,married,tertiary,yes,-500.0,no,no,unknown,3,90,0,unknown,158.0,yes
21,housemaid,married,tertiary,no,1889.0,yes,no,cellular,2,-1,0,unknown,154.0,no
47,services,married,secondary,no,3494.0,no,no,cellular,3,90,0,unknown,145.0,no
46,management,married,primary,no,1351.0,yes,no,cellular,4,-1,2,unknown,45.0,no
34,entrepreneur,single,tertiary,no,3936.0,yes,no,cellular,2,30,0,unknown,141.0,no
25,technician,married,secondary,no,631.0,yes,yes,unknown,4,-1,0,unknown,182.0,no
20,student,divorced,primary,no,-229.0,yes,no,telephone,3,-1,1,other,133.0,no
18,retired,single,secondary,no,1383.0,yes,yes,cellular,4,-1,0,unknown,93.0,no
47,technician,married,secondary,no,713.0,yes,no,cellular,6,-1,0,unknown,201.0,no
23,housemaid,single,secondary,no,371.0,no,no,unknown,3,60,1,unknown,204.0,no
77,technician,married,secondary,yes,1075.0,no,no,unknown,6,-1,0,unknown,478.0,no
33,blue-collar,divorced,tertiary,no,-26.0,yes,no,cellular,3,-1,0,unknown,133.0,no
58,blue-collar,divorced,secondary,no,-108.0,no,no,cellular,2,60,1,success,122.0,no
59,blue-collar,single,primary,no,-500.0,yes,no,cellular,4,-1,0,unknown,141.0,no
48,admin.,married,primary,no,2150.0,no,no,unknown,5,30,0,unknown,133.0,no
72,management,divorced,tertiary,no,-398.0,no,no,cellular,4,-1,0,failure,177.0,no
24,blue-collar,single,secondary,no,-500.0,no,no,cellular,7,180,1,unknown,249.0,no
32,services,single,secondary,no,-500.0,yes,no,cellular,5,30,0,unknown,155.0,no
33,blue-collar,married,primary,no,1770.0,yes,no,cellular,3,-1,0,unknown,236.0,no
26,blue-collar,divorced,secondary,no,2605.0,yes,no,cellular,4,-1,1,unknown,198.0,no
36,technician,single,secondary,no,2752.0,yes,yes,cellular,3,-1,0,unknown,32.0,no
37,services,married,secondary,no,1786.0,yes,no,telephone,3,-1,1,unknown,219.0,no
65,technician,divorced,secondary,no,2364.0,no,no,cellular,3,-1,0,unknown,187.0,no
36,management,single,secondary,no,1301.0,yes,no,unknown,2,-1,0,unknown,467.0,no
72,admin.,divorced,tertiary,no,2220.0,no,no,unknown,2,60,0,unknown,112.0,no
65,retired,married,secondary,no,2192.0,yes,no,cellular,1,-1,0,unknown,159.0,no
73,retired,married,secondary,no,87.0,yes,no,cellular,2,-1,0,unknown,65.0,no
24,admin.,single,tertiary,no,-500.0,yes,no,cellular,6,-1,0,unknown,39.0,no
79,technician,married,tertiary,no,3834.0,yes,no,cellular,2,-1,1,unknown,125.0,no
56,self-employed,single,primary,yes,1626.0,yes,yes,telephone,3,-1,0,success,187.0,no
78,services,single,secondary,no,3293.0,no,yes,unknown,2,-1,1,unknown,145.0,no
40,management,married,secondary,no,-500.0,no,no,cellular,5,-1,0,unknown,154.0,no
77,self-employed,single,secondary,no,670.0,yes,no,unknown,3,30,1,unknown,173.0,no
54,blue-collar,married,primary,no,-500.0,yes,no,unknown,1,-1,0,unknown,182.0,no
22,technician,single,primary,no,2563.0,yes,no,cellular,4,-1,0,success,108.0,no
43,entrepreneur,single,secondary,no,294.0,no,no,cellular,5,-1,1,unknown,97.0,no
26,blue-collar,married,primary,no,402.0,yes,no,unknown,2,180,1,unknown,275.0,no
76,admin.,married,secondary,no,4920.0,no,yes,cellular,2,180,1,unknown,328.0,no
36,services,married,tertiary,no,2599.0,yes,no,unknown,3,-1,1,unknown,83.0,no
31,unemployed,married,secondary,no,2577.0,yes,no,cellular,3,-1,2,unknown,82.0,no
52,technician,single,secondary,no,-500.0,no,no,cellular,3,-1,0,unknown,129.0,no
44,services,married,secondary,no,-500.0,yes,no,cellular,1,30,1,success,300.0,no
24,unemployed,married,secondary,no,3147.0,yes,no,cellular,3,-1,1,other,156.0,no
68,services,married,tertiary,no,-500.0,no,no,cellular,5,-1,1,unknown,235.0,no
70,blue-collar,single,tertiary,no,497.0,no,yes,cellular,4,60,0,unknown,30.0,no
64,self-employed,single,secondary,no,-61.0,no,no,cellular,4,-1,0,unknown,146.0,no
56,admin.,married,secondary,no,-265.0,yes,no,cellular,1,-1,1,unknown,401.0,no
42,blue-collar,married,secondary,no,606.0,no,yes,cellular,4,-1,1,unknown,299.0,yes
51,housemaid,married,tertiary,no,-500.0,yes,yes,cellular,4,-1,0,unknown,250.0,no
50,blue-collar,married,secondary,no,-500.0,yes,no,unknown,2,180,0,unknown,69.0,no
28,technician,married,secondary,no,1859.0,no,no,unknown,3,-1,0,unknown,39.0,no
23,unemployed,single,secondary,no,3319.0,no,no,cellular,1,-1,0,unknown,75.0,no
33,entrepreneur,married,primary,no,-500.0,no,no,cellular,4,-1,1,unknown,291.0,no
46,services,married,secondary,no,1752.0,yes,yes,cellular,6,-1,1,failure,623.0,no
27,housemaid,single,tertiary,no,2375.0,yes,no,cellular,4,-1,1,unknown,54.0,no
24,blue-collar,single,primary,no,2204.0,yes,yes,cellular,2,120,0,success,229.0,no
70,blue-collar,married,secondary,no,1002.0,no,no,unknown,2,-1,1,unknown,333.0,yes
41,blue-collar,married,secondary,no,325.0,yes,no,telephone,5,365,1,other,169.0,no
54,blue-collar,single,secondary,no,2765.0,yes,no,unknown,4,-1,0,unknown,277.0,no
50,blue-collar,married,tertiary,no,2004.0,yes,yes,cellular,5,-1,1,other,237.0,yes
63,admin.,single,tertiary,no,-500.0,yes,no,unknown,2,-1,4,unknown,131.0,no
63,blue-collar,single,tertiary,no,1002.0,yes,yes,unknown,2,-1,0,unknown,230.0,no
36,technician,divorced,tertiary,no,1500.0,no,no,cellular,4,-1,1,unknown,36.0,no
70,admin.,married,secondary,no,-500.0,yes,yes,cellular,6,-1,0,unknown,172.0,no
41,blue-collar,married,secondary,no,962.0,yes,no,telephone,2,-1,0,unknown,122.0,no
69,retired,single,secondary,no,2285.0,no,no,cellular,3,30,1,other,118.0,no
43,blue-collar,married,tertiary,no,-89.0,yes,no,cellular,2,-1,0,success,25.0,no
24,retired,married,tertiary,no,1819.0,yes,no,unknown,3,-1,2,success,102.0,no
65,admin.,married,secondary,no,-381.0,no,no,cellular,4,-1,1,unknown,44.0,no
19,services,married,secondary,no,-500.0,yes,no,cellular,4,-1,0,unknown,63.0,no
65,retired,single,secondary,no,2508.0,no,no,cellular,1,60,2,unknown,307.0,no
20,services,divorced,primary,no,3513.0,yes,no,cellular,4,-1,0,unknown,529.0,no
30,retired,single,secondary,no,-500.0,yes,no,telephone,6,-1,0,unknown,88.0,no
55,management,married,secondary,no,3115.0,yes,no,unknown,3,-1,0,unknown,69.0,no
76,blue-collar,divorced,secondary,no,1377.0,no,no,telephone,1,60,0,other,176.0,no
43,blue-collar,single,secondary,no,-500.0,yes,no,unknown,4,-1,0,unknown,104.0,no
25,management,married,tertiary,no,-500.0,no,no,cellular,6,-1,0,unknown,284.0,no
32,admin.,single,tertiary,no,2495.0,no,no,cellular,7,180,0,unknown,10.0,no
73,blue-collar,married,secondary,no,-500.0,yes,no,unknown,5,-1,2,unknown,341.0,no
63,services,married,secondary,no,287.0,yes,no,cellular,7,-1,0,unknown,165.0,no
24,admin.,single,primary,no,1254.0,yes,no,cellular,4,-1,2,other,422.0,yes
41,admin.,married,primary,no,2206.0,yes,no,cellular,4,-1,1,unknown,621.0,no
34,services,married,secondary,yes,1732.0,no,no,cellular,4,-1,1,unknown,159.0,no
29,entrepreneur,single,tertiary,no,4223.0,no,no,cellular,6,-1,1,unknown,215.0,yes
70,technician,married,tertiary,no,-68.0,yes,no,cellular,3,-1,0,unknown,74.0,no
56,technician,married,secondary,no,1577.0,yes,no,unknown,2,-1,2,unknown,85.0,no
29,technician,married,tertiary,yes,2215.0,no,no,cellular,4,-1,1,unknown,203.0,no
58,management,single,secondary,no,2682.0,yes,yes,cellular,2,-1,0,unknown,5.0,no
43,blue-collar,divorced,tertiary,no,3292.0,yes,yes,unknown,5,-1,0,success,112.0,yes
21,self-employed,married,secondary,no,619.0,yes,no,cellular,3,-1,2,unknown,125.0,no
45,self-employed,single,tertiary,no,2573.0,no,no,cellular,4,-1,0,unknown,130.0,no
29,self-employed,married,secondary,no,-267.0,no,no,cellular,4,120,3,unknown,162.0,no
33,blue-collar,married,primary,no,1260.0,yes,no,cellular,3,-1,0,failure,315.0,no
72,admin.,married,secondary,no,2302.0,no,no,cellular,3,60,0,unknown,209.0,no
62,blue-collar,married,tertiary,no,3156.0,no,no,cellular,3,-1,0,unknown,170.0,no
26,blue-collar,married,tertiary,no,2426.0,yes,yes,cellular,4,-1,0,unknown,261.0,no
70,blue-collar,single,secondary,no,1563.0,no,yes,cellular,3,-1,0,unknown,232.0,no
53,technician,single,tertiary,no,1257.0,no,no,cellular,4,-1,0,unknown,317.0,no
72,admin.,divorced,primary,no,2388.0,no,no,cellular,1,90,1,other,247.0,no
64,self-employed,divorced,tertiary,no,5341.0,no,yes,cellular,2,-1,0,unknown,82.0,yes
39,technician,married,tertiary,no,2938.0,yes,no,cellular,3,-1,0,other,76.0,no
51,blue-collar,married,secondary,no,2087.0,yes,no,telephone,1,-1,1,unknown,164.0,no
50,retired,married,secondary,no,-500.0,no,no,telephone,5,90,0,unknown,284.0,no
62,services,married,primary,no,-120.0,no,no,cellular,4,-1,0,unknown,116.0,no
33,blue-collar,single,secondary,no,817.0,no,no,cellular,2,-1,0,unknown,172.0,yes
38,management,married,primary,no,3038.0,yes,no,cellular,3,-1,1,unknown,145.0,no
33,technician,married,tertiary,no,-286.0,no,no,cellular,2,-1,0,unknown,70.0,no
36,services,married,tertiary,no,2556.0,no,yes,cellular,2,180,0,unknown,482.0,no
27,technician,divorced,primary,no,1615.0,yes,no,cellular,4,180,0,unknown,100.0,no
20,unemployed,married,tertiary,no,2039.0,yes,no,unknown,3,-1,1,other,112.0,no
76,entrepreneur,single,tertiary,no,1011.0,no,no,cellular,2,60,1,unknown,239.0,no
22,services,married,secondary,no,326.0,no,no,cellular,2,-1,0,unknown,21.0,no
73,self-employed,married,tertiary,no,-353.0,yes,yes,cellular,2,-1,0,unknown,130.0,no
18,services,married,tertiary,no,2501.0,yes,no,cellular,1,-1,1,unknown,224.0,no
66,services,single,secondary,no,1262.0,no,no,unknown,3,-1,1,unknown,281.0,no
38,student,single,tertiary,no,-500.0,yes,yes,cellular,3,120,0,success,203.0,no
50,technician,married,secondary,no,1802.0,yes,yes,unknown,6,365,1,unknown,50.0,no
35,blue-collar,married,primary,no,7562.0,yes,yes,unknown,3,365,1,success,41.0,no
48,services,married,secondary,no,1037.0,yes,no,cellular,5,90,0,unknown,88.0,no
45,blue-collar,married,tertiary,no,4377.0,yes,no,cellular,4,-1,0,unknown,269.0,yes
50,self-employed,married,tertiary,no,-500.0,no,no,cellular,2,-1,1,unknown,218.0,no
42,student,married,secondary,no,913.0,no,no,cellular,3,-1,0,unknown,232.0,no
51,technician,single,secondary,no,3119.0,no,no,cellular,4,-1,1,failure,119.0,no
69,housemaid,single,secondary,no,1428.0,yes,no,cellular,5,180,0,other,106.0,no
44,management,single,tertiary,no,243.0,no,yes,cellular,3,120,0,unknown,76.0,no
40,blue-collar,single,primary,no,1352.0,no,no,cellular,2,30,0,unknown,407.0,no
26,blue-collar,divorced,secondary,no,3173.0,no,yes,cellular,7,90,0,unknown,332.0,no
40,blue-collar,divorced,secondary,no,5258.0,no,no,cellular,2,180,0,unknown,67.0,no
25,technician,married,primary,no,3318.0,yes,no,cellular,5,60,1,unknown,49.0,no
29,blue-collar,married,tertiary,no,491.0,yes,no,unknown,2,180,0,unknown,89.0,no
77,technician,married,tertiary,no,981.0,no,no,cellular,4,180,1,unknown,161.0,no
23,blue-collar,divorced,secondary,no,994.0,no,no,telephone,3,-1,1,unknown,185.0,no
47,services,married,tertiary,no,-161.0,yes,no,cellular,2,-1,0,unknown,322.0,no
69,retired,married,tertiary,no,1121.0,yes,no,cellular,4,-1,1,unknown,103.0,no
77,services,married,primary,no,907.0,no,no,cellular,3,180,1,failure,111.0,no
27,services,single,primary,no,-500.0,no,no,cellular,2,-1,1,unknown,100.0,no
28,services,married,tertiary,no,2909.0,yes,no,cellular,3,-1,0,unknown,47.0,no
41,technician,single,secondary,no,2158.0,no,yes,telephone,4,-1,1,unknown,61.0,no
52,retired,married,secondary,no,246.0,yes,no,cellular,4,-1,0,unknown,65.0,yes
77,admin.,single,secondary,no,1666.0,yes,yes,unknown,5,90,0,unknown,153.0,no
30,blue-collar,married,tertiary,no,-336.0,yes,no,cellular,3,-1,2,unknown,249.0,no
28,services,single,primary,no,406.0,yes,no,telephone,7,90,1,unknown,318.0,no
33,management,married,secondary,no,2638.0,no,no,cellular,3,-1,0,unknown,550.0,no
72,retired,married,secondary,no,2248.0,yes,no,telephone,4,-1,1,unknown,104.0,no
19,self-employed,divorced,secondary,no,476.0,yes,no,unknown,4,-1,0,unknown,247.0,no
41,entrepreneur,divorced,tertiary,no,1961.0,yes,no,unknown,5,-1,0,unknown,542.0,no
25,student,single,tertiary,no,1266.0,no,no,unknown,2,-1,2,unknown,60.0,no
27,services,divorced,secondary,no,-395.0,yes,no,cellular,7,60,2,unknown,331.0,no
74,services,married,secondary,no,1099.0,yes,no,cellular,5,-1,0,unknown,97.0,no
18,services,married,secondary,no,2178.0,yes,yes,cellular,3,-1,0,unknown,150.0,no
37,technician,married,secondary,no,1951.0,no,no,telephone,5,-1,0,unknown,246.0,no
74,self-employed,single,tertiary,no,-500.0,no,no,cellular,7,60,0,success,232.0,no
55,technician,single,secondary,no,1699.0,yes,no,cellular,1,365,0,failure,278.0,no
22,blue-collar,divorced,tertiary,no,1446.0,no,no,cellular,5,-1,2,success,138.0,no
46,self-employed,single,primary,no,-500.0,yes,no,cellular,2,-1,0,unknown,68.0,no
78,services,single,secondary,no,-54.0,no,no,cellular,2,30,0,failure,65.0,no
42,management,married,secondary,no,2285.0,yes,no,telephone,3,-1,0,success,212.0,no
50,blue-collar,married,tertiary,no,3893.0,no,no,cellular,5,-1,0,unknown,244.0,no
50,retired,married,secondary,no,-500.0,no,yes,cellular,2,180,0,failure,59.0,no
58,blue-collar,single,tertiary,no,3163.0,yes,no,unknown,5,-1,1,failure,530.0,no
29,technician,married,tertiary,no,-500.0,no,yes,cellular,3,-1,0,unknown,314.0,no
70,blue-collar,divorced,secondary,no,3916.0,yes,no,cellular,1,-1,0,unknown,253.0,no
79,blue-collar,single,secondary,no,970.0,no,no,cellular,8,-1,0,unknown,116.0,no
26,retired,married,secondary,no,113.0,yes,no,cellular,2,60,1,unknown,245.0,no
68,entrepreneur,divorced,secondary,no,2038.0,no,no,unknown,4,180,1,unknown,172.0,no
68,admin.,married,secondary,no,-332.0,yes,yes,cellular,4,-1,0,success,242.0,no
63,retired,single,secondary,no,2329.0,yes,no,unknown,2,-1,1,other,135.0,no
40,retired,married,secondary,no,1177.0,yes,no,cellular,4,-1,2,unknown,56.0,no
47,blue-collar,married,secondary,no,-500.0,yes,no,unknown,4,-1,0,success,396.0,no
70,self-employed,married,primary,no,-59.0,no,no,cellular,2,60,0,unknown,118.0,no
27,retired,married,secondary,no,1744.0,yes,no,cellular,3,-1,0,unknown,204.0,no
69,student,single,tertiary,no,3320.0,yes,no,cellular,4,-1,1,unknown,133.0,no
75,blue-collar,divorced,tertiary,no,1997.0,yes,no,unknown,6,-1,1,unknown,74.0,yes
60,blue-collar,divorced,tertiary,no,3291.0,yes,no,cellular,4,-1,2,unknown,522.0,no
39,technician,married,secondary,no,-209.0,yes,no,unknown,4,-1,1,unknown,219.0,no
52,retired,divorced,secondary,no,2710.0,yes,no,cellular,2,180,0,failure,229.0,no
21,admin.,married,secondary,no,2740.0,yes,yes,unknown,5,-1,0,unknown,139.0,no
75,technician,married,tertiary,no,-500.0,yes,no,unknown,3,120,0,other,133.0,no
39,blue-collar,single,secondary,no,3379.0,no,no,cellular,2,-1,0,unknown,269.0,no
21,technician,divorced,secondary,no,1989.0,yes,no,cellular,3,-1,0,unknown,134.0,no
67,services,divorced,secondary,no,893.0,yes,yes,cellular,1,-1,0,unknown,416.0,no
58,technician,single,primary,no,862.0,no,no,unknown,6,-1,0,unknown,83.0,no
56,technician,married,secondary,no,-468.0,yes,yes,cellular,3,30,0,failure,188.0,no
21,blue-collar,married,primary,no,2535.0,no,no,unknown,8,-1,1,failure,489.0,no
64,student,married,secondary,no,1944.0,yes,no,cellular,4,-1,0,unknown,232.0,no
57,blue-collar,married,tertiary,no,2449.0,no,yes,cellular,2,-1,0,unknown,123.0,no
67,self-employed,married,secondary,no,1542.0,yes,no,telephone,5,-1,1,unknown,132.0,no
69,self-employed,married,primary,no,1770.0,no,yes,cellular,5,-1,0,unknown,666.0,no
31,admin.,married,tertiary,no,867.0,no,no,cellular,3,-1,1,unknown,451.0,no
31,admin.,married,tertiary,no,3338.0,yes,yes,cellular,3,30,1,unknown,85.0,no
75,admin.,single,secondary,no,2491.0,no,no,cellular,2,-1,0,unknown,84.0,no
50,blue-collar,married,secondary,no,1711.0,no,no,cellular,7,-1,0,failure,184.0,no
45,blue-collar,married,secondary,no,1158.0,no,no,cellular,4,-1,0,other,411.0,no
35,technician,single,secondary,no,-500.0,no,no,unknown,5,90,2,unknown,182.0,no
57,retired,single,tertiary,no,-500.0,no,no,cellular,3,120,0,other,57.0,no
64,technician,married,secondary,no,737.0,yes,no,cellular,4,-1,0,unknown,397.0,no
18,technician,married,tertiary,no,3684.0,no,no,unknown,5,-1,1,unknown,130.0,no
52,services,divorced,secondary,no,131.0,yes,no,telephone,5,-1,0,other,90.0,no
79,entrepreneur,single,tertiary,no,202.0,yes,no,cellular,5,-1,0,unknown,365.0,no
35,technician,married,primary,no,-350.0,no,no,unknown,4,-1,0,unknown,275.0,no
35,services,married,tertiary,no,-500.0,no,no,cellular,5,60,0,unknown,149.0,no
72,services,married,secondary,no,-245.0,no,no,cellular,3,30,0,other,270.0,no
21,technician,married,secondary,no,1902.0,no,no,cellular,6,180,0,unknown,224.0,no
42,self-employed,married,secondary,no,515.0,no,no,cellular,5,120,0,unknown,17.0,no
46,retired,divorced,secondary,no,433.0,yes,no,telephone,7,-1,0,unknown,280.0,no
67,technician,married,secondary,no,273.0,no,no,telephone,7,365,0,other,171.0,no
25,management,married,primary,no,1827.0,yes,no,cellular,2,-1,0,unknown,204.0,no
44,technician,single,secondary,no,2103.0,no,no,telephone,4,-1,1,unknown,256.0,no
27,admin.,married,secondary,no,-500.0,yes,no,cellular,7,-1,0,unknown,208.0,no
66,admin.,single,secondary,no,32.0,no,no,cellular,3,-1,0,unknown,297.0,no
57,retired,married,tertiary,no,1239.0,no,no,cellular,5,-1,0,unknown,142.0,no
48,admin.,married,secondary,no,2190.0,no,no,cellular,3,-1,2,failure,209.0,no
42,technician,married,primary,no,1630.0,yes,no,cellular,2,-1,0,unknown,98.0,no
27,admin.,divorced,secondary,no,2881.0,yes,no,cellular,2,30,0,unknown,65.0,no
75,services,single,secondary,no,-500.0,no,yes,unknown,4,-1,0,unknown,89.0,no
58,blue-collar,single,tertiary,no,2147.0,no,no,cellular,1,90,0,unknown,102.0,yes
37,technician,married,secondary,no,5092.0,yes,no,unknown,2,90,4,unknown,224.0,no
43,entrepreneur,single,tertiary,no,1486.0,yes,no,cellular,3,-1,0,unknown,238.0,no
63,admin.,married,tertiary,no,1559.0,no,no,cellular,3,30,0,unknown,37.0,no
62,admin.,single,tertiary,no,2335.0,no,yes,cellular,2,120,0,unknown,149.0,no
46,retired,married,secondary,no,418.0,no,no,unknown,5,30,1,success,50.0,no
36,unemployed,single,secondary,no,-304.0,no,no,cellular,3,-1,0,failure,217.0,no
58,unemployed,married,tertiary,no,1504.0,no,yes,cellular,4,30,0,failure,168.0,no
58,blue-collar,married,tertiary,no,-500.0,no,no,unknown,2,-1,2,failure,290.0,no
55,management,single,tertiary,no,2113.0,no,no,cellular,4,-1,0,unknown,271.0,yes
22,admin.,married,tertiary,no,2416.0,yes,no,cellular,4,-1,1,unknown,166.0,no
47,retired,married,tertiary,no,-500.0,no,yes,cellular,5,-1,1,unknown,348.0,yes
56,self-employed,divorced,tertiary,no,1693.0,no,no,cellular,5,-1,0,unknown,107.0,no
76,blue-collar,married,secondary,no,1010.0,yes,no,cellular,5,-1,0,unknown,127.0,no
50,self-employed,married,secondary,no,4060.0,no,no,cellular,2,-1,0,unknown,471.0,no
39,technician,single,secondary,yes,3758.0,no,no,cellular,4,-1,0,unknown,547.0,no
52,admin.,single,tertiary,no,2915.0,no,no,cellular,6,180,0,unknown,258.0,no
28,blue-collar,married,secondary,yes,3579.0,yes,no,cellular,2,365,0,other,492.0,no
23,blue-collar,married,secondary,no,743.0,yes,no,telephone,2,-1,0,unknown,207.0,no
60,blue-collar,married,tertiary,no,1868.0,yes,no,telephone,3,30,2,success,229.0,no
79,blue-collar,married,secondary,no,946.0,no,no,cellular,3,60,0,unknown,268.0,no
70,self-employed,single,primary,no,-395.0,yes,no,telephone,3,-1,0,other,273.0,no
54,admin.,divorced,tertiary,no,1549.0,yes,no,unknown,3,-1,0,unknown,169.0,no
20,services,married,secondary,no,1250.0,no,no,unknown,1,-1,0,unknown,23.0,yes
79,technician,married,secondary,no,1036.0,yes,yes,unknown,4,-1,0,unknown,204.0,no
45,technician,single,secondary,no,1293.0,yes,no,cellular,6,-1,1,success,178.0,no
35,services,married,tertiary,no,1509.0,no,yes,unknown,3,30,0,unknown,227.0,no
73,blue-collar,single,secondary,no,2998.0,no,no,cellular,3,90,0,failure,50.0,no
64,admin.,married,secondary,no,348.0,no,no,cellular,3,-1,0,unknown,162.0,no
64,blue-collar,married,secondary,no,-500.0,yes,no,cellular,2,-1,1,unknown,445.0,no
35,technician,single,tertiary,no,2620.0,yes,no,cellular,3,90,0,success,143.0,no
79,technician,divorced,secondary,no,2942.0,yes,no,telephone,2,30,1,unknown,198.0,no
46,entrepreneur,married,secondary,no,2044.0,yes,no,unknown,1,180,0,success,426.0,yes
50,blue-collar,single,tertiary,no,-500.0,no,no,telephone,2,-1,1,unknown,198.0,no
64,management,married,tertiary,no,1163.0,no,no,telephone,3,60,1,unknown,220.0,no
58,blue-collar,married,secondary,no,1913.0,no,no,cellular,2,-1,0,unknown,23.0,no
28,unemployed,married,secondary,no,-500.0,no,no,telephone,4,-1,0,failure,188.0,no
36,blue-collar,married,tertiary,no,24.0,yes,no,cellular,4,-1,0,unknown,344.0,no
40,entrepreneur,single,secondary,no,1136.0,no,no,cellular,7,90,0,unknown,355.0,no
76,management,married,tertiary,no,3529.0,yes,no,cellular,3,-1,0,unknown,222.0,no
62,blue-collar,married,secondary,no,1805.0,no,no,unknown,4,-1,0,unknown,160.0,no
40,entrepreneur,married,primary,no,369.0,yes,no,cellular,6,30,1,unknown,134.0,no
63,technician,single,primary,no,1037.0,yes,no,unknown,3,90,0,unknown,91.0,no
63,blue-collar,divorced,primary,yes,201.0,no,no,cellular,4,30,0,unknown,278.0,no
42,retired,married,tertiary,no,658.0,yes,no,cellular,1,-1,0,unknown,183.0,no
42,housemaid,married,secondary,no,2700.0,yes,no,telephone,1,-1,0,failure,145.0,no
73,blue-collar,divorced,tertiary,no,-500.0,yes,no,telephone,3,-1,1,unknown,74.0,no
52,admin.,married,tertiary,yes,3767.0,no,yes,unknown,4,30,0,unknown,192.0,no
27,blue-collar,single,secondary,no,5341.0,yes,no,cellular,1,120,1,unknown,144.0,no
62,admin.,married,tertiary,no,1693.0,yes,no,cellular,2,-1,1,success,87.0,no
54,entrepreneur,divorced,tertiary,no,-96.0,no,yes,cellular,4,-1,1,success,204.0,no
49,technician,married,secondary,no,3494.0,yes,no,cellular,5,30,0,unknown,258.0,no
62,services,married,tertiary,no,1900.0,yes,no,cellular,7,-1,0,unknown,306.0,no
74,technician,married,tertiary,no,453.0,no,no,cellular,3,-1,2,success,340.0,no
38,management,married,secondary,no,-349.0,no,yes,cellular,6,-1,0,unknown,386.0,no
43,services,married,primary,no,669.0,no,no,unknown,7,-1,0,unknown,155.0,no
29,services,divorced,secondary,no,1747.0,yes,no,cellular,1,-1,0,unknown,396.0,no
58,blue-collar,married,tertiary,no,3012.0,yes,no,cellular,2,180,1,unknown,23.0,no
42,blue-collar,married,tertiary,no,1912.0,yes,no,cellular,2,-1,0,other,121.0,no
39,retired,married,tertiary,no,2217.0,yes,no,cellular,2,120,1,unknown,417.0,no
61,technician,married,tertiary,no,799.0,yes,no,cellular,4,-1,0,other,412.0,no
43,management,married,secondary,yes,2939.0,no,no,telephone,4,60,0,failure,274.0,no
46,blue-collar,married,tertiary,no,1028.0,yes,no,cellular,2,-1,0,unknown,51.0,no
45,unemployed,single,secondary,no,4708.0,yes,no,unknown,4,-1,2,failure,81.0,no
34,blue-collar,single,tertiary,no,225.0,no,yes,cellular,2,-1,1,unknown,352.0,no
25,technician,married,secondary,no,2111.0,no,no,cellular,4,365,1,unknown,392.0,no
69,technician,single,secondary,no,5341.0,yes,no,cellular,3,-1,1,other,248.0,no
23,technician,married,secondary,no,3276.0,no,no,cellular,1,-1,0,unknown,45.0,no
38,technician,married,secondary,no,2742.0,yes,no,cellular,2,-1,0,success,469.0,no
59,blue-collar,divorced,primary,no,1934.0,no,no,cellular,2,120,0,unknown,131.0,no
26,services,divorced,secondary,no,1495.0,yes,no,cellular,4,-1,0,unknown,265.0,no
58,student,married,secondary,no,1087.0,no,no,cellular,3,-1,0,unknown,284.0,no
63,services,married,tertiary,no,389.0,yes,no,cellular,5,-1,1,unknown,695.0,yes
59,blue-collar,married,primary,no,-500.0,no,no,cellular,4,-1,0,unknown,76.0,no
36,blue-collar,married,primary,no,2553.0,no,no,cellular,5,120,0,unknown,117.0,no
19,blue-collar,single,secondary,no,-500.0,yes,no,unknown,2,-1,0,unknown,332.0,no
73,management,married,tertiary,no,2572.0,yes,no,unknown,2,-1,0,success,128.0,no
38,retired,divorced,secondary,no,843.0,yes,no,telephone,3,-1,0,success,112.0,no
67,technician,single,tertiary,no,-320.0,no,no,unknown,4,90,0,unknown,89.0,no
30,student,married,secondary,no,3930.0,no,yes,cellular,4,-1,0,unknown,134.0,no
28,services,single,secondary,no,-500.0,yes,no,cellular,4,-1,0,unknown,527.0,yes
66,blue-collar,single,tertiary,no,201.0,yes,no,cellular,3,30,1,unknown,89.0,no
76,management,married,secondary,no,369.0,yes,yes,telephone,2,120,2,unknown,151.0,no
71,blue-collar,married,secondary,no,1669.0,no,yes,telephone,5,120,0,unknown,32.0,no
64,blue-collar,single,tertiary,no,297.0,yes,no,telephone,2,-1,1,unknown,98.0,no
33,admin.,divorced,secondary,no,4031.0,yes,no,cellular,4,-1,0,unknown,136.0,no
74,blue-collar,married,primary,no,-500.0,no,no,cellular,3,-1,2,unknown,350.0,no
59,blue-collar,single,primary,no,8754.0,no,no,cellular,4,-1,1,unknown,257.0,no
28,retired,single,tertiary,no,-500.0,no,no,cellular,6,30,1,unknown,58.0,yes
26,admin.,divorced,tertiary,no,6721.0,yes,no,cellular,4,60,2,success,176.0,no
72,blue-collar,married,secondary,no,3367.0,yes,no,telephone,3,90,0,unknown,150.0,no
35,admin.,married,secondary,no,1201.0,no,no,telephone,4,-1,0,unknown,350.0,no
65,services,single,secondary,no,1808.0,yes,no,cellular,3,90,1,unknown,283.0,no
26,retired,married,primary,no,718.0,yes,no,telephone,4,60,2,unknown,73.0,no
35,blue-collar,married,tertiary,no,2025.0,yes,no,cellular,4,-1,0,failure,61.0,no
35,blue-collar,married,secondary,no,73.0,yes,yes,cellular,3,90,0,unknown,36.0,no
35,technician,married,tertiary,no,2676.0,no,no,telephone,5,-1,0,unknown,107.0,no
59,retired,single,tertiary,no,1728.0,yes,no,unknown,3,-1,0,unknown,141.0,no
74,services,married,secondary,no,-381.0,yes,no,telephone,6,30,1,unknown,109.0,no
74,retired,single,tertiary,no,2169.0,yes,no,cellular,2,-1,0,unknown,356.0,no
63,technician,married,tertiary,no,2058.0,no,no,cellular,3,60,0,success,71.0,no
30,technician,single,secondary,no,109.0,yes,no,unknown,8,-1,0,other,437.0,no
77,entrepreneur,married,secondary,no,630.0,no,no,cellular,4,120,1,unknown,124.0,no
51,services,married,tertiary,no,2322.0,yes,no,unknown,1,-1,3,unknown,546.0,no
51,blue-collar,divorced,secondary,no,3363.0,yes,no,cellular,5,-1,0,unknown,279.0,no
61,services,single,tertiary,no,1144.0,no,no,cellular,3,-1,2,success,123.0,no
65,entrepreneur,married,secondary,no,3075.0,no,no,cellular,2,-1,2,unknown,215.0,yes
77,admin.,married,tertiary,no,3501.0,no,no,cellular,2,-1,0,success,48.0,no
54,technician,married,tertiary,no,3746.0,yes,no,cellular,4,120,2,unknown,93.0,no
55,technician,divorced,secondary,no,2151.0,yes,no,cellular,2,-1,0,success,237.0,no
64,blue-collar,married,secondary,no,-223.0,no,no,unknown,2,90,0,unknown,133.0,no
33,unemployed,divorced,secondary,no,3004.0,yes,no,unknown,4,-1,0,failure,223.0,no
37,blue-collar,married,tertiary,no,1055.0,yes,no,unknown,4,60,0,unknown,222.0,no
56,management,single,secondary,no,2312.0,yes,no,cellular,5,-1,0,unknown,514.0,no
21,technician,married,tertiary,no,268.0,yes,no,cellular,2,-1,0,unknown,179.0,no
37,blue-collar,married,secondary,no,320.0,yes,no,cellular,2,-1,1,unknown,476.0,yes
62,management,divorced,tertiary,no,137.0,no,no,unknown,2,-1,0,success,401.0,no
78,services,married,primary,no,-500.0,no,no,unknown,1,-1,1,other,277.0,no
50,blue-collar,divorced,tertiary,no,344.0,yes,no,cellular,5,180,0,other,266.0,no
42,housemaid,married,secondary,no,-459.0,no,no,telephone,2,-1,1,unknown,153.0,no
45,blue-collar,married,secondary,no,2419.0,no,no,cellular,3,-1,0,unknown,200.0,no
60,services,divorced,tertiary,no,-500.0,no,no,cellular,5,60,0,success,316.0,no
51,blue-collar,single,primary,no,195.0,yes,yes,telephone,1,-1,0,unknown,162.0,no
19,blue-collar,married,primary,no,1406.0,yes,yes,unknown,4,120,0,unknown,122.0,no
51,services,married,primary,no,4662.0,yes,no,cellular,4,90,0,success,55.0,yes
42,blue-collar,married,secondary,no,154.0,no,no,cellular,6,-1,0,unknown,482.0,no
61,housemaid,single,tertiary,no,-500.0,yes,no,cellular,3,90,1,unknown,316.0,no
72,services,married,primary,no,-500.0,yes,no,unknown,2,-1,0,unknown,134.0,no
77,student,married,tertiary,no,-149.0,yes,no,cellular,6,-1,0,unknown,454.0,no
55,admin.,married,secondary,no,218.0,no,no,cellular,3,-1,1,unknown,380.0,no
40,technician,single,tertiary,no,5548.0,yes,no,cellular,1,-1,0,other,61.0,no
45,services,divorced,secondary,no,3140.0,yes,no,telephone,3,90,0,unknown,161.0,no
28,blue-collar,single,tertiary,yes,833.0,yes,no,cellular,3,30,0,unknown,234.0,yes
76,student,married,secondary,no,4735.0,no,no,cellular,2,-1,1,unknown,276.0,no
70,services,married,tertiary,no,297.0,yes,no,cellular,5,-1,0,unknown,125.0,no
70,self-employed,married,secondary,no,660.0,yes,no,cellular,4,60,1,unknown,40.0,no
38,retired,single,secondary,no,552.0,no,yes,cellular,2,-1,0,unknown,68.0,no
37,services,married,tertiary,no,3248.0,yes,no,cellular,5,-1,0,failure,184.0,no
71,unemployed,single,secondary,no,1274.0,no,no,unknown,6,-1,0,unknown,162.0,no
51,retired,married,secondary,no,4113.0,no,no,cellular,4,90,1,unknown,245.0,yes
61,technician,divorced,secondary,no,2181.0,no,no,cellular,6,-1,1,unknown,374.0,no
48,services,married,tertiary,no,3036.0,no,no,telephone,3,365,1,success,136.0,no
45,technician,married,tertiary,no,-500.0,no,no,cellular,2,365,0,other,110.0,no
57,technician,divorced,secondary,no,-500.0,yes,no,cellular,4,-1,0,success,121.0,no
68,blue-collar,divorced,tertiary,no,-500.0,no,no,cellular,1,90,0,unknown,56.0,no
38,blue-collar,married,secondary,no,629.0,no,no,cellular,4,-1,1,unknown,211.0,no
68,self-employed,single,primary,no,-500.0,yes,no,cellular,4,120,0,unknown,120.0,no
33,management,single,primary,no,3633.0,yes,no,unknown,3,-1,0,failure,497.0,yes
42,retired,married,primary,no,1041.0,yes,no,cellular,4,-1,1,failure,541.0,no
74,technician,married,secondary,no,2508.0,yes,no,unknown,4,30,0,unknown,331.0,no
77,technician,single,secondary,no,514.0,yes,no,cellular,2,-1,0,success,183.0,no
75,housemaid,single,primary,no,2885.0,yes,no,cellular,3,-1,0,unknown,184.0,no
37,services,married,secondary,no,-500.0,yes,no,cellular,4,-1,0,unknown,153.0,no
70,blue-collar,married,tertiary,no,1312.0,yes,no,unknown,5,-1,0,unknown,110.0,no
76,retired,single,secondary,no,2301.0,yes,no,cellular,6,30,0,unknown,104.0,no
78,admin.,married,secondary,no,2453.0,no,no,cellular,2,-1,1,failure,487.0,no
19,management,single,tertiary,no,828.0,no,no,cellular,1,365,0,unknown,76.0,no
64,retired,single,primary,no,-500.0,no,no,cellular,3,-1,1,unknown,159.0,no
79,services,married,tertiary,no,3220.0,no,no,cellular,5,-1,0,unknown,344.0,no
65,services,married,secondary,no,694.0,no,no,cellular,4,90,0,failure,229.0,no
32,blue-collar,married,primary,no,850.0,yes,no,cellular,7,-1,2,unknown,182.0,no
65,admin.,married,secondary,no,5395.0,yes,no,unknown,4,-1,0,unknown,145.0,no
24,blue-collar,single,primary,no,1574.0,no,no,cellular,2,30,0,unknown,39.0,no
47,technician,single,secondary,no,466.0,yes,yes,cellular,4,-1,0,unknown,99.0,no
56,technician,single,tertiary,no,358.0,no,yes,cellular,3,365,2,unknown,233.0,no
46,blue-collar,married,secondary,no,2561.0,yes,no,unknown,4,60,0,unknown,195.0,no
61,blue-collar,single,primary,no,-78.0,no,no,cellular,2,60,0,unknown,198.0,no
32,management,married,secondary,no,2321.0,yes,no,unknown,3,-1,2,unknown,270.0,no
55,services,single,tertiary,no,3382.0,no,yes,cellular,4,-1,0,unknown,212.0,no
57,blue-collar,married,tertiary,no,1241.0,yes,no,cellular,2,-1,0,unknown,58.0,no
57,admin.,married,primary,no,3178.0,no,no,telephone,6,-1,0,success,168.0,no
35,housemaid,married,tertiary,no,1276.0,yes,no,unknown,2,30,1,failure,71.0,no
36,blue-collar,married,tertiary,no,163.0,no,no,cellular,3,-1,1,unknown,293.0,yes
33,blue-collar,divorced,secondary,no,-500.0,yes,no,cellular,4,-1,2,unknown,220.0,no
46,blue-collar,married,secondary,no,1895.0,yes,no,unknown,2,-1,1,failure,148.0,no
54,services,married,secondary,no,1933.0,yes,yes,cellular,2,-1,0,unknown,121.0,no
40,retired,single,secondary,no,3166.0,yes,no,cellular,2,90,1,unknown,417.0,no
43,blue-collar,married,tertiary,no,2993.0,no,no,cellular,4,120,3,unknown,112.0,no
35,retired,married,tertiary,no,5121.0,no,yes,cellular,6,-1,1,unknown,271.0,no
31,management,married,secondary,no,354.0,yes,no,cellular,4,60,1,unknown,133.0,no
58,technician,married,secondary,no,2041.0,yes,no,unknown,4,-1,1,success,246.0,no
68,technician,single,tertiary,no,162.0,yes,no,cellular,2,-1,1,unknown,248.0,no
36,blue-collar,married,secondary,no,3074.0,no,no,telephone,4,-1,0,unknown,307.0,no
71,technician,married,secondary,no,-268.0,no,no,unknown,2,-1,0,unknown,96.0,yes
53,services,married,tertiary,no,3045.0,no,yes,cellular,2,-1,0,other,32.0,no
28,services,divorced,secondary,no,74.0,yes,yes,telephone,4,-1,1,unknown,72.0,no
40,entrepreneur,divorced,secondary,no,2780.0,yes,no,cellular,5,-1,0,unknown,69.0,no
18,blue-collar,married,tertiary,no,3572.0,no,no,cellular,4,-1,0,unknown,55.0,no
20,admin.,single,secondary,no,-500.0,no,no,cellular,3,120,1,unknown,229.0,no
38,unemployed,married,secondary,no,-500.0,no,no,cellular,1,-1,1,failure,40.0,no
46,self-employed,married,tertiary,no,1823.0,no,no,unknown,1,-1,1,other,246.0,no
67,housemaid,single,primary,no,1631.0,yes,no,cellular,2,180,0,success,119.0,no
26,retired,divorced,primary,no,874.0,no,no,cellular,5,-1,0,unknown,80.0,no
70,admin.,married,secondary,no,543.0,yes,no,cellular,1,60,0,unknown,27.0,no
32,blue-collar,single,tertiary,no,-139.0,no,no,cellular,8,-1,0,unknown,10.0,yes
26,self-employed,single,secondary,no,1996.0,yes,no,cellular,4,-1,1,other,87.0,yes
61,management,single,secondary,no,-336.0,no,yes,cellular,1,-1,0,unknown,66.0,no
66,technician,single,secondary,no,2059.0,yes,yes,unknown,5,120,2,unknown,236.0,no
55,services,married,secondary,no,366.0,yes,no,cellular,1,-1,1,unknown,34.0,no
25,self-employed,divorced,tertiary,no,639.0,no,yes,telephone,5,60,0,unknown,86.0,no
25,technician,married,tertiary,no,3588.0,yes,no,cellular,7,-1,0,unknown,140.0,no
42,admin.,married,secondary,no,3118.0,yes,no,unknown,7,-1,0,unknown,450.0,no
45,services,married,tertiary,no,-394.0,no,no,cellular,9,-1,0,unknown,194.0,no
79,services,single,tertiary,no,-171.0,yes,no,cellular,3,-1,0,unknown,256.0,no
35,blue-collar,married,tertiary,no,2800.0,yes,yes,unknown,3,-1,0,unknown,176.0,yes
29,blue-collar,married,secondary,no,-500.0,yes,no,telephone,4,60,2,unknown,79.0,no
76,blue-collar,single,primary,no,4017.0,no,no,cellular,3,30,2,unknown,43.0,no
27,blue-collar,married,secondary,no,1643.0,yes,no,cellular,1,-1,0,unknown,190.0,no
19,retired,married,secondary,no,359.0,yes,no,cellular,4,120,0,success,111.0,no
44,blue-collar,married,secondary,no,1419.0,yes,no,cellular,4,365,1,unknown,114.0,no
42,services,single,secondary,no,3850.0,no,no,cellular,6,-1,1,unknown,90.0,no
56,admin.,married,primary,no,-500.0,no,no,cellular,4,180,0,success,301.0,no
72,admin.,married,secondary,no,3247.0,no,no,cellular,2,-1,0,unknown,37.0,no
75,blue-collar,married,secondary,no,3550.0,no,no,telephone,2,60,1,success,497.0,yes
35,blue-collar,divorced,secondary,no,822.0,no,no,cellular,3,-1,2,failure,360.0,no
78,unemployed,single,secondary,no,1271.0,no,no,cellular,1,-1,0,unknown,284.0,yes
57,blue-collar,married,primary,no,1646.0,yes,no,cellular,3,90,0,other,65.0,no
22,blue-collar,divorced,secondary,no,2720.0,yes,no,telephone,5,-1,0,other,64.0,no
76,blue-collar,single,tertiary,no,86.0,no,no,cellular,3,-1,0,success,109.0,no
26,entrepreneur,single,secondary,no,1374.0,no,yes,cellular,4,60,0,failure,30.0,no
54,self-employed,married,secondary,no,1220.0,yes,no,unknown,2,-1,0,unknown,98.0,no
67,technician,married,tertiary,no,2622.0,no,no,cellular,4,-1,0,unknown,188.0,no
33,blue-collar,single,secondary,no,6216.0,no,no,cellular,9,-1,1,other,451.0,no
34,self-employed,married,primary,no,79.0,yes,no,unknown,5,-1,0,unknown,24.0,no
47,management,married,secondary,no,1542.0,yes,no,unknown,2,-1,0,unknown,249.0,no
72,technician,married,secondary,no,31.0,yes,no,cellular,5,-1,0,success,156.0,no
31,retired,married,secondary,no,520.0,yes,no,cellular,3,-1,0,unknown,103.0,no
59,blue-collar,single,secondary,no,-500.0,yes,no,cellular,3,-1,0,unknown,132.0,no
46,services,married,secondary,no,-500.0,yes,no,cellular,5,-1,3,failure,118.0,no
24,technician,single,secondary,no,3529.0,yes,no,cellular,3,-1,1,unknown,209.0,no
62,management,single,secondary,no,2041.0,no,no,telephone,4,-1,0,unknown,80.0,no
69,unemployed,married,tertiary,no,1567.0,no,yes,unknown,5,-1,0,unknown,201.0,no
53,technician,married,secondary,no,-173.0,yes,no,unknown,3,60,0,unknown,290.0,no
28,blue-collar,married,secondary,no,1265.0,no,no,cellular,2,60,1,failure,105.0,no
27,technician,married,primary,no,-500.0,yes,no,cellular,2,-1,2,other,228.0,no
44,self-employed,single,tertiary,no,1351.0,yes,no,unknown,4,30,0,unknown,211.0,no
49,retired,single,secondary,no,2001.0,yes,no,cellular,5,-1,1,unknown,147.0,no
52,management,single,tertiary,no,423.0,no,no,unknown,4,-1,1,unknown,455.0,no
33,technician,divorced,secondary,no,38.0,no,no,cellular,5,-1,2,unknown,83.0,no
49,self-employed,married,tertiary,no,514.0,no,yes,cellular,1,-1,0,unknown,286.0,no
36,retired,single,secondary,no,2867.0,no,yes,cellular,4,-1,0,unknown,115.0,no
60,admin.,married,tertiary,no,1763.0,yes,yes,unknown,4,-1,1,unknown,447.0,yes
67,management,married,secondary,no,-500.0,no,no,cellular,9,-1,0,unknown,405.0,no
58,technician,married,secondary,no,2702.0,yes,no,cellular,2,-1,1,unknown,26.0,no
18,services,married,tertiary,no,2378.0,no,no,unknown,2,-1,0,unknown,291.0,no
79,admin.,single,tertiary,no,1737.0,yes,no,cellular,6,-1,0,other,102.0,yes
19,technician,single,tertiary,no,4362.0,no,no,cellular,4,-1,0,unknown,231.0,no
79,technician,married,secondary,no,1443.0,yes,no,unknown,2,-1,4,unknown,102.0,no
19,retired,married,secondary,no,2175.0,yes,no,cellular,4,-1,0,failure,228.0,no
50,admin.,married,secondary,no,2245.0,yes,no,cellular,3,-1,0,unknown,280.0,no
24,retired,single,secondary,no,2979.0,no,yes,cellular,3,-1,2,unknown,77.0,no
23,admin.,married,secondary,no,999.0,no,no,unknown,2,-1,1,unknown,36.0,no
60,blue-collar,married,secondary,no,239.0,no,no,telephone,1,-1,0,unknown,314.0,no
63,self-employed,married,primary,no,3152.0,yes,no,unknown,4,365,1,other,246.0,no
25,technician,single,tertiary,no,3058.0,yes,no,unknown,6,-1,0,unknown,215.0,no
78,blue-collar,single,primary,no,3695.0,yes,no,unknown,1,60,0,failure,134.0,no
37,technician,married,secondary,no,2148.0,no,no,cellular,3,120,2,unknown,53.0,no
37,technician,married,secondary,no,-500.0,no,no,cellular,2,-1,0,other,104.0,no
36,admin.,married,secondary,no,1695.0,no,no,cellular,1,-1,0,unknown,91.0,no
46,blue-collar,single,secondary,no,1461.0,yes,no,cellular,4,-1,0,unknown,280.0,no
29,services,married,tertiary,no,3613.0,yes,no,unknown,1,-1,0,unknown,22.0,yes
44,student,single,secondary,no,3305.0,no,no,cellular,2,-1,0,unknown,126.0,no
31,entrepreneur,divorced,secondary,no,2503.0,yes,yes,cellular,2,-1,0,unknown,61.0,no
21,services,married,secondary,no,-500.0,yes,no,cellular,4,30,1,other,317.0,no
40,self-employed,married,secondary,no,-85.0,yes,no,cellular,5,120,1,unknown,416.0,no
59,services,married,secondary,no,744.0,yes,no,unknown,2,30,3,unknown,415.0,no
65,services,married,secondary,no,786.0,yes,no,cellular,6,-1,0,unknown,219.0,no
39,admin.,divorced,tertiary,no,1700.0,yes,no,telephone,4,-1,2,unknown,375.0,no
38,blue-collar,divorced,secondary,no,4064.0,yes,no,cellular,3,365,0,unknown,135.0,no
66,blue-collar,married,secondary,no,2803.0,no,no,cellular,5,-1,3,unknown,229.0,no
60,technician,divorced,secondary,no,-254.0,no,yes,cellular,2,-1,0,unknown,232.0,no
69,technician,married,secondary,no,-92.0,yes,no,cellular,2,-1,1,unknown,67.0,no
74,technician,married,secondary,no,-254.0,no,no,unknown,4,30,0,other,238.0,no
68,blue-collar,single,secondary,no,1190.0,no,no,telephone,4,90,0,unknown,208.0,no
76,retired,married,tertiary,no,2850.0,yes,no,cellular,5,-1,0,unknown,439.0,no
43,blue-collar,married,primary,no,3135.0,no,no,cellular,3,-1,1,unknown,154.0,no
42,entrepreneur,single,secondary,no,723.0,yes,no,cellular,3,-1,0,unknown,528.0,yes
37,blue-collar,married,secondary,no,1346.0,yes,no,unknown,5,30,1,unknown,82.0,no
32,technician,divorced,secondary,no,4414.0,no,no,cellular,3,-1,0,unknown,381.0,yes
64,blue-collar,married,secondary,no,-500.0,no,yes,cellular,8,120,0,success,416.0,no
62,services,married,secondary,no,2548.0,no,no,cellular,5,180,2,unknown,119.0,no
67,unemployed,divorced,secondary,no,2354.0,no,no,cellular,4,365,0,unknown,281.0,no
28,services,married,secondary,no,866.0,no,no,cellular,1,-1,0,unknown,184.0,no
48,admin.,married,primary,no,1367.0,yes,no,unknown,3,30,1,unknown,120.0,no
31,technician,married,secondary,no,2156.0,yes,no,unknown,2,-1,0,unknown,161.0,no
73,services,married,tertiary,no,870.0,no,yes,telephone,2,120,1,unknown,314.0,yes
34,management,married,secondary,no,252.0,yes,no,telephone,2,-1,0,unknown,321.0,yes
26,services,married,secondary,no,117.0,no,no,cellular,4,-1,0,unknown,227.0,no
53,technician,married,secondary,no,4752.0,no,yes,cellular,7,180,0,unknown,183.0,no
72,management,married,secondary,no,607.0,yes,no,unknown,5,-1,0,success,263.0,no
74,retired,single,primary,no,1762.0,no,no,unknown,3,30,1,success,242.0,no
23,management,divorced,secondary,no,2813.0,yes,no,cellular,4,-1,0,failure,229.0,no
38,admin.,married,secondary,no,1019.0,no,no,unknown,1,-1,0,unknown,52.0,no
27,technician,divorced,primary,no,1464.0,yes,no,cellular,3,-1,0,unknown,252.0,no
37,blue-collar,single,secondary,no,2305.0,yes,no,cellular,2,-1,0,unknown,73.0,no
51,entrepreneur,divorced,primary,no,-126.0,yes,no,cellular,4,-1,1,failure,419.0,no
35,entrepreneur,single,secondary,no,-500.0,yes,no,cellular,2,-1,0,unknown,255.0,no
22,blue-collar,married,primary,no,85.0,no,no,cellular,2,30,0,unknown,308.0,yes
49,housemaid,married,tertiary,no,4511.0,yes,no,unknown,5,-1,0,success,24.0,no
21,self-employed,divorced,tertiary,no,365.0,no,yes,cellular,3,90,1,unknown,358.0,no
32,blue-collar,married,tertiary,no,1635.0,no,no,cellular,7,-1,0,unknown,377.0,no
18,blue-collar,divorced,secondary,no,-500.0,no,no,unknown,4,-1,0,failure,37.0,no
23,technician,single,secondary,no,3816.0,yes,no,telephone,4,60,0,unknown,47.0,no
45,technician,married,tertiary,no,858.0,yes,no,telephone,3,30,0,unknown,658.0,no
70,management,married,tertiary,no,581.0,no,no,cellular,3,-1,1,unknown,314.0,no
66,blue-collar,divorced,secondary,no,1160.0,yes,no,cellular,5,-1,0,success,204.0,no
24,admin.,married,tertiary,no,5923.0,no,no,cellular,5,-1,0,unknown,54.0,no
20,admin.,single,secondary,no,2195.0,yes,no,unknown,4,60,0,unknown,152.0,no
38,entrepreneur,divorced,tertiary,no,1118.0,yes,no,cellular,3,-1,0,unknown,170.0,no
58,technician,married,tertiary,no,-500.0,no,no,cellular,2,-1,2,unknown,121.0,yes
64,services,married,tertiary,no,3835.0,yes,no,cellular,5,-1,0,success,221.0,no
69,blue-collar,married,secondary,no,149.0,yes,no,cellular,4,-1,0,other,331.0,no
39,technician,single,primary,no,-135.0,yes,no,cellular,3,-1,0,failure,246.0,no
28,management,married,secondary,no,26.0,yes,yes,cellular,2,-1,0,unknown,317.0,no
19,blue-collar,married,secondary,no,4037.0,no,no,cellular,6,-1,0,unknown,179.0,no
27,management,married,secondary,no,1324.0,no,no,unknown,3,-1,2,unknown,14.0,no
22,blue-collar,married,secondary,no,-500.0,yes,no,cellular,5,-1,1,unknown,76.0,no
71,technician,married,secondary,no,1033.0,yes,no,cellular,6,60,1,success,161.0,yes
34,blue-collar,married,secondary,no,-97.0,no,no,telephone,6,-1,0,unknown,211.0,no
69,services,single,tertiary,no,2047.0,no,no,cellular,5,120,1,unknown,287.0,no
52,entrepreneur,married,tertiary,no,704.0,yes,no,cellular,2,-1,0,success,174.0,no
51,technician,single,secondary,no,-500.0,yes,yes,cellular,6,-1,0,failure,231.0,no
46,services,divorced,secondary,no,1252.0,yes,no,unknown,4,-1,1,unknown,493.0,no
68,management,single,secondary,no,1298.0,yes,no,unknown,2,-1,0,unknown,274.0,no
20,blue-collar,single,secondary,no,-500.0,yes,no,cellular,3,-1,1,other,226.0,no
23,technician,married,primary,no,-500.0,yes,no,cellular,4,-1,1,unknown,227.0,no
44,retired,married,tertiary,no,1909.0,no,no,cellular,5,30,1,other,59.0,no
42,blue-collar,married,tertiary,yes,895.0,yes,no,unknown,3,-1,1,other,234.0,no
51,technician,married,secondary,yes,1013.0,yes,no,unknown,4,-1,0,success,219.0,no
63,admin.,married,tertiary,no,2742.0,yes,no,cellular,6,180,2,unknown,57.0,yes
54,blue-collar,married,tertiary,no,-500.0,yes,no,telephone,6,-1,0,failure,445.0,no
33,retired,married,tertiary,no,1509.0,yes,no,cellular,4,-1,0,unknown,84.0,yes
38,blue-collar,single,tertiary,no,2593.0,no,yes,telephone,2,30,0,failure,251.0,no
64,management,married,secondary,no,1071.0,yes,no,cellular,3,120,1,unknown,179.0,no
30,blue-collar,married,tertiary,no,-500.0,no,no,cellular,7,-1,0,unknown,222.0,no
49,blue-collar,married,tertiary,no,211.0,yes,no,cellular,3,-1,0,unknown,354.0,no
51,admin.,married,secondary,no,587.0,yes,no,unknown,7,-1,1,success,57.0,no
64,blue-collar,married,primary,no,-500.0,no,yes,cellular,3,-1,1,unknown,116.0,no
62,technician,married,primary,no,2068.0,no,no,cellular,2,-1,0,unknown,439.0,no
46,retired,married,secondary,no,1406.0,no,no,cellular,2,-1,0,unknown,285.0,no
37,management,single,tertiary,no,243.0,yes,no,cellular,3,-1,0,unknown,275.0,no
40,entrepreneur,divorced,secondary,no,3174.0,yes,no,cellular,3,-1,0,unknown,260.0,no
43,services,married,tertiary,no,460.0,no,yes,cellular,3,-1,1,unknown,193.0,no
31,blue-collar,married,tertiary,no,4064.0,no,no,cellular,3,-1,1,unknown,134.0,no
56,blue-collar,single,secondary,no,916.0,no,no,cellular,2,-1,2,unknown,202.0,no
30,services,single,primary,no,-318.0,no,no,unknown,1,-1,0,success,152.0,no
58,management,divorced,tertiary,no,-264.0,yes,no,cellular,4,-1,0,unknown,369.0,no
64,student,married,secondary,no,1564.0,yes,no,telephone,5,-1,0,unknown,121.0,no
77,technician,married,tertiary,no,-500.0,no,no,cellular,4,30,0,unknown,65.0,no
25,technician,married,tertiary,no,1660.0,yes,no,telephone,1,-1,2,unknown,249.0,no
65,blue-collar,single,secondary,no,679.0,yes,no,cellular,4,-1,0,success,101.0,no
23,admin.,married,secondary,no,638.0,yes,no,unknown,1,90,0,unknown,38.0,no
38,blue-collar,divorced,tertiary,no,1325.0,no,no,telephone,2,365,1,success,167.0,no
28,technician,married,tertiary,no,3208.0,yes,no,telephone,2,-1,0,unknown,307.0,no
28,technician,single,secondary,no,423.0,no,no,cellular,6,-1,0,unknown,55.0,no
28,technician,married,tertiary,no,1731.0,no,yes,cellular,3,-1,0,success,267.0,no
20,blue-collar,married,secondary,no,2200.0,no,no,cellular,4,-1,0,unknown,128.0,no
69,technician,married,primary,no,-500.0,yes,no,cellular,6,-1,0,unknown,105.0,no
21,retired,single,secondary,no,2341.0,yes,no,cellular,2,-1,0,unknown,455.0,yes
42,technician,married,tertiary,no,2868.0,yes,no,cellular,5,-1,0,unknown,123.0,no
61,retired,married,tertiary,no,3139.0,no,no,cellular,4,-1,1,failure,86.0,no
79,blue-collar,single,primary,no,-500.0,yes,no,telephone,4,-1,0,failure,394.0,no
70,admin.,divorced,secondary,no,-470.0,no,no,cellular,6,30,2,other,7.0,no
26,technician,single,secondary,no,1302.0,yes,yes,unknown,4,-1,1,unknown,163.0,no
79,management,single,tertiary,no,1200.0,no,no,cellular,3,-1,0,unknown,189.0,no
58,blue-collar,married,tertiary,no,1435.0,no,no,cellular,5,90,2,success,28.0,no
29,blue-collar,divorced,secondary,no,758.0,yes,no,cellular,3,30,0,unknown,158.0,no
45,entrepreneur,married,tertiary,no,1734.0,no,no,cellular,3,-1,0,success,102.0,no
74,technician,divorced,secondary,no,-500.0,no,no,cellular,1,-1,0,unknown,68.0,no
42,admin.,single,tertiary,no,2585.0,yes,no,cellular,2,-1,1,unknown,148.0,no
29,blue-collar,married,tertiary,no,4049.0,no,no,cellular,2,-1,0,success,96.0,yes
72,technician,married,primary,no,405.0,no,no,cellular,4,-1,2,unknown,440.0,no
77,retired,single,tertiary,no,1764.0,yes,no,cellular,4,-1,1,unknown,142.0,no
78,blue-collar,single,secondary,no,4425.0,no,no,cellular,2,-1,0,other,238.0,yes
77,admin.,single,tertiary,no,1460.0,yes,no,cellular,3,-1,0,unknown,119.0,no
72,blue-collar,divorced,secondary,no,1950.0,yes,yes,unknown,4,-1,0,unknown,193.0,no
46,blue-collar,married,tertiary,no,4715.0,yes,no,cellular,4,30,0,unknown,249.0,no
29,admin.,married,secondary,no,5066.0,no,yes,cellular,7,-1,0,unknown,42.0,no
56,blue-collar,married,primary,no,-500.0,no,no,unknown,4,-1,0,unknown,250.0,no
31,services,married,tertiary,no,659.0,yes,yes,unknown,3,-1,1,unknown,571.0,no
47,technician,married,secondary,no,3008.0,no,no,cellular,4,-1,1,unknown,77.0,no
58,technician,divorced,primary,no,2295.0,no,no,cellular,2,60,0,success,135.0,no
76,entrepreneur,married,tertiary,no,2671.0,no,no,cellular,4,-1,0,success,555.0,no
35,blue-collar,single,secondary,no,-500.0,yes,no,cellular,6,-1,0,unknown,23.0,no
33,unemployed,single,secondary,no,-500.0,yes,yes,unknown,1,-1,0,unknown,162.0,no
63,student,married,tertiary,no,4612.0,no,no,cellular,4,60,0,unknown,29.0,no
18,retired,single,secondary,no,2793.0,no,no,telephone,3,-1,1,unknown,37.0,no
53,blue-collar,single,primary,no,2037.0,yes,yes,telephone,3,-1,0,unknown,46.0,no
64,blue-collar,married,tertiary,no,-500.0,no,no,cellular,2,-1,1,unknown,125.0,no
52,management,married,tertiary,no,653.0,no,no,cellular,2,-1,0,success,137.0,no
41,retired,married,secondary,no,2425.0,no,no,cellular,2,-1,1,unknown,150.0,no
69,admin.,single,secondary,no,-500.0,no,yes,cellular,3,-1,1,other,113.0,no
41,technician,married,secondary,no,131.0,no,no,cellular,5,120,0,unknown,348.0,yes
62,retired,married,primary,no,2076.0,yes,no,cellular,3,-1,0,unknown,258.0,no
46,self-employed,divorced,secondary,no,2462.0,no,yes,unknown,2,-1,0,unknown,96.0,no
19,blue-collar,single,tertiary,no,459.0,no,no,cellular,3,-1,0,unknown,87.0,no
50,student,single,secondary,no,3168.0,yes,no,cellular,6,-1,0,failure,22.0,no
21,services,divorced,secondary,no,3110.0,yes,no,telephone,1,-1,0,unknown,266.0,no
75,admin.,married,tertiary,no,-500.0,yes,no,unknown,4,-1,0,failure,102.0,no
55,self-employed,married,secondary,no,4348.0,no,yes,telephone,4,-1,0,unknown,217.0,no
41,services,single,tertiary,yes,3500.0,no,no,unknown,5,180,0,unknown,24.0,no
48,technician,married,tertiary,no,1772.0,yes,no,cellular,4,-1,1,other,157.0,no
56,blue-collar,married,secondary,no,1153.0,yes,no,cellular,5,120,0,unknown,148.0,yes
34,technician,single,secondary,no,2821.0,no,no,unknown,2,30,1,unknown,185.0,no
35,management,married,primary,no,2361.0,yes,yes,unknown,5,-1,0,unknown,44.0,no
43,admin.,married,secondary,no,911.0,yes,no,cellular,3,-1,0,other,98.0,no
34,admin.,married,secondary,no,4291.0,no,yes,unknown,3,120,1,unknown,168.0,no
64,blue-collar,single,secondary,no,-500.0,yes,no,cellular,4,-1,0,unknown,353.0,no
24,blue-collar,married,secondary,no,203.0,yes,no,cellular,6,-1,0,unknown,130.0,no
69,management,married,tertiary,no,2206.0,no,no,telephone,4,90,0,unknown,57.0,no
39,student,divorced,secondary,no,1306.0,yes,no,cellular,3,-1,2,other,178.0,no
52,blue-collar,divorced,secondary,no,2659.0,yes,no,cellular,3,-1,0,other,116.0,no
27,unemployed,married,primary,no,-500.0,yes,no,cellular,4,-1,0,unknown,326.0,no
41,blue-collar,married,secondary,no,942.0,no,no,cellular,3,-1,1,other,91.0,no
64,self-employed,married,tertiary,no,3471.0,yes,no,cellular,5,60,1,other,392.0,no
34,technician,married,tertiary,no,-500.0,yes,no,cellular,3,-1,0,unknown,197.0,no
26,technician,married,secondary,no,967.0,no,no,unknown,3,90,1,failure,73.0,no
50,services,married,secondary,no,445.0,no,no,unknown,1,365,1,unknown,66.0,no
28,services,married,secondary,no,2054.0,yes,yes,unknown,4,-1,1,unknown,356.0,no
37,blue-collar,married,tertiary,no,2108.0,no,no,telephone,5,-1,1,unknown,130.0,yes
45,admin.,married,secondary,no,1575.0,yes,no,unknown,3,-1,0,unknown,464.0,no
52,management,single,tertiary,no,878.0,no,no,unknown,2,-1,4,unknown,108.0,no
57,admin.,married,secondary,no,1514.0,yes,no,cellular,6,-1,0,unknown,212.0,yes
59,blue-collar,married,secondary,no,1104.0,yes,no,cellular,5,-1,0,unknown,166.0,no
70,blue-collar,married,secondary,no,1342.0,no,no,cellular,5,-1,3,unknown,195.0,no
22,technician,single,primary,no,4023.0,no,no,cellular,5,-1,1,unknown,105.0,no
40,technician,married,secondary,no,-500.0,no,no,cellular,2,-1,0,unknown,320.0,no
18,technician,married,secondary,no,2015.0,yes,no,unknown,5,-1,0,unknown,396.0,no
18,services,single,primary,no,-296.0,yes,no,cellular,6,-1,0,unknown,243.0,no
31,blue-collar,single,tertiary,no,4919.0,yes,no,cellular,3,-1,0,unknown,401.0,no
55,admin.,single,primary,no,1560.0,no,no,unknown,1,-1,0,failure,114.0,no
73,services,married,tertiary,no,-500.0,yes,no,unknown,5,-1,0,success,16.0,no
65,services,married,secondary,no,983.0,no,yes,telephone,6,-1,0,unknown,33.0,no
58,entrepreneur,married,secondary,no,-500.0,yes,no,unknown,3,90,2,unknown,100.0,no
66,management,married,primary,no,260.0,no,no,unknown,3,365,0,unknown,130.0,yes
28,management,married,tertiary,no,2508.0,yes,no,cellular,4,30,0,unknown,231.0,no
70,blue-collar,married,tertiary,no,3850.0,no,no,telephone,6,-1,0,unknown,223.0,no
73,blue-collar,married,secondary,no,3345.0,yes,yes,cellular,5,-1,0,unknown,321.0,no
23,housemaid,divorced,secondary,no,1211.0,yes,no,unknown,2,-1,0,unknown,217.0,no
47,self-employed,married,secondary,no,2426.0,yes,no,cellular,4,30,0,failure,68.0,no
69,technician,married,tertiary,no,2855.0,yes,no,cellular,3,-1,0,success,66.0,no
47,retired,divorced,tertiary,no,5450.0,yes,no,unknown,5,-1,0,unknown,97.0,no
70,services,single,secondary,no,313.0,no,no,cellular,1,-1,1,unknown,223.0,no
76,technician,married,tertiary,no,4117.0,no,no,unknown,7,-1,0,unknown,384.0,no
47,admin.,single,secondary,no,-500.0,no,no,cellular,2,-1,0,unknown,133.0,no
21,services,married,secondary,no,3524.0,no,no,cellular,4,-1,0,unknown,117.0,no
39,management,single,secondary,no,283.0,no,no,cellular,6,-1,1,unknown,62.0,no
31,retired,married,primary,no,169.0,yes,no,unknown,2,-1,0,unknown,137.0,no
47,admin.,divorced,primary,no,888.0,yes,no,cellular,3,90,0,unknown,581.0,no
54,technician,married,tertiary,no,3.0,no,no,cellular,4,-1,2,unknown,532.0,no
46,technician,single,tertiary,no,2167.0,yes,no,unknown,1,-1,1,other,120.0,no
30,admin.,married,secondary,no,3608.0,yes,no,cellular,4,-1,0,unknown,578.0,no
36,blue-collar,married,primary,no,-500.0,yes,no,unknown,3,-1,3,unknown,465.0,no
60,blue-collar,married,primary,no,1086.0,yes,no,cellular,7,-1,0,other,226.0,no
19,student,single,secondary,no,-500.0,yes,no,cellular,5,-1,0,unknown,349.0,no
31,self-employed,married,secondary,no,3029.0,no,no,unknown,4,90,0,success,59.0,no
73,blue-collar,divorced,primary,no,3957.0,yes,no,unknown,2,180,3,unknown,185.0,no
24,technician,married,primary,no,1086.0,no,no,telephone,5,120,0,other,59.0,no
43,blue-collar,single,tertiary,no,134.0,no,no,cellular,4,-1,2,other,112.0,no
30,management,single,primary,no,-500.0,yes,no,unknown,2,-1,0,success,303.0,no
24,entrepreneur,married,secondary,no,4908.0,no,no,cellular,4,-1,0,unknown,148.0,no
44,retired,single,tertiary,no,3774.0,no,no,cellular,2,-1,1,failure,118.0,no
50,management,single,primary,no,-500.0,no,no,unknown,4,90,0,success,234.0,yes
28,blue-collar,single,secondary,no,2580.0,no,no,cellular,1,90,0,success,189.0,no
22,housemaid,married,primary,no,-500.0,no,no,unknown,3,-1,1,success,377.0,yes
26,technician,single,secondary,no,485.0,no,no,cellular,2,30,1,unknown,252.0,no
58,management,married,tertiary,no,-500.0,no,no,unknown,4,-1,0,unknown,56.0,no
71,technician,married,tertiary,no,-500.0,yes,no,cellular,3,30,0,other,87.0,no
29,retired,married,primary,no,1318.0,no,no,cellular,2,-1,0,unknown,94.0,no
37,student,single,primary,no,4812.0,yes,no,telephone,3,-1,0,unknown,112.0,no
39,blue-collar,divorced,secondary,no,-267.0,yes,no,cellular,4,-1,0,other,71.0,no
40,technician,married,tertiary,no,3004.0,yes,no,cellular,3,-1,0,unknown,208.0,no
33,blue-collar,married,tertiary,no,3287.0,no,no,unknown,4,-1,1,success,101.0,no
21,admin.,married,secondary,no,2699.0,yes,no,cellular,2,-1,1,unknown,144.0,no
50,blue-collar,married,primary,no,4994.0,no,no,cellular,2,-1,0,other,107.0,no
40,admin.,single,tertiary,no,3119.0,yes,no,cellular,2,-1,0,unknown,277.0,no
39,technician,single,tertiary,no,4648.0,no,no,unknown,2,-1,1,unknown,86.0,no
34,unemployed,single,secondary,no,-500.0,no,yes,unknown,2,-1,1,failure,591.0,yes
75,student,single,secondary,no,2742.0,no,no,unknown,3,120,1,other,353.0,yes
55,admin.,married,secondary,no,4120.0,yes,no,unknown,3,90,0,success,89.0,no
43,technician,married,secondary,no,10.0,no,yes,cellular,1,-1,1,failure,378.0,no
30,services,married,secondary,no,-500.0,no,no,cellular,7,-1,0,success,128.0,no
67,blue-collar,divorced,secondary,no,-500.0,no,no,telephone,3,-1,0,failure,247.0,no
73,management,single,secondary,no,95.0,yes,no,cellular,3,60,1,unknown,149.0,no
20,services,married,secondary,no,2410.0,no,no,unknown,4,-1,0,failure,213.0,no
75,admin.,married,secondary,no,380.0,yes,no,unknown,7,-1,0,unknown,464.0,no
61,management,married,secondary,no,1406.0,yes,yes,unknown,4,-1,0,unknown,410.0,no
24,services,divorced,primary,no,312.0,yes,no,cellular,2,-1,0,unknown,267.0,yes
64,blue-collar,married,secondary,no,1169.0,no,no,cellular,4,-1,1,unknown,119.0,no
24,management,married,tertiary,no,1281.0,yes,no,cellular,4,180,0,other,123.0,no
21,retired,married,secondary,no,262.0,no,no,cellular,3,-1,1,failure,94.0,no
25,services,single,tertiary,yes,2878.0,yes,yes,telephone,2,180,0,unknown,31.0,no
46,technician,single,tertiary,no,3885.0,yes,no,cellular,4,-1,0,failure,240.0,no
56,technician,married,tertiary,no,-500.0,yes,no,cellular,2,-1,0,unknown,249.0,no
43,self-employed,single,secondary,no,1791.0,yes,no,telephone,4,-1,0,success,129.0,no
25,retired,married,secondary,no,-500.0,yes,no,cellular,7,365,0,unknown,201.0,no
30,self-employed,single,tertiary,no,-500.0,no,no,unknown,2,-1,0,success,159.0,no
70,retired,married,secondary,no,3266.0,no,no,cellular,6,60,0,unknown,48.0,no
77,admin.,married,tertiary,no,5013.0,yes,yes,cellular,4,-1,0,unknown,110.0,no
64,services,married,secondary,no,809.0,no,no,unknown,1,-1,0,unknown,94.0,no
24,services,single,secondary,no,4700.0,yes,no,unknown,3,-1,1,unknown,71.0,no
68,management,married,primary,no,233.0,no,no,cellular,5,30,0,success,128.0,yes
60,technician,married,secondary,no,978.0,no,yes,cellular,3,-1,0,unknown,197.0,no
50,services,married,secondary,no,4402.0,yes,yes,telephone,5,-1,1,unknown,29.0,no
26,blue-collar,married,tertiary,no,-243.0,yes,no,telephone,2,-1,2,unknown,119.0,no
79,admin.,single,tertiary,no,3050.0,yes,yes,unknown,5,120,1,unknown,129.0,no
45,admin.,married,secondary,no,773.0,yes,no,cellular,4,-1,0,unknown,281.0,no
20,blue-collar,married,secondary,no,103.0,yes,no,unknown,5,180,1,unknown,91.0,no
31,management,single,primary,no,484.0,no,no,cellular,2,-1,0,unknown,97.0,no
42,blue-collar,married,secondary,no,-500.0,yes,yes,cellular,3,-1,0,unknown,246.0,no
21,blue-collar,single,tertiary,no,3670.0,no,no,telephone,2,-1,0,unknown,230.0,no
38,blue-collar,married,tertiary,no,1807.0,yes,no,unknown,5,-1,0,unknown,49.0,no
47,student,divorced,secondary,no,1134.0,yes,no,cellular,3,-1,0,failure,175.0,no
76,student,single,tertiary,no,153.0,yes,no,cellular,3,-1,1,unknown,481.0,no
23,entrepreneur,married,primary,no,1961.0,no,no,telephone,3,-1,1,unknown,205.0,no
53,blue-collar,married,tertiary,no,2990.0,yes,no,cellular,2,-1,0,unknown,172.0,no
74,admin.,single,tertiary,no,906.0,no,no,unknown,4,120,1,unknown,178.0,no
67,admin.,single,primary,no,3134.0,no,no,cellular,2,-1,1,unknown,405.0,no
75,entrepreneur,married,tertiary,no,1895.0,yes,no,cellular,3,30,0,unknown,186.0,no
28,admin.,married,primary,no,1232.0,no,yes,unknown,1,-1,1,unknown,306.0,no
67,blue-collar,married,secondary,no,3042.0,yes,no,cellular,2,-1,1,other,391.0,yes
78,technician,single,secondary,no,486.0,yes,no,cellular,2,-1,0,unknown,77.0,no
38,management,single,secondary,no,-500.0,no,no,telephone,4,-1,1,unknown,53.0,no
48,technician,married,secondary,no,1304.0,yes,no,telephone,5,-1,1,unknown,334.0,no
50,blue-collar,married,secondary,no,1464.0,yes,no,unknown,6,60,0,unknown,324.0,no
48,blue-collar,single,primary,no,1000.0,yes,no,cellular,3,365,0,unknown,50.0,no
35,technician,divorced,tertiary,no,3542.0,yes,no,cellular,2,-1,1,unknown,196.0,no
78,entrepreneur,married,secondary,no,2301.0,yes,no,cellular,3,-1,0,unknown,70.0,no
77,services,married,secondary,no,1193.0,no,no,telephone,3,-1,0,unknown,282.0,no
41,technician,married,secondary,no,1390.0,yes,no,cellular,1,30,2,success,61.0,no
67,retired,single,primary,no,1545.0,no,no,cellular,2,30,0,unknown,51.0,no
42,blue-collar,married,tertiary,no,2347.0,no,no,cellular,2,-1,1,unknown,34.0,no
67,retired,married,secondary,no,1495.0,no,no,cellular,2,-1,0,unknown,151.0,yes
54,admin.,single,secondary,no,1122.0,no,no,cellular,4,365,0,unknown,80.0,no
47,admin.,married,secondary,no,-500.0,yes,no,cellular,1,-1,0,unknown,159.0,no
25,admin.,married,secondary,no,122.0,yes,no,cellular,3,-1,0,unknown,261.0,no
58,technician,married,primary,no,1899.0,no,yes,cellular,3,60,0,unknown,250.0,no
37,services,married,secondary,no,1738.0,yes,no,telephone,3,-1,1,unknown,198.0,no
31,blue-collar,married,secondary,no,-500.0,yes,no,unknown,3,-1,1,unknown,303.0,no
29,blue-collar,married,tertiary,no,389.0,yes,no,unknown,3,365,1,other,255.0,yes
78,services,married,secondary,no,-274.0,no,yes,unknown,2,-1,1,unknown,123.0,no
24,technician,married,secondary,no,3856.0,no,no,telephone,4,-1,1,unknown,143.0,no
67,blue-collar,divorced,secondary,no,1852.0,no,no,unknown,4,90,0,unknown,114.0,no
71,blue-collar,divorced,secondary,no,2175.0,no,no,telephone,2,90,0,success,83.0,no
19,technician,married,tertiary,no,1280.0,yes,yes,cellular,3,-1,0,failure,843.0,yes
54,technician,single,secondary,no,273.0,no,no,cellular,3,30,1,unknown,339.0,no
53,technician,married,secondary,no,598.0,no,yes,telephone,5,-1,1,unknown,426.0,no
40,blue-collar,single,secondary,no,2287.0,yes,no,cellular,4,-1,0,other,153.0,no
59,blue-collar,single,secondary,no,932.0,yes,no,unknown,2,-1,0,unknown,241.0,no
43,management,single,secondary,no,2306.0,yes,no,unknown,4,90,1,success,335.0,no
45,blue-collar,single,secondary,no,1657.0,no,no,cellular,4,-1,0,success,656.0,yes
44,technician,married,secondary,no,1932.0,yes,no,unknown,3,-1,1,unknown,31.0,no
67,admin.,married,secondary,no,2024.0,no,no,cellular,5,-1,0,unknown,254.0,no
57,services,married,primary,no,453.0,no,no,cellular,2,-1,0,unknown,233.0,no
41,technician,married,secondary,no,840.0,yes,no,cellular,5,-1,0,unknown,253.0,no
75,technician,single,secondary,no,3036.0,yes,no,unknown,7,180,1,unknown,276.0,no
67,services,married,tertiary,no,4687.0,no,no,unknown,1,30,0,unknown,117.0,yes
75,technician,married,secondary,no,3052.0,no,no,cellular,3,-1,0,unknown,163.0,no
63,admin.,married,secondary,no,-500.0,yes,no,cellular,4,120,0,other,96.0,no
42,blue-collar,single,secondary,no,36.0,yes,no,cellular,4,-1,0,unknown,194.0,no
65,admin.,married,secondary,no,1606.0,yes,no,unknown,5,-1,0,unknown,236.0,no
38,unemployed,married,tertiary,no,-500.0,no,no,unknown,3,-1,0,unknown,140.0,no
34,technician,single,secondary,no,-500.0,yes,yes,cellular,4,-1,1,unknown,248.0,no
45,admin.,married,secondary,no,646.0,yes,no,cellular,4,180,0,failure,63.0,no
78,admin.,single,secondary,no,2022.0,yes,yes,cellular,2,-1,1,other,66.0,no
53,blue-collar,married,tertiary,no,2512.0,no,no,unknown,1,-1,2,other,413.0,yes
41,blue-collar,married,tertiary,no,739.0,no,no,telephone,3,-1,0,success,151.0,no
46,technician,divorced,secondary,no,601.0,yes,yes,cellular,2,-1,1,unknown,103.0,no
36,blue-collar,married,secondary,no,-119.0,no,no,telephone,4,-1,0,unknown,88.0,no
58,technician,married,primary,no,2313.0,yes,no,cellular,5,-1,0,unknown,116.0,no
39,retired,married,tertiary,no,2192.0,no,no,cellular,3,-1,2,unknown,310.0,no
52,entrepreneur,divorced,tertiary,no,3033.0,no,yes,cellular,3,-1,0,failure,197.0,no
40,blue-collar,single,secondary,no,1634.0,yes,no,telephone,5,-1,1,failure,86.0,no
37,unemployed,married,secondary,no,-500.0,no,no,cellular,3,-1,1,unknown,273.0,yes
78,self-employed,married,secondary,no,772.0,no,no,unknown,5,-1,0,unknown,253.0,no
39,management,married,secondary,no,2942.0,yes,no,unknown,4,60,0,other,301.0,no
22,entrepreneur,single,tertiary,no,-500.0,no,no,cellular,2,-1,1,unknown,126.0,no
41,technician,married,secondary,no,1247.0,no,no,telephone,2,-1,0,success,174.0,no
50,technician,married,secondary,no,1913.0,no,no,cellular,2,-1,1,unknown,372.0,yes
23,technician,married,tertiary,no,5007.0,no,no,cellular,4,-1,0,failure,170.0,no
36,self-employed,divorced,tertiary,no,318.0,no,no,cellular,6,120,0,unknown,169.0,no
28,technician,married,secondary,no,1181.0,no,yes,cellular,4,-1,1,unknown,136.0,no
49,blue-collar,married,secondary,yes,4438.0,no,no,telephone,6,180,0,unknown,620.0,no
62,services,divorced,tertiary,no,341.0,yes,no,cellular,3,30,1,unknown,432.0,no
78,housemaid,married,secondary,no,3334.0,yes,no,cellular,3,-1,0,unknown,108.0,no
42,self-employed,married,tertiary,no,2107.0,yes,no,cellular,3,-1,0,failure,116.0,no
71,unemployed,married,secondary,no,1002.0,yes,yes,cellular,2,60,0,success,208.0,no
31,unemployed,married,tertiary,no,2213.0,yes,no,unknown,3,120,0,unknown,266.0,no
66,management,married,secondary,no,1134.0,yes,no,telephone,6,30,1,unknown,24.0,no
52,retired,married,secondary,no,5464.0,yes,no,telephone,2,-1,1,unknown,54.0,no
65,technician,married,tertiary,no,-500.0,yes,yes,cellular,3,-1,1,unknown,268.0,no
64,unemployed,married,primary,no,892.0,yes,yes,cellular,4,-1,3,unknown,212.0,no
51,student,single,secondary,no,944.0,no,no,unknown,1,-1,0,unknown,76.0,no
33,admin.,married,secondary,no,1159.0,yes,no,cellular,6,90,0,failure,153.0,no
50,blue-collar,single,primary,no,3345.0,no,no,unknown,5,180,2,success,171.0,no
69,technician,married,primary,no,595.0,yes,no,cellular,4,-1,0,unknown,241.0,no
78,student,married,secondary,no,2286.0,yes,no,telephone,6,-1,1,unknown,140.0,no
75,services,married,secondary,no,1817.0,no,no,cellular,7,-1,2,unknown,172.0,no
29,services,married,primary,no,2909.0,no,no,cellular,7,-1,1,unknown,373.0,no
55,housemaid,single,primary,no,1153.0,yes,yes,unknown,4,-1,1,unknown,178.0,no
24,housemaid,married,tertiary,no,1980.0,no,no,unknown,2,-1,1,unknown,66.0,no
59,technician,single,primary,no,1178.0,yes,no,cellular,6,180,0,other,174.0,no
79,blue-collar,divorced,tertiary,no,-375.0,no,no,unknown,3,-1,0,success,104.0,no
21,services,married,primary,no,4278.0,yes,no,cellular,5,-1,0,unknown,161.0,no
58,services,divorced,primary,no,28.0,yes,no,cellular,4,-1,0,unknown,116.0,no
76,technician,married,secondary,no,539.0,yes,no,unknown,3,-1,0,unknown,149.0,no
70,blue-collar,married,secondary,no,-142.0,no,no,cellular,6,30,1,unknown,136.0,no
42,services,married,secondary,no,2124.0,yes,no,telephone,2,-1,0,unknown,127.0,no
24,admin.,single,tertiary,no,539.0,no,yes,cellular,2,60,0,unknown,159.0,no
75,blue-collar,single,secondary,no,4127.0,no,no,cellular,4,-1,0,unknown,60.0,no
75,housemaid,divorced,secondary,no,2361.0,yes,yes,unknown,4,90,1,unknown,247.0,no
53,admin.,single,tertiary,no,902.0,yes,yes,telephone,4,-1,0,other,64.0,no
78,technician,married,secondary,no,-238.0,yes,no,unknown,5,-1,1,unknown,312.0,no
18,technician,divorced,tertiary,yes,1201.0,yes,no,cellular,6,-1,2,unknown,366.0,no
56,admin.,divorced,secondary,no,2336.0,no,no,cellular,4,-1,0,unknown,105.0,yes
20,technician,single,secondary,no,1317.0,no,no,cellular,5,-1,0,unknown,90.0,no
76,management,married,secondary,yes,1147.0,no,yes,unknown,3,60,0,other,171.0,yes
60,services,single,secondary,no,-437.0,yes,no,unknown,4,-1,0,other,522.0,no
74,technician,married,secondary,no,5438.0,yes,no,cellular,5,180,1,unknown,138.0,no
52,retired,divorced,tertiary,no,1038.0,yes,no,unknown,4,-1,0,unknown,131.0,no
23,blue-collar,divorced,secondary,no,-500.0,no,no,unknown,4,-1,0,unknown,112.0,no
19,admin.,single,tertiary,no,-500.0,yes,no,cellular,2,-1,1,unknown,79.0,no
38,management,married,secondary,no,781.0,no,no,cellular,1,-1,0,unknown,128.0,no
64,technician,married,primary,no,4901.0,yes,no,cellular,2,120,1,unknown,171.0,no
27,retired,divorced,secondary,no,1093.0,no,no,cellular,3,365,0,unknown,97.0,no
70,entrepreneur,single,tertiary,no,725.0,no,no,cellular,3,-1,0,unknown,278.0,no
32,admin.,single,secondary,no,2920.0,no,yes,unknown,6,-1,1,unknown,286.0,no
48,technician,divorced,tertiary,no,3052.0,no,no,unknown,2,90,1,success,246.0,no
30,blue-collar,married,secondary,no,2586.0,no,no,telephone,2,-1,0,unknown,150.0,no
46,services,divorced,tertiary,no,1760.0,yes,no,cellular,4,-1,0,unknown,178.0,no
46,services,married,tertiary,no,-500.0,yes,no,cellular,3,-1,1,unknown,136.0,no
18,blue-collar,married,tertiary,no,48.0,yes,no,cellular,2,-1,0,unknown,341.0,no
53,admin.,married,secondary,no,-500.0,yes,no,cellular,4,180,0,unknown,331.0,no
66,entrepreneur,married,secondary,no,997.0,no,no,cellular,5,-1,0,failure,186.0,no
76,blue-collar,married,tertiary,no,636.0,yes,no,telephone,3,-1,0,other,91.0,no
38,services,single,secondary,no,449.0,no,yes,cellular,2,-1,0,unknown,212.0,no
72,technician,married,secondary,no,1903.0,no,no,cellular,5,90,0,unknown,225.0,no
72,blue-collar,single,tertiary,no,217.0,no,yes,unknown,7,-1,1,unknown,113.0,no
79,retired,married,secondary,no,787.0,yes,no,telephone,2,-1,0,unknown,106.0,no
41,admin.,single,secondary,no,525.0,no,no,cellular,2,-1,0,unknown,101.0,no
70,blue-collar,married,tertiary,no,1343.0,no,no,cellular,7,-1,0,unknown,83.0,no
53,student,single,secondary,no,2056.0,no,no,unknown,2,120,0,unknown,55.0,no
21,technician,married,secondary,no,-500.0,yes,no,cellular,3,365,1,unknown,135.0,no
34,student,married,secondary,no,2216.0,yes,yes,cellular,3,-1,0,unknown,71.0,no
59,blue-collar,married,tertiary,no,1876.0,yes,no,cellular,3,-1,1,unknown,160.0,no
27,retired,married,secondary,no,2154.0,yes,no,cellular,5,-1,0,unknown,252.0,no
44,housemaid,married,tertiary,no,1640.0,yes,no,unknown,9,180,0,unknown,107.0,no
66,unemployed,married,secondary,no,2051.0,yes,no,cellular,4,-1,1,failure,384.0,no
27,services,married,tertiary,no,652.0,yes,no,unknown,4,180,0,unknown,429.0,no
48,technician,single,secondary,no,2198.0,yes,no,unknown,4,-1,1,unknown,214.0,yes
31,blue-collar,married,secondary,no,3460.0,no,no,cellular,2,-1,0,success,269.0,no
51,management,married,tertiary,no,508.0,no,no,unknown,3,-1,0,unknown,271.0,no
32,student,married,secondary,no,574.0,yes,no,cellular,4,-1,0,failure,85.0,no
77,entrepreneur,married,tertiary,no,2535.0,yes,no,unknown,10,-1,0,unknown,304.0,no
22,services,married,secondary,no,403.0,yes,no,telephone,4,-1,1,failure,36.0,no
77,management,single,secondary,no,105.0,no,no,cellular,5,-1,1,other,156.0,no
67,unemployed,married,secondary,no,2160.0,yes,no,cellular,4,180,0,unknown,138.0,no
71,blue-collar,married,tertiary,no,625.0,yes,no,cellular,5,-1,0,success,93.0,no
70,technician,married,secondary,no,3599.0,yes,no,telephone,3,-1,0,unknown,128.0,no
29,entrepreneur,married,tertiary,no,561.0,no,no,cellular,3,30,2,unknown,274.0,no
75,management,single,secondary,no,-74.0,yes,no,cellular,2,-1,0,unknown,111.0,no
54,retired,married,secondary,no,1391.0,no,no,cellular,5,180,0,unknown,189.0,no
77,blue-collar,single,tertiary,no,2184.0,no,no,cellular,5,90,1,unknown,268.0,no
72,technician,married,tertiary,no,1977.0,yes,no,cellular,4,180,1,unknown,153.0,no
53,technician,single,secondary,no,2370.0,no,no,cellular,4,30,0,unknown,136.0,no
41,technician,married,secondary,no,404.0,no,no,cellular,5,90,2,unknown,53.0,no
25,unemployed,divorced,primary,no,3444.0,yes,no,telephone,3,30,2,unknown,157.0,no
24,services,married,primary,no,-500.0,yes,no,cellular,3,-1,0,unknown,49.0,no
42,management,married,tertiary,no,-6.0,yes,no,cellular,3,-1,0,unknown,190.0,no
68,technician,divorced,secondary,no,1469.0,no,no,cellular,5,-1,0,unknown,251.0,no
49,admin.,single,secondary,no,145.0,no,no,cellular,4,30,3,unknown,153.0,no
47,technician,married,tertiary,no,843.0,no,no,cellular,3,-1,0,other,433.0,no
33,management,married,tertiary,no,-367.0,no,no,telephone,3,120,0,unknown,184.0,no
52,services,married,secondary,no,1025.0,no,no,cellular,3,180,0,failure,233.0,no
57,entrepreneur,single,tertiary,no,2234.0,yes,yes,cellular,2,-1,0,other,144.0,no
78,entrepreneur,married,secondary,no,436.0,no,yes,cellular,3,-1,0,failure,207.0,no
63,admin.,married,secondary,no,-182.0,yes,no,unknown,4,-1,0,success,434.0,yes
55,housemaid,married,tertiary,no,570.0,yes,yes,cellular,2,-1,0,unknown,325.0,yes
74,housemaid,divorced,primary,no,3387.0,no,no,unknown,3,-1,1,unknown,365.0,no
44,blue-collar,married,tertiary,no,3372.0,no,no,cellular,1,-1,1,unknown,199.0,no
75,blue-collar,married,secondary,no,539.0,yes,no,cellular,1,365,0,unknown,92.0,no
40,retired,divorced,tertiary,no,2315.0,no,no,cellular,3,-1,1,unknown,144.0,no
25,blue-collar,married,secondary,no,1367.0,yes,no,cellular,1,-1,1,unknown,55.0,no
43,technician,single,secondary,no,3711.0,yes,no,cellular,6,-1,0,unknown,142.0,no
25,admin.,single,tertiary,no,1745.0,no,no,cellular,3,-1,0,unknown,248.0,no
25,retired,married,tertiary,no,1037.0,no,no,unknown,3,60,0,unknown,147.0,yes
72,blue-collar,single,tertiary,no,4280.0,yes,yes,cellular,3,-1,1,unknown,188.0,no
67,retired,divorced,secondary,no,-263.0,no,no,telephone,1,-1,1,unknown,436.0,no
31,retired,married,secondary,no,1975.0,yes,no,cellular,3,-1,0,unknown,271.0,no
69,services,married,secondary,no,3859.0,no,no,cellular,2,30,0,other,420.0,yes
22,management,single,secondary,no,2599.0,yes,no,cellular,2,-1,0,failure,210.0,yes
35,management,married,secondary,no,27.0,yes,no,telephone,3,90,0,unknown,168.0,no
61,blue-collar,married,tertiary,no,-70.0,yes,no,unknown,6,120,0,unknown,486.0,no
36,management,married,secondary,no,-500.0,yes,no,telephone,2,-1,1,success,194.0,no
63,entrepreneur,single,secondary,no,4069.0,yes,no,telephone,3,-1,1,unknown,274.0,no
72,services,single,tertiary,no,-500.0,yes,no,cellular,1,-1,0,success,160.0,no
22,management,divorced,tertiary,no,2684.0,no,no,cellular,3,365,0,unknown,131.0,no
19,student,married,secondary,no,-500.0,no,no,telephone,3,-1,0,unknown,358.0,no
76,management,divorced,tertiary,no,6003.0,yes,no,cellular,3,365,0,unknown,115.0,no
50,blue-collar,married,tertiary,no,-500.0,yes,no,unknown,2,-1,0,other,143.0,no
49,blue-collar,single,secondary,no,1477.0,yes,no,unknown,3,-1,0,unknown,43.0,no
46,admin.,single,tertiary,no,3582.0,yes,no,cellular,2,365,1,unknown,49.0,no
44,retired,married,tertiary,no,134.0,no,no,cellular,3,-1,3,unknown,188.0,no
60,technician,married,tertiary,no,2415.0,no,no,cellular,7,30,0,success,164.0,no
53,student,married,primary,no,893.0,no,no,cellular,3,120,0,unknown,196.0,no
28,management,married,secondary,no,2099.0,yes,no,cellular,4,-1,0,unknown,319.0,no
56,blue-collar,single,tertiary,no,3345.0,no,no,cellular,5,-1,1,unknown,270.0,no
59,technician,married,secondary,no,629.0,yes,no,unknown,2,120,0,unknown,202.0,no
25,admin.,single,primary,no,4094.0,no,no,cellular,4,-1,1,other,122.0,no
41,entrepreneur,married,primary,no,2034.0,yes,yes,unknown,1,-1,1,unknown,105.0,no
67,technician,married,tertiary,no,4907.0,yes,no,cellular,6,-1,0,unknown,184.0,no
56,entrepreneur,single,secondary,no,-98.0,yes,no,unknown,5,-1,1,unknown,242.0,no
26,blue-collar,married,tertiary,no,244.0,yes,no,cellular,5,30,0,success,98.0,no
20,blue-collar,divorced,secondary,no,982.0,no,no,cellular,6,-1,0,unknown,185.0,no
54,self-employed,divorced,tertiary,no,-500.0,yes,yes,cellular,2,-1,0,unknown,57.0,no
46,blue-collar,married,primary,no,3067.0,no,no,unknown,3,-1,0,other,106.0,no
77,services,married,tertiary,no,1263.0,no,no,unknown,8,30,1,unknown,146.0,no
50,management,married,tertiary,no,-500.0,no,no,cellular,2,365,0,failure,87.0,no
75,blue-collar,single,secondary,no,-81.0,no,no,cellular,2,-1,0,unknown,342.0,no
31,blue-collar,married,secondary,no,-166.0,yes,no,cellular,1,-1,1,unknown,160.0,no
45,technician,divorced,tertiary,no,3063.0,yes,no,cellular,6,-1,0,success,82.0,no
26,entrepreneur,divorced,tertiary,no,2223.0,yes,no,unknown,7,120,0,unknown,31.0,no
53,services,married,secondary,yes,1161.0,yes,no,telephone,1,-1,0,unknown,76.0,no
29,management,single,secondary,no,742.0,yes,no,cellular,3,-1,1,other,438.0,yes
48,admin.,married,tertiary,no,970.0,yes,no,cellular,4,-1,1,unknown,112.0,no
39,management,married,tertiary,no,4606.0,no,no,cellular,1,-1,0,failure,181.0,no
29,management,married,secondary,no,979.0,no,no,cellular,4,180,1,unknown,241.0,no
24,management,single,secondary,no,2944.0,yes,yes,telephone,2,30,0,unknown,73.0,no
49,technician,married,primary,no,807.0,no,no,cellular,4,30,3,other,44.0,no
76,technician,divorced,tertiary,no,4428.0,no,yes,unknown,5,-1,0,unknown,71.0,no
30,technician,married,tertiary,no,-500.0,yes,no,unknown,1,365,2,other,163.0,no
43,retired,single,secondary,no,2853.0,no,no,unknown,2,-1,0,unknown,248.0,no
31,retired,divorced,secondary,yes,33.0,no,no,cellular,3,-1,0,unknown,69.0,no
68,services,single,secondary,no,5384.0,no,no,unknown,2,60,1,success,176.0,no
43,blue-collar,married,secondary,no,2655.0,no,no,cellular,5,30,1,unknown,59.0,no
78,technician,married,tertiary,no,-500.0,no,no,cellular,3,-1,1,unknown,147.0,no
33,technician,married,tertiary,no,-277.0,no,yes,unknown,3,-1,0,unknown,28.0,no
23,blue-collar,married,secondary,no,2633.0,yes,no,cellular,4,-1,0,unknown,193.0,no
54,technician,divorced,primary,no,2584.0,yes,no,cellular,7,30,1,unknown,260.0,no
58,technician,married,primary,no,2450.0,no,yes,cellular,4,-1,0,unknown,163.0,no
79,housemaid,married,tertiary,no,1682.0,no,no,cellular,2,-1,0,unknown,303.0,no
72,technician,single,secondary,no,826.0,yes,no,cellular,4,90,0,other,231.0,no
72,blue-collar,married,secondary,no,3356.0,yes,no,cellular,2,-1,0,unknown,220.0,no
57,admin.,divorced,tertiary,no,-155.0,yes,no,cellular,1,-1,1,success,326.0,no
40,blue-collar,married,secondary,no,1496.0,yes,no,cellular,2,-1,1,success,265.0,yes
44,retired,married,tertiary,no,284.0,no,no,unknown,3,-1,3,success,158.0,no
26,blue-collar,single,primary,no,140.0,no,no,cellular,2,-1,0,failure,235.0,no
44,technician,married,secondary,no,574.0,no,yes,cellular,2,120,1,unknown,100.0,no
40,blue-collar,divorced,tertiary,no,77.0,no,no,cellular,3,-1,0,failure,133.0,no
20,blue-collar,married,tertiary,no,2389.0,yes,no,unknown,1,-1,0,unknown,98.0,no
30,services,married,tertiary,no,-500.0,no,no,cellular,4,30,1,success,109.0,no
51,admin.,married,secondary,no,2176.0,no,no,cellular,5,-1,0,unknown,211.0,no
40,services,married,secondary,no,258.0,yes,no,cellular,2,-1,0,unknown,121.0,no
79,entrepreneur,married,secondary,no,1455.0,yes,no,cellular,5,-1,1,success,64.0,no
47,unemployed,married,primary,no,1100.0,no,no,cellular,3,60,0,unknown,233.0,no
77,services,married,secondary,no,501.0,no,no,cellular,4,60,0,failure,483.0,no
58,admin.,divorced,secondary,no,3584.0,yes,no,cellular,3,-1,1,unknown,173.0,no
20,admin.,married,primary,no,732.0,no,no,unknown,6,-1,1,failure,132.0,no
30,admin.,single,secondary,no,2666.0,yes,no,cellular,3,-1,0,success,298.0,yes
61,technician,married,primary,no,2689.0,no,no,unknown,2,-1,1,unknown,449.0,no
51,services,single,secondary,yes,909.0,no,no,unknown,2,-1,0,unknown,240.0,no
36,management,married,tertiary,no,-500.0,yes,no,unknown,4,-1,0,unknown,969.0,yes
50,blue-collar,married,tertiary,no,-188.0,yes,no,unknown,4,-1,0,unknown,156.0,no
73,technician,married,secondary,no,3702.0,yes,yes,unknown,4,-1,1,unknown,206.0,no
42,blue-collar,married,secondary,no,2287.0,yes,no,cellular,4,-1,0,unknown,227.0,no
20,services,married,tertiary,no,1650.0,no,no,cellular,2,90,0,unknown,66.0,no
37,student,married,secondary,no,379.0,yes,no,cellular,4,90,1,success,190.0,no
76,blue-collar,divorced,tertiary,no,4517.0,no,no,telephone,6,-1,0,unknown,174.0,no
65,management,married,primary,no,-163.0,no,no,cellular,2,-1,0,unknown,256.0,no
69,blue-collar,divorced,secondary,no,1651.0,no,no,cellular,1,-1,0,unknown,240.0,no
74,entrepreneur,married,secondary,no,2303.0,no,no,unknown,2,-1,0,failure,104.0,no
25,technician,married,tertiary,no,-500.0,no,yes,cellular,4,-1,1,unknown,191.0,no
35,services,married,secondary,no,35.0,yes,no,unknown,2,-1,0,success,206.0,no
21,technician,married,secondary,no,576.0,no,no,cellular,1,-1,0,unknown,65.0,no
18,retired,single,secondary,no,2951.0,yes,yes,cellular,4,-1,1,success,62.0,no
69,blue-collar,married,secondary,no,612.0,no,no,cellular,4,-1,0,success,310.0,no
76,services,single,tertiary,no,-500.0,yes,no,cellular,2,-1,0,unknown,262.0,no
27,management,married,secondary,no,-500.0,yes,no,cellular,2,365,1,unknown,99.0,no
62,blue-collar,married,primary,no,19.0,no,no,unknown,2,-1,0,unknown,147.0,no
51,housemaid,married,secondary,no,-500.0,yes,no,telephone,3,-1,0,unknown,191.0,no
22,services,single,secondary,no,2784.0,yes,no,unknown,2,120,0,unknown,550.0,yes
74,services,married,tertiary,no,2854.0,yes,no,cellular,2,-1,2,unknown,234.0,no
72,blue-collar,divorced,tertiary,no,1413.0,yes,no,cellular,1,-1,0,unknown,44.0,yes
53,technician,married,primary,no,926.0,no,no,cellular,3,60,2,unknown,152.0,no
61,entrepreneur,married,secondary,no,2735.0,yes,no,cellular,1,30,2,unknown,88.0,yes
42,blue-collar,single,tertiary,no,2660.0,yes,yes,cellular,2,-1,0,unknown,78.0,no
67,blue-collar,married,secondary,no,-376.0,no,yes,cellular,6,-1,0,unknown,218.0,yes
45,technician,single,secondary,no,-127.0,yes,yes,telephone,3,-1,1,other,128.0,no
79,blue-collar,married,secondary,no,2672.0,no,no,unknown,1,60,0,success,99.0,no
21,management,single,secondary,no,1887.0,yes,no,unknown,2,-1,0,other,238.0,no
28,blue-collar,married,secondary,no,2495.0,no,no,cellular,3,120,0,success,183.0,no
78,services,divorced,secondary,no,-209.0,yes,no,cellular,3,-1,1,failure,472.0,no
35,student,married,tertiary,no,47.0,yes,no,telephone,4,60,0,success,227.0,no
37,blue-collar,single,secondary,no,2235.0,no,no,telephone,3,-1,0,unknown,445.0,no
67,technician,married,tertiary,no,172.0,yes,no,cellular,2,-1,0,unknown,148.0,no
29,admin.,single,secondary,no,-500.0,no,no,cellular,6,90,1,unknown,162.0,no
49,blue-collar,single,secondary,no,200.0,yes,yes,cellular,2,-1,0,unknown,32.0,no
35,self-employed,single,secondary,no,1031.0,no,no,unknown,1,-1,1,unknown,116.0,no
30,services,married,secondary,no,4462.0,no,yes,unknown,6,180,0,success,469.0,yes
77,blue-collar,married,secondary,no,-109.0,yes,no,telephone,2,-1,0,other,141.0,no
30,retired,single,secondary,yes,1289.0,yes,no,cellular,2,-1,0,unknown,123.0,no
23,blue-collar,married,primary,no,5077.0,no,no,cellular,4,-1,0,unknown,87.0,no
59,retired,single,secondary,no,-500.0,yes,no,unknown,4,-1,1,failure,488.0,no
71,services,married,primary,no,2589.0,yes,no,cellular,1,-1,0,failure,266.0,no
25,technician,married,secondary,no,120.0,no,no,unknown,6,-1,1,success,299.0,no
61,management,married,secondary,no,2123.0,no,no,cellular,5,60,0,unknown,357.0,yes
51,services,single,secondary,no,5602.0,yes,no,unknown,2,-1,1,unknown,102.0,no
69,retired,married,tertiary,no,2825.0,yes,no,unknown,5,30,0,success,310.0,no
25,blue-collar,married,tertiary,no,1673.0,yes,no,unknown,7,-1,1,success,33.0,no
78,blue-collar,single,tertiary,no,-312.0,yes,no,cellular,4,-1,1,unknown,87.0,no
56,unemployed,married,tertiary,no,1084.0,yes,no,unknown,3,-1,0,unknown,32.0,no
70,blue-collar,divorced,primary,no,382.0,no,no,cellular,3,-1,0,other,42.0,no
40,technician,married,secondary,no,-500.0,no,no,cellular,3,-1,0,unknown,65.0,no
76,blue-collar,married,secondary,no,-500.0,yes,no,cellular,4,-1,0,unknown,108.0,no
56,technician,married,primary,no,-95.0,no,no,unknown,2,-1,0,unknown,184.0,no
25,blue-collar,married,tertiary,no,1343.0,yes,no,cellular,2,180,0,unknown,184.0,no
75,technician,single,tertiary,no,3415.0,yes,no,cellular,4,-1,1,unknown,363.0,no
67,services,married,secondary,no,71.0,no,no,cellular,3,-1,0,success,247.0,no
36,admin.,married,tertiary,no,1745.0,no,no,unknown,3,120,0,unknown,612.0,no
51,services,married,tertiary,no,-500.0,no,no,cellular,5,-1,1,unknown,71.0,no
42,self-employed,single,secondary,no,-41.0,no,yes,cellular,4,-1,1,unknown,142.0,no
51,blue-collar,single,primary,no,-500.0,yes,no,cellular,3,-1,1,success,170.0,no
77,blue-collar,married,tertiary,no,5421.0,no,no,cellular,5,-1,0,other,393.0,no
73,services,married,tertiary,no,1756.0,no,no,cellular,1,-1,0,unknown,172.0,no
31,services,married,secondary,no,1700.0,yes,no,cellular,3,-1,1,unknown,185.0,no
78,blue-collar,single,primary,no,2363.0,yes,no,cellular,4,60,1,unknown,306.0,no
45,technician,married,tertiary,no,5958.0,yes,yes,cellular,5,-1,1,success,94.0,no
61,blue-collar,married,tertiary,no,617.0,yes,no,cellular,4,-1,0,unknown,245.0,no
65,admin.,single,secondary,no,-365.0,yes,no,cellular,1,30,0,unknown,9.0,no
47,self-employed,married,tertiary,no,5000.0,yes,no,cellular,6,30,0,unknown,32.0,no
46,admin.,single,secondary,no,-500.0,no,no,unknown,3,-1,0,unknown,119.0,no
46,blue-collar,married,tertiary,no,3737.0,yes,no,cellular,4,120,0,unknown,190.0,no
71,management,divorced,secondary,no,1267.0,yes,no,cellular,4,365,1,unknown,110.0,no
41,blue-collar,married,tertiary,no,2180.0,no,yes,unknown,3,-1,1,unknown,191.0,no
35,blue-collar,married,tertiary,no,-500.0,yes,no,cellular,2,-1,0,other,152.0,no
40,services,married,tertiary,no,6068.0,yes,no,cellular,3,-1,0,unknown,353.0,yes
30,retired,married,secondary,no,712.0,no,no,cellular,5,365,0,failure,41.0,no
42,technician,single,tertiary,no,138.0,yes,no,cellular,4,-1,0,unknown,259.0,no
25,retired,married,secondary,no,2387.0,yes,yes,unknown,5,-1,1,unknown,187.0,no
23,management,married,primary,no,239.0,yes,no,unknown,2,-1,0,failure,149.0,no
62,blue-collar,single,secondary,no,2164.0,yes,yes,cellular,4,-1,1,unknown,302.0,no
22,technician,married,secondary,no,-500.0,yes,no,cellular,3,-1,0,success,265.0,no
53,blue-collar,single,secondary,no,1662.0,no,yes,cellular,2,30,2,success,67.0,no
66,blue-collar,single,secondary,no,314.0,no,no,cellular,6,120,0,unknown,120.0,no
62,technician,married,primary,no,-10.0,yes,yes,cellular,4,-1,1,unknown,348.0,no
45,services,single,secondary,no,-294.0,yes,no,cellular,6,-1,1,other,116.0,no
30,self-employed,single,tertiary,no,2995.0,yes,no,telephone,4,90,0,unknown,6.0,no
75,admin.,single,secondary,no,769.0,no,no,cellular,1,-1,0,unknown,82.0,yes
69,blue-collar,married,secondary,no,1069.0,yes,no,telephone,1,60,0,unknown,206.0,no
55,management,married,secondary,no,2169.0,no,no,unknown,2,-1,0,unknown,117.0,no
23,services,divorced,secondary,no,3452.0,yes,yes,unknown,3,-1,0,failure,268.0,no
20,management,married,secondary,no,-262.0,no,no,cellular,4,-1,0,unknown,206.0,no
37,admin.,married,secondary,no,1797.0,yes,no,cellular,2,-1,0,unknown,57.0,no
27,blue-collar,married,tertiary,no,-237.0,yes,yes,unknown,3,120,0,unknown,288.0,yes
71,self-employed,single,tertiary,no,1025.0,yes,yes,unknown,2,-1,1,unknown,133.0,no
30,services,single,secondary,no,3317.0,yes,yes,telephone,7,-1,0,unknown,106.0,no
35,admin.,divorced,primary,no,-500.0,no,yes,cellular,2,90,1,unknown,441.0,no
78,admin.,divorced,secondary,no,-261.0,yes,no,cellular,4,-1,0,unknown,212.0,no
68,blue-collar,married,secondary,no,984.0,yes,no,cellular,6,-1,2,other,85.0,no
31,admin.,single,secondary,no,2085.0,no,no,cellular,5,-1,0,unknown,223.0,no
41,retired,married,secondary,yes,3596.0,no,no,cellular,1,-1,1,unknown,232.0,no
49,blue-collar,married,secondary,no,-500.0,yes,no,telephone,2,-1,1,unknown,68.0,no
59,services,married,secondary,no,3948.0,no,no,telephone,2,60,2,success,159.0,no
76,student,divorced,tertiary,no,2337.0,no,no,cellular,3,120,1,unknown,140.0,no
72,technician,married,secondary,no,967.0,yes,yes,unknown,2,-1,0,failure,134.0,no
78,technician,married,secondary,no,-500.0,no,no,unknown,6,-1,0,failure,182.0,no
20,blue-collar,married,tertiary,no,370.0,yes,no,cellular,3,-1,1,unknown,67.0,no
32,admin.,married,secondary,no,3245.0,no,no,unknown,7,-1,2,unknown,333.0,no
52,blue-collar,married,primary,no,1448.0,no,no,cellular,3,-1,0,unknown,205.0,no
21,services,married,primary,no,1075.0,no,yes,cellular,2,30,1,unknown,433.0,no
40,admin.,married,tertiary,no,-349.0,yes,no,cellular,2,-1,0,unknown,328.0,yes
27,blue-collar,married,secondary,no,2722.0,no,no,unknown,1,-1,0,unknown,127.0,no
75,blue-collar,single,secondary,no,1131.0,no,no,cellular,2,-1,0,other,296.0,no
21,blue-collar,single,primary,no,974.0,yes,no,cellular,3,-1,1,other,167.0,no
27,services,single,secondary,yes,1229.0,yes,no,unknown,3,-1,0,unknown,242.0,no
30,services,married,secondary,no,239.0,no,no,unknown,2,-1,1,failure,135.0,no
27,retired,married,secondary,no,-68.0,yes,no,unknown,4,-1,1,unknown,136.0,no
53,technician,married,secondary,no,-500.0,no,no,cellular,5,120,0,success,181.0,no
40,admin.,divorced,secondary,no,285.0,no,no,unknown,3,-1,0,unknown,174.0,no
74,blue-collar,married,tertiary,no,-500.0,no,no,cellular,4,365,0,unknown,54.0,no
34,entrepreneur,married,secondary,no,2274.0,yes,no,cellular,3,-1,0,unknown,227.0,no
51,services,divorced,secondary,no,198.0,yes,no,cellular,3,-1,0,unknown,237.0,no
58,retired,divorced,secondary,no,694.0,no,no,cellular,2,-1,2,unknown,255.0,no
56,admin.,married,secondary,no,1333.0,no,no,cellular,2,-1,0,unknown,142.0,no
67,technician,single,secondary,no,-44.0,yes,no,telephone,1,-1,0,unknown,21.0,no
30,blue-collar,married,primary,no,-500.0,yes,no,cellular,3,60,0,unknown,133.0,no
49,blue-collar,married,tertiary,no,1799.0,yes,no,cellular,1,30,0,failure,163.0,no
67,self-employed,married,secondary,no,4800.0,yes,no,telephone,4,-1,1,unknown,549.0,yes
71,technician,divorced,secondary,no,3038.0,yes,no,unknown,6,-1,0,unknown,208.0,no
56,services,married,tertiary,no,3704.0,yes,yes,cellular,6,-1,0,unknown,105.0,no
58,technician,single,secondary,no,-500.0,no,no,cellular,2,-1,0,unknown,204.0,no
71,blue-collar,married,primary,no,1055.0,yes,no,unknown,6,-1,1,failure,62.0,no
56,self-employed,single,tertiary,no,1044.0,no,no,cellular,3,-1,0,unknown,191.0,no
76,technician,single,secondary,no,3971.0,yes,no,cellular,3,180,1,unknown,262.0,no
25,management,single,secondary,no,3050.0,no,no,cellular,2,90,0,unknown,121.0,no
39,blue-collar,divorced,secondary,no,1105.0,yes,yes,telephone,2,-1,0,unknown,127.0,no
24,unemployed,single,secondary,yes,-500.0,no,yes,cellular,7,-1,0,unknown,385.0,no
23,blue-collar,single,secondary,no,-500.0,no,no,cellular,2,-1,0,unknown,74.0,yes
47,housemaid,married,tertiary,no,2539.0,no,no,cellular,6,30,0,success,475.0,no
32,technician,divorced,tertiary,no,823.0,no,no,cellular,2,120,0,success,374.0,yes
43,technician,married,secondary,no,1202.0,no,no,unknown,5,-1,2,unknown,234.0,no
45,unemployed,married,tertiary,no,2505.0,no,no,cellular,3,120,0,unknown,368.0,no
56,technician,married,tertiary,no,3437.0,yes,no,unknown,3,-1,0,unknown,123.0,yes
76,admin.,married,primary,no,-2.0,yes,no,cellular,4,-1,0,other,142.0,no
70,technician,married,secondary,no,2465.0,yes,no,cellular,3,-1,0,unknown,44.0,no
41,management,married,primary,no,4301.0,yes,no,cellular,3,60,2,unknown,206.0,yes
38,services,married,secondary,no,3970.0,no,no,cellular,3,-1,0,unknown,204.0,no
65,entrepreneur,divorced,tertiary,no,445.0,yes,yes,cellular,4,-1,2,unknown,340.0,no
25,technician,divorced,tertiary,no,1931.0,yes,no,cellular,2,-1,2,success,116.0,yes
51,retired,married,tertiary,no,2751.0,no,yes,cellular,4,30,0,success,29.0,no
44,technician,divorced,secondary,no,1436.0,yes,no,telephone,2,365,0,unknown,138.0,no
29,blue-collar,married,primary,no,951.0,yes,no,unknown,3,-1,2,unknown,203.0,no
56,blue-collar,married,primary,no,-500.0,no,no,cellular,4,30,1,success,138.0,no
37,management,divorced,secondary,no,-157.0,no,no,cellular,3,-1,0,unknown,17.0,no
29,admin.,single,secondary,no,148.0,yes,no,cellular,7,30,0,unknown,113.0,no
58,services,single,secondary,yes,-500.0,no,no,cellular,4,180,0,unknown,257.0,no
28,blue-collar,married,secondary,no,1597.0,no,yes,cellular,6,-1,0,unknown,364.0,no
59,retired,married,secondary,yes,2960.0,no,yes,unknown,3,-1,0,unknown,86.0,no
28,admin.,married,secondary,no,645.0,no,no,unknown,4,-1,1,unknown,29.0,no
44,blue-collar,divorced,secondary,no,-500.0,yes,no,unknown,2,-1,0,unknown,209.0,yes
68,self-employed,married,tertiary,no,1187.0,yes,no,telephone,4,60,0,failure,141.0,no
32,blue-collar,married,secondary,no,1893.0,yes,no,unknown,4,120,1,other,211.0,no
65,blue-collar,married,secondary,no,1771.0,yes,no,unknown,5,60,0,success,219.0,yes
62,blue-collar,single,secondary,no,102.0,no,no,cellular,2,-1,1,unknown,20.0,no
73,blue-collar,married,secondary,no,-500.0,no,no,cellular,3,-1,1,unknown,120.0,no
28,self-employed,single,secondary,no,2996.0,no,yes,cellular,1,30,0,failure,133.0,no
62,blue-collar,married,tertiary,no,2033.0,no,no,cellular,5,-1,0,unknown,300.0,no
76,blue-collar,married,secondary,no,174.0,yes,yes,cellular,3,-1,0,failure,92.0,no
65,services,married,secondary,no,-500.0,yes,no,cellular,3,90,0,unknown,535.0,no
29,management,married,secondary,no,1801.0,no,no,unknown,6,-1,0,unknown,252.0,no
68,self-employed,single,primary,yes,-216.0,yes,no,cellular,5,-1,1,failure,153.0,no
24,blue-collar,single,tertiary,no,2089.0,yes,no,cellular,6,120,0,unknown,396.0,no
54,technician,married,tertiary,no,1684.0,no,no,unknown,2,-1,2,unknown,39.0,no
48,housemaid,married,secondary,no,5138.0,yes,no,unknown,3,-1,2,unknown,63.0,no
50,blue-collar,married,secondary,no,1260.0,yes,no,unknown,1,30,0,other,37.0,no
50,technician,divorced,secondary,no,5001.0,yes,no,unknown,6,-1,1,unknown,641.0,no
19,services,divorced,secondary,no,1547.0,yes,no,cellular,3,-1,0,unknown,80.0,no
49,self-employed,single,secondary,no,200.0,yes,no,cellular,2,365,0,unknown,80.0,no
76,technician,married,tertiary,no,-500.0,yes,no,cellular,4,180,1,failure,102.0,no
45,admin.,married,tertiary,no,-179.0,yes,no,cellular,2,-1,0,unknown,75.0,no
35,technician,divorced,secondary,no,2172.0,no,yes,telephone,8,-1,0,unknown,64.0,no
79,services,married,tertiary,no,1632.0,yes,no,unknown,3,-1,0,unknown,215.0,no
24,blue-collar,single,primary,no,-500.0,no,no,unknown,5,90,1,unknown,102.0,no
48,blue-collar,divorced,secondary,no,3236.0,yes,yes,cellular,3,-1,0,success,85.0,no
49,admin.,single,primary,no,4058.0,yes,no,cellular,4,-1,0,unknown,168.0,no
47,technician,single,secondary,no,-500.0,no,no,cellular,3,30,0,success,40.0,no
75,blue-collar,married,secondary,no,3222.0,yes,no,cellular,1,180,1,unknown,94.0,no
44,blue-collar,divorced,tertiary,no,4430.0,no,yes,cellular,2,-1,2,unknown,191.0,no
78,services,married,secondary,no,-500.0,no,no,cellular,4,-1,0,unknown,63.0,no
22,services,divorced,secondary,no,559.0,yes,no,cellular,1,60,0,unknown,225.0,no
63,blue-collar,married,primary,no,-129.0,yes,no,cellular,6,120,0,unknown,461.0,yes
54,technician,single,primary,no,3153.0,no,no,unknown,2,-1,0,unknown,22.0,no
32,management,divorced,secondary,no,654.0,yes,no,cellular,4,-1,0,unknown,237.0,no
32,technician,married,primary,no,582.0,yes,no,cellular,3,-1,1,unknown,254.0,no
62,admin.,married,secondary,no,2158.0,yes,no,telephone,2,30,0,success,249.0,no
57,admin.,married,secondary,no,4207.0,yes,no,cellular,2,-1,2,unknown,227.0,no
55,services,single,secondary,yes,1289.0,yes,no,unknown,2,-1,0,unknown,70.0,no
21,blue-collar,single,secondary,no,553.0,no,no,unknown,5,-1,1,unknown,106.0,no
55,retired,married,tertiary,no,888.0,yes,no,cellular,2,-1,0,unknown,176.0,no
78,admin.,single,primary,no,2585.0,yes,no,cellular,4,-1,1,unknown,44.0,no
19,student,divorced,tertiary,no,-500.0,yes,no,cellular,3,-1,1,unknown,300.0,no
47,technician,divorced,secondary,yes,1370.0,yes,yes,unknown,3,-1,1,unknown,567.0,no
48,technician,single,secondary,no,-288.0,yes,yes,cellular,5,-1,0,unknown,442.0,no
73,technician,divorced,tertiary,no,-500.0,no,no,unknown,1,-1,0,other,156.0,no
35,technician,single,secondary,no,-500.0,yes,no,unknown,6,60,2,success,88.0,no
47,management,married,tertiary,no,473.0,yes,no,unknown,3,-1,0,unknown,30.0,no
62,entrepreneur,divorced,primary,no,3342.0,no,no,telephone,5,-1,1,unknown,234.0,no
21,technician,married,secondary,no,-500.0,yes,no,cellular,2,90,0,unknown,132.0,no
67,technician,divorced,secondary,no,2377.0,yes,no,cellular,2,120,0,unknown,191.0,no
68,technician,single,tertiary,no,232.0,yes,no,cellular,3,-1,1,unknown,22.0,no
62,student,single,secondary,no,-500.0,yes,no,cellular,2,30,2,unknown,121.0,no
58,blue-collar,married,tertiary,no,2019.0,yes,no,unknown,3,-1,0,unknown,54.0,no
64,technician,married,secondary,no,3759.0,yes,no,cellular,2,180,0,unknown,173.0,no
66,technician,married,tertiary,no,4096.0,no,no,unknown,2,-1,0,unknown,193.0,no
74,services,single,tertiary,no,1911.0,no,yes,cellular,2,120,0,unknown,241.0,no
44,technician,single,tertiary,no,1273.0,yes,no,cellular,2,-1,0,other,100.0,yes
46,retired,married,secondary,no,2105.0,no,no,cellular,3,-1,0,unknown,298.0,no
57,technician,married,tertiary,no,5859.0,yes,no,cellular,5,365,2,success,161.0,no
29,admin.,single,primary,no,873.0,yes,yes,telephone,3,60,2,unknown,231.0,no
71,technician,married,tertiary,no,3443.0,no,no,cellular,5,30,1,unknown,146.0,no
65,admin.,married,tertiary,no,334.0,yes,no,cellular,2,-1,0,other,99.0,no
57,blue-collar,married,secondary,no,-95.0,yes,no,cellular,4,-1,0,unknown,234.0,no
36,blue-collar,single,primary,no,4584.0,no,no,cellular,3,-1,0,unknown,142.0,no
39,management,married,secondary,no,1405.0,no,no,cellular,3,60,0,unknown,345.0,yes
44,blue-collar,single,secondary,no,1804.0,yes,no,cellular,6,-1,1,unknown,61.0,no
59,technician,married,secondary,yes,2385.0,yes,no,unknown,1,-1,0,unknown,93.0,no
66,retired,married,secondary,no,-207.0,no,no,telephone,4,-1,2,failure,119.0,no
59,technician,single,tertiary,yes,611.0,no,no,cellular,4,120,1,other,299.0,no
75,blue-collar,divorced,tertiary,no,244.0,yes,no,telephone,7,-1,0,unknown,218.0,no
77,admin.,married,secondary,no,1998.0,yes,no,telephone,3,-1,0,unknown,201.0,no
61,student,single,tertiary,no,2060.0,yes,no,unknown,3,60,0,unknown,121.0,no
40,services,single,tertiary,no,319.0,yes,no,cellular,3,-1,0,unknown,270.0,no
55,retired,divorced,tertiary,no,5050.0,yes,no,telephone,6,-1,0,unknown,162.0,no
44,technician,married,secondary,yes,1351.0,yes,no,cellular,1,-1,2,failure,83.0,no
57,technician,married,tertiary,no,1585.0,yes,no,cellular,4,-1,0,unknown,197.0,no
68,self-employed,married,secondary,no,3818.0,yes,no,telephone,5,90,1,other,121.0,no
40,technician,single,primary,no,-175.0,yes,no,cellular,2,-1,0,unknown,85.0,no
49,services,single,secondary,no,462.0,no,no,unknown,7,30,1,success,59.0,no
20,services,married,tertiary,no,1914.0,yes,no,cellular,4,-1,2,unknown,216.0,no
63,blue-collar,married,secondary,no,-500.0,no,no,cellular,5,-1,0,unknown,347.0,no
48,admin.,married,tertiary,no,973.0,yes,no,telephone,2,-1,0,unknown,113.0,no
46,blue-collar,married,tertiary,no,5092.0,yes,no,cellular,6,60,3,other,253.0,yes
51,student,divorced,secondary,no,4692.0,no,no,cellular,2,365,0,unknown,43.0,no
31,services,married,primary,no,3015.0,yes,no,cellular,2,120,0,unknown,353.0,no
55,blue-collar,single,primary,no,3529.0,yes,no,cellular,3,-1,1,unknown,216.0,no
64,self-employed,married,secondary,no,2288.0,yes,yes,cellular,3,-1,0,failure,224.0,yes
39,blue-collar,divorced,tertiary,no,623.0,yes,yes,telephone,2,180,0,unknown,172.0,no
26,blue-collar,single,secondary,no,4358.0,yes,no,cellular,4,-1,0,success,64.0,no
41,technician,married,primary,no,-308.0,no,no,cellular,2,-1,1,unknown,384.0,no
30,housemaid,single,primary,no,3143.0,yes,no,cellular,7,-1,2,other,535.0,no
41,blue-collar,single,secondary,no,483.0,yes,no,cellular,2,30,0,other,178.0,no
56,management,divorced,secondary,no,592.0,yes,no,unknown,2,-1,1,unknown,149.0,no
25,entrepreneur,married,secondary,no,2370.0,yes,yes,cellular,3,-1,1,unknown,134.0,no
64,services,married,primary,no,5061.0,yes,no,cellular,5,-1,0,unknown,153.0,no
31,technician,married,secondary,no,3972.0,yes,no,telephone,4,-1,0,unknown,122.0,no
73,self-employed,single,tertiary,no,2010.0,no,no,cellular,3,-1,0,unknown,93.0,no
63,self-employed,married,secondary,yes,1513.0,yes,no,unknown,4,30,0,failure,145.0,no
34,blue-collar,divorced,primary,no,2807.0,no,no,cellular,4,120,0,unknown,132.0,no
52,retired,married,secondary,no,3857.0,no,no,cellular,4,-1,1,unknown,252.0,no
24,blue-collar,divorced,tertiary,no,-500.0,no,yes,unknown,5,-1,1,failure,130.0,no
24,admin.,married,primary,no,1171.0,yes,yes,unknown,3,30,0,success,281.0,no
77,technician,married,primary,no,-494.0,yes,no,cellular,1,-1,1,failure,177.0,no
67,management,married,secondary,no,1006.0,yes,no,cellular,3,-1,0,failure,253.0,no
27,management,single,secondary,no,-500.0,yes,no,unknown,2,-1,0,unknown,108.0,no
35,admin.,single,tertiary,no,-500.0,no,no,cellular,3,-1,0,unknown,499.0,no
30,technician,married,tertiary,no,-500.0,yes,no,unknown,4,30,1,other,63.0,no
42,blue-collar,married,primary,no,404.0,yes,no,cellular,5,120,0,unknown,104.0,no
36,housemaid,divorced,tertiary,no,2456.0,yes,no,unknown,3,-1,1,unknown,213.0,no
38,technician,married,secondary,no,-65.0,no,no,telephone,3,-1,2,failure,140.0,no
50,management,married,secondary,yes,-158.0,yes,no,unknown,2,-1,1,other,132.0,no
29,technician,divorced,secondary,no,2112.0,yes,yes,cellular,5,-1,0,unknown,236.0,no
72,blue-collar,married,secondary,no,1916.0,yes,no,unknown,2,-1,0,failure,241.0,no
63,services,married,tertiary,no,4464.0,no,yes,cellular,5,-1,0,unknown,57.0,no
65,unemployed,married,primary,no,3082.0,yes,no,cellular,2,-1,0,unknown,249.0,no
28,retired,single,secondary,no,-447.0,yes,yes,unknown,6,-1,0,unknown,233.0,no
61,services,married,tertiary,no,193.0,yes,no,cellular,7,-1,0,unknown,203.0,no
69,entrepreneur,divorced,secondary,no,2744.0,no,no,cellular,2,-1,1,failure,246.0,no
28,student,married,primary,no,-196.0,no,yes,telephone,7,365,1,success,285.0,no
64,technician,divorced,primary,no,816.0,yes,no,unknown,3,-1,0,failure,85.0,no
40,services,married,tertiary,yes,-500.0,yes,no,cellular,6,30,1,unknown,151.0,no
66,technician,married,tertiary,no,-500.0,yes,yes,cellular,2,180,0,failure,310.0,no
47,self-employed,married,primary,no,3667.0,yes,no,cellular,5,60,1,unknown,122.0,no
67,retired,married,secondary,no,1701.0,no,no,cellular,4,-1,0,other,223.0,no
27,blue-collar,married,secondary,no,268.0,yes,no,telephone,3,-1,1,unknown,68.0,no
42,services,single,tertiary,no,521.0,no,no,cellular,4,-1,1,unknown,103.0,no
34,technician,single,primary,no,4488.0,no,yes,unknown,5,60,0,unknown,378.0,no
33,services,single,secondary,no,218.0,no,yes,unknown,4,-1,1,unknown,157.0,no
37,blue-collar,married,secondary,no,2252.0,yes,no,unknown,4,-1,1,unknown,193.0,no
41,retired,single,primary,no,2969.0,yes,no,cellular,3,-1,0,unknown,204.0,no
25,student,married,secondary,no,4001.0,yes,no,cellular,5,-1,0,unknown,144.0,no
61,technician,single,tertiary,no,-132.0,no,yes,cellular,3,-1,0,unknown,160.0,no
52,blue-collar,single,tertiary,no,-500.0,yes,no,cellular,4,-1,0,unknown,206.0,no
69,blue-collar,married,secondary,no,-500.0,no,no,unknown,1,30,0,unknown,64.0,no
61,housemaid,married,tertiary,no,2716.0,yes,yes,unknown,1,-1,1,failure,97.0,no
27,blue-collar,divorced,secondary,no,4985.0,yes,no,cellular,5,-1,0,unknown,247.0,no
22,unemployed,married,tertiary,no,2778.0,no,no,cellular,6,30,0,unknown,260.0,no
44,housemaid,single,tertiary,no,213.0,yes,no,cellular,3,-1,0,unknown,65.0,no
47,retired,divorced,secondary,no,3538.0,no,no,cellular,5,30,1,unknown,191.0,no
32,blue-collar,married,secondary,no,556.0,yes,no,telephone,2,30,0,unknown,138.0,no
66,management,married,primary,no,-97.0,yes,no,telephone,3,-1,0,unknown,188.0,no
54,unemployed,married,secondary,no,803.0,yes,no,telephone,3,365,1,unknown,111.0,yes
64,management,single,secondary,no,354.0,yes,no,cellular,3,120,0,unknown,130.0,no
24,admin.,married,secondary,no,137.0,yes,yes,telephone,8,90,1,other,175.0,no
68,blue-collar,married,primary,no,3599.0,no,no,cellular,4,-1,3,unknown,303.0,no
30,unemployed,married,tertiary,no,472.0,yes,no,cellular,7,365,0,unknown,200.0,no
45,unemployed,divorced,tertiary,no,-500.0,yes,no,telephone,1,120,1,other,127.0,no
45,blue-collar,divorced,secondary,no,2455.0,no,no,cellular,3,-1,0,unknown,115.0,no
68,self-employed,single,secondary,no,-318.0,no,no,unknown,4,60,0,unknown,523.0,yes
35,admin.,divorced,tertiary,no,-260.0,no,no,cellular,6,60,1,failure,338.0,no
32,retired,single,secondary,no,2662.0,yes,no,unknown,4,60,0,other,160.0,yes
39,blue-collar,divorced,tertiary,no,94.0,yes,no,unknown,6,-1,0,unknown,161.0,no
40,technician,married,secondary,no,585.0,yes,no,cellular,1,-1,0,unknown,224.0,no
29,technician,married,secondary,no,1476.0,yes,no,cellular,2,-1,1,unknown,152.0,no
28,blue-collar,divorced,secondary,no,885.0,no,no,cellular,2,30,1,unknown,81.0,no
32,management,married,secondary,no,627.0,yes,no,unknown,4,90,0,unknown,29.0,no
46,admin.,married,secondary,no,-500.0,no,no,cellular,2,-1,1,unknown,46.0,no
39,blue-collar,single,tertiary,no,1089.0,no,yes,unknown,2,-1,1,unknown,149.0,no
42,admin.,single,secondary,no,4304.0,yes,no,cellular,3,120,0,unknown,197.0,no
62,blue-collar,married,secondary,no,2533.0,yes,no,unknown,1,-1,2,unknown,121.0,no
32,unemployed,married,secondary,no,724.0,yes,no,telephone,7,-1,0,unknown,112.0,no
74,admin.,married,secondary,yes,2246.0,yes,no,telephone,5,-1,0,unknown,29.0,no
64,technician,married,secondary,no,2529.0,yes,no,cellular,3,-1,1,unknown,137.0,no
28,admin.,married,secondary,no,-116.0,yes,no,telephone,2,-1,1,unknown,168.0,no
37,retired,married,secondary,no,3663.0,yes,yes,telephone,5,365,0,success,172.0,no
29,management,single,tertiary,no,1694.0,no,no,cellular,1,60,0,success,118.0,no
34,technician,married,tertiary,no,838.0,no,no,unknown,5,-1,0,unknown,252.0,no
40,blue-collar,married,secondary,no,4263.0,yes,no,cellular,5,-1,1,unknown,252.0,no
26,blue-collar,single,tertiary,no,-500.0,yes,no,cellular,4,-1,0,unknown,48.0,no
18,student,married,tertiary,no,-500.0,yes,no,cellular,6,-1,0,unknown,193.0,no
45,services,married,secondary,no,2555.0,yes,no,telephone,4,-1,0,unknown,39.0,no
61,services,married,secondary,no,2613.0,yes,no,unknown,6,-1,0,unknown,141.0,no
36,admin.,single,primary,no,4364.0,no,no,cellular,1,30,1,unknown,254.0,no
71,blue-collar,married,secondary,no,-500.0,yes,no,cellular,2,-1,0,unknown,188.0,no
40,technician,married,secondary,no,2946.0,no,no,cellular,3,-1,1,other,64.0,no
73,self-employed,married,secondary,no,-500.0,no,no,unknown,4,60,1,other,156.0,no
32,self-employed,single,secondary,no,2154.0,yes,yes,cellular,3,-1,0,other,107.0,no
51,blue-collar,single,secondary,no,1283.0,no,no,unknown,1,-1,1,unknown,211.0,no
65,blue-collar,divorced,secondary,no,2930.0,no,no,unknown,1,-1,0,unknown,371.0,no
21,technician,single,primary,no,976.0,no,no,cellular,9,365,4,unknown,497.0,no
75,services,married,secondary,no,3220.0,yes,yes,unknown,4,-1,0,unknown,171.0,no
40,blue-collar,married,secondary,no,-91.0,yes,no,telephone,3,-1,0,unknown,56.0,no
48,technician,married,primary,no,1253.0,no,no,unknown,5,-1,1,unknown,140.0,no
56,retired,married,primary,no,1747.0,yes,no,cellular,5,-1,0,unknown,238.0,no
57,blue-collar,married,tertiary,no,4418.0,no,no,telephone,1,-1,1,unknown,68.0,no
19,entrepreneur,married,secondary,no,2899.0,no,no,cellular,6,-1,0,other,141.0,no
71,services,single,secondary,no,1768.0,no,yes,cellular,3,-1,1,other,167.0,no
56,entrepreneur,single,tertiary,no,2552.0,yes,no,cellular,4,-1,0,failure,343.0,no
79,retired,married,secondary,no,3355.0,no,no,cellular,2,-1,1,unknown,63.0,no
47,services,married,primary,no,2074.0,no,no,cellular,3,-1,0,unknown,48.0,no
56,blue-collar,married,secondary,no,-445.0,no,no,unknown,2,120,0,unknown,95.0,no
45,technician,married,primary,no,2531.0,yes,no,cellular,4,-1,0,failure,76.0,no
73,blue-collar,married,tertiary,no,1349.0,no,no,cellular,2,60,0,success,156.0,no
69,housemaid,married,tertiary,no,765.0,yes,yes,unknown,3,-1,0,unknown,345.0,no
74,services,married,secondary,no,-13.0,no,no,cellular,3,180,0,unknown,56.0,no
49,self-employed,divorced,secondary,no,2443.0,yes,yes,cellular,6,-1,0,unknown,74.0,no
67,management,married,tertiary,no,2322.0,no,no,cellular,2,-1,0,unknown,57.0,no
40,services,married,secondary,no,-320.0,yes,no,unknown,2,120,1,success,216.0,no
46,technician,married,primary,no,-500.0,no,no,unknown,3,-1,1,failure,319.0,no
65,technician,married,tertiary,no,4805.0,yes,no,telephone,1,60,0,failure,162.0,no
23,technician,married,secondary,no,2949.0,no,no,telephone,2,-1,0,other,120.0,no
62,blue-collar,divorced,tertiary,no,1556.0,no,no,cellular,2,-1,0,unknown,78.0,no
18,housemaid,married,tertiary,no,2491.0,yes,no,cellular,3,-1,2,unknown,390.0,yes
54,retired,married,secondary,no,558.0,yes,no,cellular,4,120,0,unknown,380.0,no
47,admin.,divorced,secondary,no,1090.0,yes,no,cellular,7,120,0,unknown,269.0,no
47,student,married,secondary,no,1439.0,yes,no,unknown,6,30,0,success,141.0,no
48,blue-collar,married,tertiary,no,3136.0,no,no,unknown,6,-1,1,unknown,245.0,no
48,blue-collar,single,primary,no,-500.0,yes,no,unknown,4,-1,0,unknown,195.0,no
43,blue-collar,married,secondary,no,-436.0,yes,no,cellular,2,-1,1,failure,70.0,no
45,blue-collar,divorced,secondary,no,-500.0,no,no,cellular,4,180,1,unknown,349.0,no
53,blue-collar,married,primary,no,2936.0,no,yes,unknown,4,30,0,unknown,135.0,no
65,self-employed,single,primary,no,1218.0,no,no,cellular,2,-1,0,unknown,184.0,no
52,retired,married,tertiary,no,-249.0,yes,no,cellular,3,120,1,unknown,295.0,no
57,blue-collar,single,secondary,no,1001.0,yes,no,cellular,2,-1,0,failure,66.0,no
69,blue-collar,single,secondary,no,263.0,no,yes,cellular,1,-1,1,success,69.0,yes
79,technician,single,secondary,no,-500.0,yes,no,cellular,11,-1,1,unknown,341.0,no
24,admin.,single,secondary,no,3669.0,yes,no,cellular,4,-1,0,unknown,326.0,no
62,management,single,secondary,no,1131.0,yes,no,cellular,3,-1,2,unknown,159.0,no
31,retired,married,secondary,no,3710.0,no,yes,cellular,1,-1,0,other,133.0,no
30,retired,married,tertiary,no,-500.0,yes,no,cellular,3,-1,0,unknown,51.0,no
67,technician,married,primary,no,2308.0,no,no,unknown,2,-1,0,failure,355.0,no
22,self-employed,married,secondary,no,-500.0,no,no,cellular,1,-1,0,other,170.0,no
70,technician,married,tertiary,no,5802.0,yes,no,cellular,5,30,0,unknown,102.0,no
65,technician,single,secondary,no,-500.0,no,no,telephone,6,-1,1,unknown,28.0,no
79,blue-collar,single,tertiary,no,4633.0,yes,no,telephone,3,-1,1,unknown,260.0,no
59,blue-collar,divorced,secondary,no,1364.0,no,no,cellular,2,-1,0,unknown,475.0,no
72,blue-collar,married,primary,no,1071.0,yes,no,cellular,3,-1,1,unknown,160.0,no
25,entrepreneur,single,primary,no,2461.0,no,no,unknown,5,-1,0,unknown,116.0,no
73,retired,single,secondary,no,-288.0,yes,no,cellular,7,-1,1,success,456.0,no
27,blue-collar,divorced,tertiary,no,2813.0,no,no,cellular,2,-1,1,unknown,82.0,yes
37,blue-collar,single,tertiary,no,2945.0,no,no,cellular,4,-1,1,unknown,636.0,no
25,entrepreneur,married,secondary,no,1421.0,no,no,cellular,6,-1,1,unknown,367.0,no
42,services,married,primary,no,1850.0,no,yes,cellular,4,-1,0,unknown,227.0,no
64,services,divorced,secondary,no,4873.0,no,no,unknown,4,60,2,failure,101.0,no
34,technician,single,secondary,no,2572.0,yes,no,cellular,2,-1,1,unknown,100.0,no
68,blue-collar,single,secondary,no,-8.0,yes,no,cellular,3,-1,0,unknown,411.0,no
55,entrepreneur,single,primary,no,2751.0,yes,no,unknown,2,30,0,success,91.0,no
56,technician,single,secondary,no,432.0,yes,no,cellular,2,-1,0,unknown,363.0,no
76,services,single,secondary,no,83.0,no,no,unknown,3,-1,0,unknown,43.0,no
44,self-employed,divorced,tertiary,no,2323.0,yes,no,cellular,2,60,0,failure,94.0,no
39,retired,divorced,secondary,no,-417.0,no,no,cellular,5,-1,0,other,289.0,no
79,admin.,married,primary,no,1484.0,no,no,unknown,3,-1,0,unknown,412.0,no
52,technician,married,primary,no,2613.0,no,no,telephone,6,-1,0,unknown,134.0,no
56,self-employed,married,tertiary,no,4837.0,no,yes,cellular,2,-1,2,other,128.0,no
36,retired,married,secondary,no,2549.0,yes,no,telephone,3,-1,0,unknown,392.0,no
31,retired,single,secondary,no,-500.0,no,no,cellular,3,-1,0,unknown,41.0,no
28,entrepreneur,single,tertiary,no,-500.0,no,no,cellular,7,-1,0,unknown,126.0,no
31,blue-collar,married,secondary,no,4507.0,no,no,cellular,2,-1,0,unknown,57.0,no
30,student,married,primary,no,258.0,no,no,unknown,4,90,0,unknown,125.0,no
64,management,married,secondary,no,-500.0,yes,no,cellular,3,365,0,unknown,189.0,no
21,admin.,single,tertiary,no,-409.0,no,yes,cellular,3,60,1,unknown,100.0,no
57,entrepreneur,single,secondary,no,2829.0,no,no,cellular,4,60,0,unknown,143.0,no
76,technician,married,secondary,no,1603.0,yes,no,unknown,2,-1,0,unknown,182.0,no
65,entrepreneur,married,secondary,no,2565.0,yes,no,cellular,3,-1,0,unknown,56.0,no
42,housemaid,married,secondary,no,1341.0,yes,no,cellular,4,-1,0,other,97.0,no
21,self-employed,married,tertiary,no,-500.0,no,no,unknown,3,-1,0,unknown,334.0,no
69,technician,single,tertiary,no,-500.0,yes,no,unknown,3,-1,0,unknown,55.0,no
18,services,divorced,tertiary,no,-102.0,no,no,cellular,4,-1,1,unknown,66.0,no
60,technician,married,secondary,no,1619.0,yes,no,unknown,3,-1,1,failure,212.0,no
59,admin.,married,tertiary,no,-500.0,yes,no,cellular,3,30,1,unknown,110.0,no
29,technician,married,secondary,no,3169.0,no,no,cellular,5,-1,0,unknown,120.0,no
63,technician,married,tertiary,no,-400.0,yes,no,cellular,8,120,0,unknown,222.0,no
28,retired,married,primary,no,-500.0,no,no,unknown,3,-1,0,unknown,30.0,no
31,self-employed,married,secondary,no,1401.0,no,yes,unknown,3,60,2,unknown,61.0,no
68,blue-collar,married,tertiary,no,2769.0,yes,no,unknown,2,-1,1,unknown,219.0,no
78,management,single,tertiary,no,4087.0,no,no,unknown,4,-1,1,unknown,67.0,no
34,blue-collar,married,secondary,no,-500.0,yes,yes,unknown,2,60,1,unknown,687.0,no
75,admin.,single,secondary,no,3963.0,yes,no,unknown,3,-1,0,unknown,248.0,no
74,unemployed,married,primary,no,1734.0,no,yes,cellular,4,-1,0,success,411.0,yes
65,blue-collar,married,secondary,no,282.0,no,yes,telephone,7,180,2,success,174.0,no
26,self-employed,married,primary,no,2625.0,no,no,cellular,3,-1,0,unknown,124.0,no
36,blue-collar,married,secondary,no,3840.0,no,no,cellular,5,-1,0,unknown,91.0,no
60,entrepreneur,married,secondary,no,-500.0,yes,yes,cellular,3,-1,0,unknown,184.0,no
79,entrepreneur,single,tertiary,no,624.0,yes,no,telephone,3,-1,0,unknown,143.0,no
68,blue-collar,divorced,tertiary,no,420.0,no,no,unknown,2,30,0,unknown,346.0,no
44,services,married,tertiary,no,2527.0,no,no,cellular,5,90,0,success,115.0,yes
32,technician,married,tertiary,no,4028.0,yes,no,unknown,2,-1,0,unknown,281.0,no
77,management,married,secondary,no,1532.0,yes,no,telephone,3,-1,1,other,43.0,no
35,technician,single,primary,no,874.0,yes,no,cellular,5,-1,1,unknown,40.0,no
39,services,married,secondary,no,2202.0,yes,no,telephone,1,60,0,unknown,151.0,no
77,self-employed,married,secondary,no,978.0,no,no,cellular,3,-1,0,failure,110.0,yes
52,blue-collar,divorced,secondary,no,-500.0,yes,no,cellular,1,-1,2,unknown,53.0,no
34,admin.,single,secondary,no,2331.0,yes,no,cellular,4,-1,1,unknown,72.0,no
18,technician,single,tertiary,no,3174.0,yes,no,cellular,1,-1,2,success,539.0,no
44,retired,married,secondary,no,3333.0,no,no,cellular,3,-1,0,other,257.0,no
79,housemaid,married,secondary,no,-500.0,no,no,cellular,3,60,0,unknown,79.0,no
44,technician,married,tertiary,no,2493.0,no,no,telephone,5,-1,0,unknown,34.0,no
61,blue-collar,single,secondary,no,4159.0,yes,yes,cellular,6,30,1,unknown,243.0,no
33,technician,single,secondary,no,5955.0,yes,no,telephone,3,-1,0,unknown,275.0,yes
66,blue-collar,married,secondary,no,2262.0,no,no,cellular,4,-1,0,unknown,124.0,yes
66,technician,divorced,secondary,no,3171.0,no,no,cellular,2,180,0,unknown,185.0,no
55,blue-collar,married,primary,no,-387.0,no,no,unknown,2,-1,0,unknown,48.0,no
65,blue-collar,single,secondary,no,-500.0,yes,no,unknown,4,180,0,unknown,250.0,no
53,services,married,tertiary,no,3177.0,yes,no,telephone,5,90,1,failure,216.0,no
41,blue-collar,married,secondary,no,-500.0,no,no,cellular,1,-1,0,unknown,72.0,no
63,technician,married,secondary,no,1680.0,no,yes,unknown,3,30,0,unknown,522.0,no
69,services,single,secondary,no,3975.0,no,no,cellular,4,30,0,unknown,72.0,no
70,blue-collar,married,secondary,no,2683.0,yes,no,cellular,2,-1,1,unknown,517.0,yes
31,blue-collar,married,tertiary,no,2671.0,yes,no,telephone,3,-1,0,unknown,83.0,no
59,technician,single,secondary,no,1311.0,yes,yes,cellular,5,-1,0,unknown,151.0,no
18,self-employed,single,tertiary,no,662.0,yes,no,cellular,4,-1,2,unknown,147.0,no
53,technician,single,tertiary,no,5279.0,yes,no,unknown,2,90,1,unknown,155.0,no
53,admin.,single,secondary,no,3621.0,no,no,cellular,2,-1,0,unknown,85.0,no
40,technician,single,tertiary,yes,2923.0,no,yes,unknown,1,365,0,failure,168.0,no
79,retired,single,tertiary,no,1450.0,yes,no,cellular,3,-1,0,success,144.0,no
72,services,married,tertiary,no,349.0,yes,no,cellular,6,-1,1,unknown,83.0,no
20,entrepreneur,married,secondary,no,3343.0,yes,no,cellular,2,-1,1,unknown,39.0,no
30,admin.,married,primary,no,848.0,yes,no,cellular,2,60,0,unknown,242.0,no
30,technician,married,primary,no,1542.0,no,no,cellular,5,-1,1,unknown,45.0,no
73,unemployed,married,secondary,no,2508.0,no,no,telephone,3,-1,0,unknown,89.0,no
50,blue-collar,married,secondary,no,1777.0,no,no,cellular,3,60,0,unknown,294.0,no
63,technician,married,secondary,no,4190.0,no,no,cellular,5,30,0,unknown,207.0,yes
68,blue-collar,single,tertiary,no,-500.0,yes,no,cellular,4,-1,1,unknown,136.0,no
65,blue-collar,single,tertiary,no,1521.0,yes,no,cellular,3,30,1,unknown,244.0,no
23,admin.,married,secondary,no,5249.0,yes,no,cellular,4,-1,2,failure,83.0,no
26,entrepreneur,divorced,tertiary,no,3015.0,no,no,cellular,2,30,1,unknown,246.0,no
42,admin.,married,primary,no,1045.0,yes,no,unknown,2,-1,0,success,268.0,no
38,entrepreneur,married,secondary,no,2838.0,yes,no,telephone,2,-1,0,unknown,97.0,no
64,blue-collar,married,tertiary,no,1314.0,no,no,cellular,2,-1,0,unknown,84.0,no
27,services,married,secondary,no,4039.0,yes,no,cellular,1,-1,0,unknown,11.0,no
41,technician,married,secondary,no,2878.0,yes,no,cellular,4,30,0,unknown,148.0,no
32,services,single,tertiary,no,-160.0,yes,no,telephone,2,-1,0,success,19.0,no
29,blue-collar,married,tertiary,no,1829.0,yes,no,cellular,4,120,3,unknown,180.0,no
28,student,married,tertiary,no,2154.0,yes,yes,cellular,4,-1,2,unknown,399.0,no
30,blue-collar,married,secondary,no,2243.0,yes,no,telephone,4,-1,0,unknown,314.0,no
52,student,married,secondary,no,1974.0,yes,no,cellular,3,-1,0,unknown,328.0,yes
43,retired,single,secondary,no,2417.0,yes,no,cellular,5,365,0,unknown,149.0,no
44,blue-collar,single,secondary,no,2154.0,no,no,cellular,3,30,0,unknown,386.0,yes
47,admin.,single,tertiary,no,102.0,no,no,cellular,1,90,2,failure,92.0,no
63,technician,single,secondary,no,578.0,yes,no,cellular,5,-1,2,unknown,109.0,no
71,technician,married,tertiary,no,943.0,no,no,cellular,3,180,0,unknown,127.0,no
50,services,married,primary,no,1572.0,yes,no,cellular,3,-1,0,unknown,380.0,no
57,technician,single,secondary,no,948.0,no,no,cellular,2,180,0,unknown,145.0,no
63,technician,married,primary,no,3385.0,yes,no,cellular,4,-1,1,failure,183.0,no
60,blue-collar,married,primary,no,-328.0,no,no,unknown,5,180,0,unknown,32.0,no
26,services,married,secondary,no,-500.0,yes,no,cellular,3,-1,0,unknown,246.0,no
78,blue-collar,single,tertiary,no,4940.0,yes,no,unknown,4,-1,0,success,141.0,no
28,management,married,secondary,no,-72.0,no,no,unknown,4,-1,0,unknown,18.0,no
43,blue-collar,divorced,secondary,no,3381.0,no,no,telephone,6,60,0,unknown,285.0,yes
58,technician,married,secondary,no,2495.0,yes,no,telephone,3,-1,1,unknown,139.0,no
43,services,married,tertiary,no,-8.0,no,no,unknown,1,-1,0,unknown,164.0,no
33,blue-collar,married,tertiary,no,1161.0,no,no,unknown,5,-1,2,failure,174.0,no
75,entrepreneur,married,secondary,yes,892.0,no,yes,cellular,4,120,1,unknown,87.0,no
22,housemaid,married,tertiary,no,2041.0,yes,no,cellular,6,60,2,other,238.0,no
33,student,single,tertiary,no,19.0,no,no,cellular,6,-1,0,failure,287.0,no
79,technician,married,tertiary,no,1082.0,no,no,cellular,2,30,0,other,46.0,no
63,blue-collar,married,tertiary,no,1333.0,no,yes,cellular,3,-1,0,unknown,539.0,no
23,management,married,secondary,no,3383.0,yes,no,unknown,4,-1,0,unknown,137.0,no
64,self-employed,married,primary,no,660.0,no,no,unknown,3,-1,0,unknown,390.0,no
78,entrepreneur,divorced,secondary,no,-356.0,no,no,cellular,6,-1,0,unknown,473.0,no
24,management,married,secondary,no,420.0,no,yes,cellular,5,-1,0,unknown,93.0,no
43,admin.,single,secondary,no,2061.0,no,yes,cellular,3,-1,1,failure,154.0,no
47,blue-collar,married,secondary,no,-500.0,yes,no,cellular,2,-1,0,other,201.0,no
26,entrepreneur,married,secondary,no,3555.0,yes,no,cellular,4,-1,0,unknown,418.0,yes
30,technician,single,secondary,no,1435.0,yes,yes,unknown,1,-1,0,unknown,263.0,no
28,blue-collar,married,secondary,no,2180.0,yes,no,unknown,3,-1,1,other,324.0,no
29,blue-collar,single,tertiary,no,1795.0,no,no,cellular,1,-1,0,other,91.0,no
43,services,married,primary,no,199.0,no,no,telephone,2,-1,1,unknown,23.0,no
46,technician,married,primary,no,-500.0,yes,no,cellular,3,-1,0,unknown,365.0,no
32,management,divorced,secondary,no,139.0,yes,no,unknown,2,120,0,unknown,319.0,no
35,admin.,married,secondary,no,-500.0,yes,yes,cellular,7,-1,1,success,156.0,no
29,services,divorced,secondary,no,2027.0,yes,no,cellular,5,365,0,other,168.0,no
67,housemaid,divorced,tertiary,no,1107.0,yes,no,cellular,5,365,0,unknown,195.0,no
31,services,married,primary,no,-500.0,no,no,cellular,4,-1,0,unknown,110.0,no
74,blue-collar,married,secondary,no,290.0,yes,no,cellular,5,120,0,unknown,220.0,no
51,admin.,single,tertiary,no,2574.0,no,no,cellular,9,-1,0,failure,292.0,yes
67,blue-collar,married,secondary,no,3727.0,no,no,cellular,1,-1,0,unknown,233.0,no
57,services,single,secondary,no,-500.0,yes,no,unknown,3,365,1,failure,380.0,no
34,entrepreneur,married,primary,no,5290.0,yes,yes,cellular,4,365,0,unknown,130.0,no
55,blue-collar,married,secondary,no,-327.0,no,no,cellular,1,-1,0,success,313.0,no
34,management,married,primary,no,-500.0,yes,no,cellular,4,-1,0,unknown,51.0,no
25,student,single,secondary,no,4563.0,yes,no,cellular,4,-1,1,unknown,539.0,no
33,blue-collar,single,secondary,no,-474.0,no,no,cellular,2,-1,0,unknown,112.0,no
35,services,single,tertiary,no,4143.0,yes,no,cellular,5,-1,1,other,266.0,no
26,services,married,secondary,no,203.0,no,no,telephone,5,-1,0,unknown,603.0,no
19,entrepreneur,married,primary,no,872.0,no,no,unknown,3,-1,1,unknown,176.0,no
76,technician,married,tertiary,no,-500.0,no,no,unknown,4,-1,0,unknown,39.0,yes
49,technician,married,secondary,no,3699.0,yes,yes,cellular,5,90,1,unknown,148.0,no
42,blue-collar,married,tertiary,no,3452.0,no,no,telephone,7,-1,0,unknown,135.0,no
75,admin.,married,secondary,no,211.0,yes,no,telephone,3,-1,0,unknown,140.0,no
31,blue-collar,married,tertiary,no,1265.0,yes,yes,unknown,8,90,0,unknown,143.0,no
42,blue-collar,married,tertiary,no,2592.0,no,no,cellular,2,30,2,success,360.0,no
70,retired,single,primary,no,551.0,yes,no,cellular,4,30,0,unknown,69.0,no
57,technician,married,secondary,no,3856.0,no,no,cellular,3,-1,0,unknown,137.0,no
42,technician,divorced,secondary,no,1209.0,yes,yes,cellular,4,-1,1,unknown,74.0,no
33,blue-collar,married,secondary,no,465.0,yes,no,unknown,8,-1,0,unknown,101.0,yes
20,management,married,secondary,no,-500.0,yes,no,unknown,2,-1,0,unknown,301.0,no
23,admin.,divorced,secondary,no,-500.0,yes,no,cellular,3,-1,0,failure,151.0,no
28,retired,married,secondary,no,2459.0,yes,no,cellular,4,-1,0,unknown,110.0,no
66,admin.,single,primary,no,1824.0,no,no,cellular,2,-1,0,unknown,174.0,no
57,technician,married,tertiary,no,2868.0,no,no,cellular,2,-1,1,unknown,169.0,no
44,technician,married,secondary,no,387.0,yes,no,cellular,4,90,0,failure,188.0,no
66,blue-collar,single,secondary,no,-500.0,yes,no,cellular,6,60,1,failure,86.0,no
27,services,married,tertiary,no,507.0,no,no,cellular,3,60,0,failure,236.0,yes
31,retired,married,tertiary,no,5068.0,no,no,telephone,5,-1,2,other,205.0,no
42,technician,married,tertiary,no,-337.0,yes,no,cellular,3,90,1,unknown,273.0,no
74,management,married,secondary,no,1334.0,yes,no,cellular,2,365,0,unknown,278.0,no
56,blue-collar,married,secondary,no,-500.0,yes,no,telephone,3,-1,0,unknown,51.0,no
70,services,single,secondary,no,464.0,no,no,cellular,3,-1,0,other,439.0,no
33,admin.,married,tertiary,no,655.0,no,no,cellular,3,-1,1,unknown,227.0,no
70,retired,divorced,tertiary,no,1997.0,yes,no,telephone,3,-1,0,unknown,281.0,no
22,blue-collar,married,tertiary,yes,828.0,no,no,cellular,1,-1,0,unknown,444.0,no
32,services,married,secondary,no,-500.0,yes,no,cellular,1,-1,2,unknown,39.0,no
50,technician,married,secondary,no,205.0,yes,no,unknown,4,-1,0,unknown,128.0,no
21,admin.,single,tertiary,no,1033.0,yes,yes,unknown,2,-1,2,unknown,50.0,no
71,entrepreneur,single,primary,no,-393.0,no,no,cellular,2,-1,1,unknown,176.0,no
71,services,married,secondary,no,-132.0,yes,no,cellular,1,-1,0,other,31.0,no
51,blue-collar,married,secondary,no,3209.0,yes,no,cellular,4,-1,1,unknown,170.0,no
36,retired,single,tertiary,no,275.0,no,no,cellular,5,-1,1,unknown,190.0,no
24,services,married,secondary,no,2192.0,no,no,cellular,3,-1,2,unknown,66.0,no
56,blue-collar,married,tertiary,no,1081.0,no,no,cellular,3,-1,0,unknown,160.0,no
51,technician,single,primary,yes,-500.0,no,no,cellular,6,-1,0,unknown,369.0,no
65,management,married,secondary,no,801.0,no,no,unknown,1,180,0,unknown,216.0,no
55,self-employed,single,primary,no,1924.0,no,no,cellular,3,120,0,success,41.0,no
25,blue-collar,single,secondary,no,4526.0,yes,yes,unknown,1,-1,1,unknown,269.0,no
25,admin.,married,secondary,no,10.0,yes,no,cellular,5,-1,3,unknown,218.0,no
66,admin.,married,secondary,no,1247.0,yes,no,cellular,6,-1,1,unknown,237.0,no
27,technician,married,secondary,no,3036.0,yes,no,unknown,3,90,1,unknown,34.0,no
76,technician,single,secondary,no,3669.0,no,no,cellular,3,-1,0,unknown,134.0,no
24,technician,married,secondary,no,232.0,yes,no,unknown,2,30,0,unknown,472.0,no
63,blue-collar,married,tertiary,no,1120.0,no,no,cellular,3,-1,1,failure,96.0,no
78,retired,married,primary,no,3403.0,no,yes,cellular,3,-1,1,other,412.0,no
45,technician,married,secondary,no,2321.0,yes,yes,telephone,5,-1,1,failure,207.0,no
21,services,married,primary,no,3260.0,yes,no,cellular,4,30,0,unknown,304.0,no
72,blue-collar,married,primary,no,3509.0,no,no,telephone,4,-1,1,unknown,387.0,no
29,technician,married,secondary,no,2397.0,yes,no,cellular,3,-1,0,other,344.0,no
50,blue-collar,married,tertiary,no,1658.0,no,no,unknown,3,-1,0,unknown,99.0,no
79,blue-collar,single,secondary,no,192.0,yes,no,cellular,4,-1,1,unknown,77.0,no
64,technician,single,secondary,no,960.0,no,yes,cellular,2,60,0,unknown,197.0,no
20,management,married,secondary,no,1080.0,yes,no,cellular,5,-1,0,unknown,335.0,no
68,entrepreneur,married,primary,no,3558.0,no,yes,unknown,4,-1,0,success,277.0,no
27,retired,married,tertiary,no,1717.0,no,no,unknown,2,-1,0,success,108.0,no
64,unemployed,married,secondary,no,1734.0,yes,no,cellular,2,365,1,failure,303.0,no
56,blue-collar,divorced,tertiary,no,-389.0,yes,no,cellular,4,30,0,unknown,120.0,no
35,student,married,tertiary,no,3568.0,yes,no,cellular,6,60,0,unknown,146.0,no
44,blue-collar,married,secondary,no,19.0,yes,no,telephone,4,-1,1,success,92.0,no
25,blue-collar,married,secondary,no,887.0,no,no,cellular,2,30,2,unknown,52.0,no
79,housemaid,single,tertiary,no,3757.0,yes,yes,unknown,2,-1,0,other,227.0,no
32,retired,married,tertiary,no,2996.0,no,no,cellular,7,-1,0,unknown,232.0,no
37,blue-collar,divorced,secondary,no,-130.0,no,yes,cellular,4,-1,2,success,47.0,no
49,housemaid,married,secondary,no,-500.0,yes,no,cellular,3,60,0,unknown,266.0,no
59,services,married,secondary,no,1033.0,yes,no,unknown,2,30,0,unknown,17.0,no
49,retired,married,secondary,no,362.0,no,no,cellular,6,-1,0,unknown,80.0,no
49,services,single,secondary,no,-500.0,yes,no,cellular,7,-1,0,failure,455.0,no
54,technician,married,secondary,no,44.0,yes,no,telephone,5,90,0,unknown,98.0,no
71,housemaid,divorced,secondary,no,-500.0,no,no,cellular,3,30,0,unknown,371.0,no
42,housemaid,divorced,secondary,no,3027.0,yes,no,cellular,3,30,2,unknown,143.0,no
69,management,married,secondary,no,2914.0,yes,no,cellular,2,-1,0,unknown,340.0,no
66,retired,married,tertiary,no,3937.0,no,no,telephone,2,120,0,failure,169.0,no
77,admin.,married,secondary,no,2036.0,yes,no,unknown,5,120,0,other,66.0,no
74,blue-collar,single,tertiary,no,593.0,yes,no,unknown,6,-1,0,unknown,237.0,no
67,blue-collar,single,secondary,no,3242.0,yes,no,cellular,4,-1,0,unknown,199.0,no
33,entrepreneur,married,secondary,no,137.0,no,no,cellular,6,90,0,unknown,222.0,no
66,technician,divorced,primary,no,-500.0,no,no,unknown,4,30,0,unknown,77.0,no
63,retired,married,secondary,no,1135.0,no,no,cellular,6,-1,1,unknown,304.0,no
35,management,single,tertiary,no,2140.0,no,no,cellular,4,-1,0,unknown,436.0,no
60,retired,single,secondary,no,-62.0,no,no,cellular,4,-1,0,unknown,387.0,no
33,services,married,tertiary,no,-486.0,yes,no,telephone,5,-1,1,unknown,127.0,no
50,management,married,secondary,no,650.0,yes,no,telephone,3,-1,0,unknown,63.0,no
67,management,married,secondary,no,2141.0,yes,no,cellular,5,30,0,unknown,51.0,no
29,services,divorced,secondary,no,1138.0,yes,yes,cellular,4,-1,0,unknown,121.0,no
38,admin.,married,tertiary,no,6146.0,no,yes,cellular,2,-1,0,success,233.0,no
67,retired,single,secondary,no,1155.0,yes,yes,unknown,4,-1,1,unknown,239.0,no
46,retired,married,primary,no,2751.0,yes,no,unknown,4,-1,1,unknown,71.0,no
77,student,married,tertiary,no,-500.0,no,no,unknown,4,60,1,unknown,353.0,no
18,unemployed,divorced,secondary,no,2456.0,no,no,cellular,4,60,0,unknown,353.0,yes
62,technician,married,secondary,no,568.0,yes,no,cellular,2,-1,0,failure,425.0,no
68,management,single,secondary,no,1383.0,yes,no,cellular,4,-1,1,unknown,110.0,no
74,blue-collar,married,secondary,no,4436.0,yes,no,cellular,4,-1,1,unknown,286.0,no
27,self-employed,married,tertiary,no,730.0,no,no,cellular,3,365,0,unknown,289.0,no
79,technician,married,secondary,no,-500.0,yes,no,unknown,5,-1,0,unknown,401.0,no
42,technician,married,tertiary,no,-500.0,yes,yes,cellular,3,-1,0,other,69.0,no
39,technician,single,secondary,no,1711.0,yes,no,cellular,1,-1,0,unknown,86.0,no
40,blue-collar,married,tertiary,no,1614.0,no,no,unknown,6,-1,0,failure,296.0,no
57,services,married,tertiary,no,1539.0,yes,no,cellular,2,-1,1,failure,299.0,no
58,technician,married,tertiary,no,-500.0,no,no,unknown,3,365,1,unknown,164.0,no
47,services,single,tertiary,no,5047.0,no,no,cellular,7,-1,0,unknown,202.0,no
22,services,single,tertiary,no,4036.0,yes,no,cellular,3,-1,0,unknown,106.0,no
79,management,single,secondary,no,1635.0,no,no,cellular,1,-1,0,success,275.0,no
31,services,divorced,primary,no,-500.0,no,yes,cellular,4,-1,0,unknown,420.0,no
23,blue-collar,married,secondary,no,4252.0,no,no,unknown,3,-1,0,unknown,481.0,no
55,admin.,married,secondary,no,3446.0,yes,no,telephone,4,180,0,other,212.0,yes
43,technician,married,primary,no,1585.0,no,no,cellular,5,-1,1,unknown,337.0,no
56,technician,married,tertiary,no,3558.0,yes,no,cellular,3,-1,0,unknown,291.0,no
72,technician,single,primary,no,510.0,yes,no,cellular,4,60,1,unknown,582.0,yes
24,blue-collar,single,secondary,no,-328.0,yes,no,unknown,3,30,0,unknown,59.0,no
35,admin.,married,secondary,no,1683.0,no,no,cellular,6,30,1,unknown,123.0,no
50,blue-collar,divorced,tertiary,no,-500.0,yes,no,cellular,2,365,1,failure,57.0,no
66,technician,married,secondary,no,-500.0,yes,yes,unknown,5,90,0,unknown,276.0,no
55,services,single,secondary,no,2379.0,yes,no,cellular,4,-1,0,success,246.0,no
41,technician,married,secondary,no,1832.0,yes,no,cellular,4,-1,0,unknown,167.0,no
55,blue-collar,single,secondary,no,-500.0,yes,no,cellular,2,-1,0,unknown,87.0,no
78,retired,married,secondary,no,664.0,no,no,unknown,5,-1,0,unknown,291.0,no
47,technician,divorced,secondary,no,-500.0,no,no,cellular,2,-1,0,unknown,111.0,no
72,blue-collar,divorced,tertiary,no,521.0,yes,no,unknown,5,30,2,failure,143.0,no
66,technician,married,tertiary,no,324.0,no,yes,cellular,4,-1,1,unknown,132.0,no
36,self-employed,married,secondary,no,3186.0,yes,yes,cellular,4,-1,0,unknown,363.0,no
33,admin.,single,secondary,no,1118.0,no,no,cellular,4,-1,0,unknown,162.0,no
65,admin.,married,secondary,yes,962.0,no,no,telephone,1,-1,0,unknown,57.0,no
30,technician,married,secondary,no,694.0,no,no,cellular,5,-1,2,other,155.0,no
38,services,married,tertiary,no,-500.0,yes,no,cellular,7,-1,0,unknown,162.0,no
32,student,single,primary,no,1222.0,no,no,cellular,2,60,0,success,120.0,no
55,technician,single,secondary,no,2269.0,yes,no,cellular,4,-1,0,other,321.0,no
36,housemaid,married,tertiary,no,1817.0,yes,no,cellular,1,-1,0,success,109.0,no
58,technician,divorced,primary,no,2647.0,yes,yes,cellular,4,-1,2,unknown,99.0,no
75,technician,married,tertiary,no,2734.0,no,no,cellular,2,-1,0,unknown,845.0,yes
69,blue-collar,married,secondary,no,5357.0,no,no,unknown,5,-1,2,unknown,104.0,no
76,student,divorced,tertiary,no,-500.0,no,yes,cellular,1,180,0,unknown,10.0,no
19,blue-collar,married,secondary,no,1822.0,no,no,unknown,3,-1,0,unknown,78.0,no
46,blue-collar,married,tertiary,no,2024.0,yes,no,cellular,4,-1,0,unknown,82.0,no
31,housemaid,married,tertiary,no,824.0,no,no,cellular,4,30,0,unknown,152.0,no
74,technician,single,secondary,no,262.0,no,yes,unknown,5,-1,1,unknown,279.0,no
62,admin.,married,tertiary,no,2298.0,yes,no,cellular,2,-1,0,unknown,67.0,no
37,management,married,primary,no,2125.0,yes,no,unknown,2,-1,0,unknown,335.0,no
52,services,married,secondary,yes,-496.0,yes,no,unknown,4,60,1,unknown,123.0,no
55,admin.,married,secondary,no,-500.0,yes,no,cellular,2,180,1,unknown,62.0,no
48,technician,married,secondary,no,515.0,yes,no,cellular,4,-1,0,unknown,248.0,no
47,technician,married,secondary,no,188.0,yes,no,cellular,4,-1,1,unknown,237.0,no
21,admin.,divorced,secondary,no,2485.0,no,no,cellular,2,90,1,unknown,111.0,no
46,blue-collar,single,secondary,no,-263.0,no,yes,cellular,3,-1,0,unknown,83.0,no
39,technician,single,secondary,no,1080.0,yes,no,unknown,5,-1,0,unknown,207.0,no
68,blue-collar,divorced,primary,no,-500.0,no,no,unknown,4,-1,1,unknown,394.0,no
71,admin.,divorced,secondary,no,-500.0,yes,no,cellular,3,-1,0,unknown,192.0,no
64,technician,single,tertiary,no,15.0,no,no,cellular,5,180,0,unknown,280.0,yes
19,technician,married,secondary,no,949.0,yes,no,unknown,1,-1,1,unknown,79.0,no
70,services,single,tertiary,no,-76.0,yes,no,cellular,5,-1,0,success,82.0,no
42,retired,married,secondary,no,1657.0,no,yes,cellular,4,-1,0,unknown,164.0,no
43,technician,married,secondary,no,-500.0,yes,no,cellular,1,30,0,unknown,196.0,no
76,services,married,secondary,no,1013.0,no,no,unknown,6,365,0,failure,139.0,yes
71,services,married,primary,no,1034.0,yes,no,cellular,5,30,0,unknown,215.0,no
21,technician,married,secondary,yes,-500.0,yes,no,cellular,5,-1,0,unknown,178.0,no
40,services,single,secondary,no,1811.0,yes,no,cellular,5,-1,0,unknown,319.0,no
64,management,married,secondary,no,-500.0,no,no,cellular,3,-1,1,unknown,414.0,no
51,entrepreneur,married,secondary,no,167.0,yes,no,cellular,3,-1,2,unknown,109.0,no
33,management,married,tertiary,no,2817.0,yes,no,cellular,1,-1,0,unknown,20.0,no
50,retired,single,secondary,no,-500.0,no,no,cellular,1,-1,2,other,46.0,no
71,blue-collar,married,primary,no,2608.0,yes,no,cellular,4,120,0,success,49.0,no
31,management,married,secondary,no,-500.0,yes,yes,cellular,6,-1,0,failure,122.0,no
64,technician,single,secondary,no,337.0,yes,no,telephone,3,60,1,unknown,31.0,no
63,housemaid,single,tertiary,no,3932.0,no,yes,cellular,5,-1,0,unknown,167.0,no
72,admin.,married,primary,no,272.0,no,no,cellular,2,-1,0,failure,302.0,no
36,blue-collar,single,secondary,no,4305.0,no,no,cellular,4,-1,1,success,228.0,no
31,blue-collar,married,secondary,no,851.0,no,no,cellular,2,-1,1,failure,173.0,no
51,technician,divorced,tertiary,no,1248.0,yes,no,telephone,7,-1,0,unknown,231.0,yes
50,management,married,primary,no,2916.0,no,no,unknown,4,60,0,unknown,121.0,no
43,blue-collar,single,tertiary,yes,2379.0,no,no,cellular,3,-1,0,unknown,193.0,no
66,technician,married,tertiary,yes,1677.0,no,no,unknown,3,-1,1,success,146.0,no
67,admin.,single,secondary,no,566.0,no,no,cellular,3,30,0,unknown,141.0,yes
33,blue-collar,married,tertiary,no,-500.0,no,no,cellular,3,-1,1,failure,365.0,yes
67,technician,married,secondary,no,-500.0,no,no,unknown,3,-1,1,unknown,533.0,no
32,retired,single,secondary,no,3764.0,yes,no,unknown,1,-1,1,unknown,43.0,no
43,student,single,secondary,no,4459.0,no,no,cellular,1,-1,0,failure,259.0,no
19,technician,married,secondary,no,1633.0,no,no,unknown,4,180,1,unknown,145.0,no
39,technician,single,secondary,no,-500.0,yes,no,cellular,5,120,2,other,72.0,no
77,admin.,married,tertiary,no,10.0,no,no,telephone,5,-1,0,unknown,327.0,no
45,technician,married,secondary,no,-79.0,no,yes,cellular,2,-1,0,unknown,182.0,no
62,services,married,tertiary,no,400.0,yes,no,cellular,2,-1,1,unknown,73.0,no
24,blue-collar,married,secondary,no,-192.0,no,yes,cellular,3,60,0,unknown,201.0,no
57,technician,divorced,secondary,no,2337.0,yes,no,unknown,3,-1,0,unknown,149.0,no
41,housemaid,married,primary,no,1845.0,yes,no,cellular,7,365,0,unknown,229.0,no
64,technician,divorced,tertiary,no,4244.0,yes,no,cellular,1,-1,1,unknown,388.0,no
75,self-employed,married,primary,no,700.0,yes,no,cellular,1,-1,0,success,182.0,no
50,retired,single,secondary,no,1760.0,yes,no,cellular,4,-1,1,unknown,304.0,no
24,blue-collar,married,secondary,no,2734.0,no,yes,cellular,6,120,0,failure,12.0,no
47,technician,single,tertiary,no,3239.0,no,yes,cellular,4,30,1,unknown,10.0,no
25,retired,divorced,primary,no,-500.0,yes,no,cellular,3,-1,0,unknown,160.0,no
45,admin.,married,secondary,no,2129.0,yes,no,unknown,4,-1,0,success,361.0,yes
21,admin.,married,primary,no,1664.0,yes,no,cellular,6,-1,0,unknown,229.0,no
57,student,single,tertiary,yes,1945.0,no,no,unknown,4,-1,0,unknown,60.0,no
37,blue-collar,single,tertiary,no,1507.0,no,yes,cellular,5,-1,1,unknown,65.0,yes
30,self-employed,married,tertiary,no,4483.0,yes,no,cellular,1,-1,0,other,378.0,yes
19,services,single,primary,no,-204.0,yes,no,cellular,5,90,0,other,84.0,no
73,blue-collar,single,secondary,no,-310.0,no,no,unknown,4,-1,0,unknown,99.0,no
69,retired,single,secondary,no,-78.0,no,no,cellular,3,-1,2,unknown,102.0,yes
68,blue-collar,married,secondary,no,878.0,yes,no,cellular,3,-1,0,unknown,76.0,no
21,technician,married,tertiary,no,1928.0,yes,no,cellular,6,60,0,unknown,463.0,no
39,technician,divorced,primary,yes,579.0,no,no,telephone,1,-1,1,success,210.0,no
78,blue-collar,married,secondary,yes,3211.0,yes,yes,unknown,1,-1,1,unknown,78.0,no
53,retired,married,secondary,no,1394.0,no,no,telephone,4,365,1,unknown,147.0,no
25,management,divorced,secondary,no,1227.0,yes,no,cellular,4,90,0,failure,122.0,no
26,technician,married,secondary,no,-500.0,yes,yes,cellular,2,-1,0,other,360.0,no
34,entrepreneur,married,secondary,no,4678.0,no,yes,cellular,2,-1,0,unknown,222.0,no
78,retired,single,secondary,no,1315.0,no,no,cellular,3,-1,0,other,52.0,no
28,technician,single,tertiary,no,4347.0,yes,yes,cellular,2,-1,1,success,194.0,no
73,blue-collar,divorced,tertiary,no,280.0,yes,no,cellular,3,-1,1,unknown,187.0,no
60,retired,single,tertiary,no,2895.0,no,no,telephone,2,30,1,unknown,22.0,no
75,admin.,married,secondary,no,387.0,yes,no,cellular,2,-1,0,unknown,23.0,no
69,self-employed,married,tertiary,no,4674.0,no,no,cellular,3,30,1,success,65.0,no
38,blue-collar,married,secondary,no,3417.0,yes,no,cellular,4,-1,0,unknown,669.0,yes
69,technician,divorced,primary,no,2929.0,yes,no,cellular,4,-1,0,unknown,96.0,no
28,housemaid,married,secondary,no,96.0,yes,no,cellular,4,-1,0,unknown,67.0,no
36,blue-collar,married,secondary,no,4832.0,no,no,cellular,3,-1,0,unknown,225.0,no
31,technician,married,tertiary,yes,5068.0,no,no,cellular,8,-1,2,unknown,164.0,no
26,technician,married,primary,no,717.0,no,yes,cellular,2,-1,0,unknown,116.0,no
23,services,married,secondary,no,1691.0,yes,no,cellular,4,-1,0,unknown,219.0,no
29,student,single,secondary,no,3068.0,yes,no,cellular,3,30,1,failure,37.0,no
25,blue-collar,married,secondary,no,-500.0,yes,no,cellular,7,365,0,unknown,100.0,no
41,services,divorced,tertiary,no,3463.0,yes,no,cellular,2,-1,0,success,169.0,yes
22,admin.,divorced,secondary,no,3243.0,no,no,telephone,1,-1,0,unknown,426.0,no
21,blue-collar,married,secondary,no,386.0,no,no,cellular,4,-1,0,unknown,187.0,no
79,technician,single,tertiary,no,-500.0,no,no,unknown,5,-1,1,unknown,181.0,no
23,services,married,tertiary,no,2000.0,no,yes,cellular,5,-1,0,success,166.0,no
22,blue-collar,married,secondary,no,-500.0,yes,no,cellular,5,-1,0,other,268.0,no
19,admin.,married,secondary,no,-500.0,yes,yes,unknown,4,-1,0,unknown,282.0,no
26,technician,single,tertiary,no,2067.0,yes,no,cellular,6,-1,1,failure,50.0,yes
50,admin.,single,secondary,no,3772.0,no,no,cellular,4,-1,0,failure,830.0,yes
69,blue-collar,married,secondary,no,1006.0,yes,no,cellular,2,-1,2,unknown,78.0,no
63,blue-collar,single,primary,no,3533.0,no,yes,cellular,5,-1,0,unknown,85.0,no
53,admin.,single,primary,no,2595.0,yes,no,unknown,3,30,0,unknown,193.0,no
23,blue-collar,single,tertiary,no,-500.0,no,no,unknown,4,-1,1,unknown,91.0,no
66,technician,married,tertiary,no,403.0,no,no,unknown,3,-1,0,unknown,297.0,no
20,blue-collar,single,secondary,no,3343.0,yes,no,cellular,2,180,0,failure,298.0,no
57,management,single,tertiary,no,388.0,no,no,cellular,4,90,2,unknown,142.0,no
43,services,married,tertiary,no,2874.0,yes,no,cellular,4,90,1,unknown,178.0,no
72,retired,single,secondary,no,662.0,yes,no,telephone,2,-1,2,unknown,168.0,no
37,services,married,secondary,no,2698.0,yes,yes,cellular,2,-1,0,failure,113.0,no
57,services,single,tertiary,no,2172.0,yes,no,cellular,5,30,3,unknown,286.0,yes
45,self-employed,single,secondary,no,953.0,yes,no,cellular,4,30,1,success,123.0,no
50,services,married,primary,no,2647.0,yes,no,unknown,1,-1,1,unknown,263.0,no
76,technician,married,tertiary,no,-500.0,no,no,unknown,8,-1,0,other,545.0,no
62,services,single,tertiary,no,-500.0,no,no,telephone,2,30,1,unknown,419.0,no
43,technician,single,secondary,no,565.0,yes,no,telephone,4,-1,0,unknown,206.0,no
45,blue-collar,single,secondary,no,3511.0,no,no,unknown,3,-1,0,unknown,189.0,no
61,services,single,tertiary,no,-500.0,no,no,cellular,2,-1,0,unknown,72.0,yes
39,services,married,secondary,no,1338.0,no,no,cellular,3,180,0,unknown,248.0,no
28,blue-collar,married,tertiary,no,1971.0,yes,no,cellular,2,30,0,unknown,92.0,no
46,technician,single,tertiary,no,1846.0,yes,no,cellular,2,-1,1,unknown,171.0,no
22,blue-collar,married,secondary,no,1223.0,no,no,cellular,3,-1,0,unknown,347.0,no
28,blue-collar,single,secondary,no,283.0,no,no,cellular,7,180,1,unknown,481.0,no
44,technician,married,secondary,no,956.0,no,no,cellular,2,-1,1,unknown,286.0,no
67,blue-collar,married,primary,no,3155.0,yes,no,telephone,4,-1,0,unknown,268.0,no
66,housemaid,single,secondary,no,161.0,no,no,cellular,3,-1,0,unknown,451.0,no
34,entrepreneur,single,secondary,no,-500.0,no,no,cellular,3,30,0,success,197.0,no
44,technician,single,tertiary,no,2239.0,no,no,unknown,4,180,1,unknown,41.0,no
27,management,married,tertiary,no,4093.0,no,yes,telephone,2,-1,2,unknown,166.0,no
64,services,single,primary,no,-492.0,yes,no,unknown,3,-1,0,success,173.0,no
33,technician,married,tertiary,no,3849.0,no,no,cellular,2,30,1,success,110.0,no
67,self-employed,single,secondary,no,2337.0,yes,no,telephone,3,180,0,unknown,164.0,no
70,technician,single,primary,no,-500.0,no,no,cellular,4,365,0,unknown,268.0,no
60,technician,married,secondary,no,133.0,yes,no,cellular,4,-1,0,unknown,48.0,no
38,entrepreneur,single,tertiary,no,54.0,no,no,cellular,6,-1,1,unknown,295.0,no
77,technician,married,secondary,no,1704.0,no,no,cellular,5,-1,0,success,174.0,no
60,retired,married,secondary,no,1074.0,yes,yes,unknown,2,-1,2,unknown,403.0,no
58,admin.,single,secondary,no,3390.0,yes,no,telephone,7,90,0,failure,35.0,no
71,blue-collar,married,secondary,no,2929.0,no,no,cellular,3,365,0,other,162.0,no
72,self-employed,divorced,secondary,no,-500.0,yes,no,unknown,4,30,0,unknown,299.0,no
22,blue-collar,married,secondary,no,-500.0,yes,no,cellular,3,60,1,unknown,115.0,no
72,retired,married,tertiary,no,2506.0,yes,no,cellular,2,-1,0,failure,133.0,no
65,blue-collar,single,secondary,no,472.0,yes,no,cellular,2,120,0,success,235.0,no
30,retired,married,secondary,no,1085.0,yes,no,cellular,3,-1,0,unknown,266.0,yes
37,admin.,divorced,secondary,no,2384.0,yes,no,cellular,5,-1,0,failure,270.0,no
64,technician,married,tertiary,no,2945.0,yes,no,unknown,4,-1,1,unknown,470.0,no
31,blue-collar,married,secondary,no,-500.0,yes,no,telephone,4,30,0,unknown,58.0,no
46,blue-collar,married,tertiary,no,-500.0,no,no,unknown,1,120,0,unknown,92.0,no
60,management,married,secondary,no,1196.0,yes,no,cellular,2,-1,1,unknown,65.0,no
58,management,married,secondary,no,-139.0,no,no,cellular,2,-1,0,unknown,121.0,yes
74,services,married,tertiary,no,1519.0,yes,no,cellular,6,30,0,unknown,123.0,no
24,retired,married,secondary,no,1240.0,yes,no,cellular,4,-1,0,unknown,130.0,no
36,admin.,married,secondary,no,-356.0,yes,no,telephone,3,-1,0,unknown,14.0,yes
79,technician,married,secondary,no,5156.0,no,no,cellular,6,-1,2,unknown,160.0,no
53,management,married,tertiary,no,1431.0,yes,no,cellular,5,-1,1,unknown,45.0,no
33,admin.,married,secondary,no,367.0,no,no,telephone,1,365,1,other,93.0,no
35,student,married,secondary,no,1583.0,yes,no,unknown,1,-1,1,unknown,91.0,no
39,services,married,secondary,no,2354.0,no,no,telephone,6,-1,0,unknown,159.0,no
52,services,married,secondary,no,261.0,yes,no,unknown,3,365,1,unknown,260.0,no
35,management,married,secondary,no,5576.0,yes,no,cellular,6,-1,1,unknown,191.0,no
56,housemaid,married,secondary,no,-500.0,yes,no,cellular,4,-1,0,unknown,773.0,no
45,retired,divorced,primary,no,-500.0,no,no,unknown,5,180,0,unknown,60.0,no
55,admin.,married,tertiary,no,-500.0,no,no,unknown,5,-1,1,success,321.0,no
27,blue-collar,married,secondary,no,1407.0,yes,no,cellular,5,-1,0,unknown,411.0,no
56,unemployed,single,primary,no,2251.0,no,no,cellular,1,30,2,unknown,303.0,no
75,services,married,secondary,no,805.0,yes,no,cellular,5,-1,0,success,236.0,no
26,housemaid,married,secondary,no,2246.0,yes,no,cellular,2,365,0,unknown,360.0,yes
38,blue-collar,single,secondary,no,2222.0,yes,no,cellular,2,60,1,unknown,147.0,no
60,services,single,tertiary,no,751.0,yes,no,unknown,6,-1,1,unknown,433.0,no
56,blue-collar,divorced,secondary,no,2169.0,yes,no,cellular,3,-1,0,unknown,58.0,no
59,blue-collar,divorced,tertiary,no,1046.0,no,no,cellular,3,-1,0,success,247.0,no
52,blue-collar,married,primary,no,664.0,yes,no,cellular,3,-1,0,unknown,233.0,no
60,services,single,secondary,no,503.0,no,no,cellular,4,-1,1,failure,251.0,no
55,services,married,secondary,no,1819.0,yes,no,cellular,4,-1,0,unknown,363.0,no
22,admin.,divorced,secondary,no,3592.0,yes,no,cellular,3,-1,0,unknown,482.0,no
64,blue-collar,married,tertiary,no,-500.0,no,no,unknown,8,30,1,unknown,291.0,no
45,services,married,tertiary,no,535.0,no,no,cellular,3,-1,0,unknown,282.0,no
21,retired,married,secondary,no,1693.0,yes,yes,unknown,6,30,2,unknown,133.0,no
43,services,married,primary,no,4562.0,yes,no,cellular,3,30,0,unknown,106.0,no
44,blue-collar,married,tertiary,no,2177.0,yes,no,unknown,2,30,0,unknown,187.0,no
23,services,single,secondary,no,-63.0,no,no,telephone,2,-1,1,unknown,274.0,no
79,technician,married,tertiary,no,-263.0,no,no,unknown,4,-1,2,unknown,252.0,no
31,self-employed,single,secondary,no,3173.0,yes,no,unknown,5,-1,0,unknown,11.0,no
38,blue-collar,married,secondary,no,835.0,no,no,cellular,2,-1,1,unknown,234.0,no
45,services,married,primary,no,-500.0,yes,no,cellular,6,-1,0,unknown,171.0,no
69,blue-collar,married,secondary,no,3225.0,yes,no,cellular,5,-1,1,unknown,242.0,no
64,admin.,married,secondary,no,1955.0,yes,no,cellular,4,-1,0,unknown,96.0,no
65,blue-collar,married,secondary,no,-500.0,yes,no,cellular,4,-1,0,unknown,623.0,no
32,technician,married,tertiary,no,-500.0,yes,yes,cellular,2,-1,0,unknown,341.0,no
70,housemaid,married,secondary,no,-500.0,yes,yes,cellular,4,-1,0,unknown,149.0,no
69,technician,single,secondary,no,280.0,yes,no,cellular,1,-1,0,unknown,132.0,no
46,management,married,secondary,no,1948.0,no,no,unknown,6,-1,0,success,271.0,no
51,management,single,secondary,no,3129.0,yes,yes,unknown,2,180,0,unknown,174.0,no
20,admin.,single,secondary,no,2165.0,no,no,unknown,4,-1,0,success,337.0,yes
65,services,married,tertiary,no,-500.0,no,no,cellular,4,-1,0,unknown,185.0,no
77,admin.,divorced,tertiary,no,889.0,no,no,unknown,3,-1,1,unknown,323.0,no
47,management,single,tertiary,no,3973.0,no,no,cellular,8,30,0,success,302.0,no
51,blue-collar,single,tertiary,no,478.0,yes,yes,cellular,3,-1,1,other,178.0,no
48,entrepreneur,single,secondary,no,2784.0,no,no,cellular,2,-1,0,unknown,75.0,no
23,retired,married,primary,no,2562.0,no,no,cellular,2,-1,1,unknown,14.0,no
56,admin.,divorced,primary,no,2768.0,no,no,cellular,4,-1,2,unknown,320.0,no
62,blue-collar,married,tertiary,no,2176.0,yes,no,unknown,4,180,1,failure,62.0,no
75,unemployed,married,secondary,no,2762.0,no,no,telephone,5,-1,0,unknown,148.0,no
75,admin.,single,tertiary,no,-500.0,yes,no,cellular,4,365,0,other,211.0,no
48,blue-collar,married,tertiary,no,4128.0,yes,no,cellular,3,30,0,failure,363.0,no
77,blue-collar,single,primary,no,-500.0,yes,no,cellular,2,120,0,unknown,96.0,yes
50,entrepreneur,married,secondary,no,1961.0,no,no,cellular,1,-1,1,unknown,333.0,no
57,services,married,secondary,no,1313.0,yes,no,unknown,2,-1,1,success,215.0,no
55,blue-collar,divorced,secondary,no,274.0,no,no,cellular,4,30,1,unknown,42.0,no
79,management,married,secondary,no,-355.0,yes,no,cellular,2,-1,0,unknown,196.0,no
63,services,married,secondary,no,2390.0,yes,yes,cellular,3,60,0,unknown,74.0,no
25,blue-collar,single,tertiary,no,2842.0,yes,no,telephone,5,-1,0,unknown,32.0,no
22,technician,single,tertiary,no,1214.0,yes,no,cellular,3,30,0,unknown,353.0,no
43,unemployed,single,primary,no,879.0,no,no,telephone,4,-1,0,unknown,55.0,no
49,blue-collar,married,primary,no,3707.0,yes,no,cellular,2,-1,0,unknown,102.0,no
59,blue-collar,divorced,tertiary,no,641.0,no,no,cellular,2,120,0,unknown,363.0,no
47,blue-collar,single,primary,no,1324.0,no,no,cellular,5,180,0,other,273.0,no
49,blue-collar,single,tertiary,yes,1034.0,yes,no,unknown,5,-1,0,unknown,132.0,no
75,management,married,secondary,no,5847.0,yes,no,cellular,4,-1,0,unknown,139.0,no
38,retired,married,tertiary,no,-112.0,yes,no,cellular,3,-1,0,unknown,178.0,no
48,management,married,tertiary,no,2897.0,yes,no,cellular,2,-1,0,unknown,43.0,no
52,blue-collar,married,tertiary,no,-500.0,yes,no,cellular,3,-1,1,success,24.0,no
47,blue-collar,married,tertiary,no,-324.0,yes,no,cellular,3,-1,0,other,192.0,no
78,unemployed,married,secondary,no,843.0,yes,no,cellular,4,60,1,success,275.0,no
77,technician,single,secondary,no,1164.0,no,no,cellular,3,-1,0,unknown,58.0,no
49,admin.,married,tertiary,no,906.0,no,no,cellular,5,60,1,unknown,148.0,no
45,services,married,secondary,no,1221.0,no,no,cellular,6,-1,4,unknown,343.0,no
54,management,married,secondary,no,160.0,no,no,cellular,1,-1,0,unknown,177.0,no
29,services,single,secondary,no,3718.0,yes,no,cellular,7,-1,0,unknown,280.0,no
44,self-employed,married,secondary,no,-401.0,yes,no,cellular,4,-1,1,unknown,106.0,no
31,technician,married,secondary,no,2740.0,yes,no,cellular,6,30,0,unknown,201.0,no
26,admin.,divorced,primary,no,2620.0,no,no,cellular,2,-1,0,unknown,425.0,no
23,blue-collar,single,secondary,yes,-306.0,yes,no,cellular,2,-1,0,failure,104.0,no
54,unemployed,married,secondary,no,739.0,yes,no,cellular,3,-1,0,unknown,98.0,no
18,blue-collar,single,tertiary,no,1396.0,no,no,cellular,1,-1,0,unknown,118.0,no
58,blue-collar,divorced,secondary,no,4416.0,no,no,cellular,2,-1,3,unknown,74.0,no
44,services,married,tertiary,no,735.0,yes,yes,cellular,6,-1,1,success,144.0,no
40,student,single,tertiary,no,7923.0,no,no,telephone,5,-1,0,unknown,172.0,no
65,services,married,primary,no,2782.0,yes,no,cellular,5,60,0,other,294.0,no
51,student,single,secondary,no,2018.0,yes,no,cellular,3,120,0,failure,162.0,no
63,services,single,secondary,no,2992.0,no,no,unknown,4,-1,1,unknown,181.0,no
61,blue-collar,divorced,tertiary,no,-500.0,no,no,unknown,2,-1,0,unknown,201.0,no
19,self-employed,single,secondary,no,3509.0,yes,no,cellular,3,-1,0,unknown,110.0,no
31,student,married,primary,no,-500.0,no,no,cellular,4,-1,0,failure,187.0,no
53,technician,married,secondary,no,2965.0,yes,no,unknown,4,-1,0,unknown,52.0,no
78,blue-collar,divorced,secondary,no,333.0,no,no,cellular,3,-1,0,unknown,597.0,no
27,blue-collar,married,primary,no,-39.0,no,no,telephone,1,-1,0,unknown,239.0,no
24,student,married,secondary,no,4591.0,yes,no,cellular,1,365,0,unknown,285.0,yes
76,blue-collar,single,tertiary,no,1221.0,yes,no,cellular,5,-1,0,unknown,146.0,no
77,admin.,married,primary,no,-500.0,no,no,cellular,3,-1,2,unknown,56.0,no
28,technician,married,tertiary,no,3155.0,no,yes,cellular,1,-1,0,unknown,485.0,yes
42,management,married,secondary,no,-500.0,no,no,cellular,2,-1,0,failure,153.0,no
56,blue-collar,married,secondary,no,3849.0,no,no,cellular,5,90,0,unknown,138.0,no
30,admin.,single,primary,no,1371.0,no,no,telephone,3,-1,1,unknown,35.0,no
38,admin.,married,primary,no,-500.0,yes,no,cellular,3,180,0,failure,151.0,no
42,technician,married,tertiary,no,2878.0,yes,no,telephone,3,-1,0,unknown,359.0,no
57,management,single,secondary,no,2338.0,yes,no,unknown,5,120,0,unknown,91.0,no
37,blue-collar,married,secondary,no,-500.0,yes,no,cellular,2,-1,0,unknown,86.0,no
43,blue-collar,single,tertiary,no,1286.0,yes,no,unknown,2,-1,0,unknown,173.0,no
35,blue-collar,married,primary,no,1938.0,yes,no,cellular,4,-1,2,unknown,147.0,no
65,admin.,married,primary,no,1833.0,yes,yes,cellular,7,120,1,unknown,129.0,no
27,blue-collar,married,secondary,no,1067.0,yes,no,cellular,4,30,0,unknown,92.0,yes
32,retired,single,tertiary,no,2741.0,yes,no,cellular,1,-1,0,other,145.0,no
33,blue-collar,divorced,secondary,no,2424.0,no,no,cellular,3,-1,1,unknown,267.0,yes
74,blue-collar,married,secondary,no,1456.0,yes,no,cellular,5,-1,2,unknown,38.0,no
76,management,married,secondary,no,975.0,yes,no,cellular,2,365,2,unknown,366.0,yes
49,housemaid,married,tertiary,no,1667.0,yes,no,cellular,1,-1,1,unknown,317.0,no
27,blue-collar,married,tertiary,no,313.0,no,no,cellular,3,90,0,unknown,126.0,no
64,admin.,married,secondary,no,-441.0,no,no,cellular,5,-1,0,unknown,300.0,no
48,admin.,divorced,secondary,no,-500.0,yes,no,cellular,3,-1,0,unknown,115.0,no
70,blue-collar,single,secondary,no,1220.0,yes,no,cellular,7,90,0,unknown,367.0,yes
40,services,married,secondary,no,-144.0,no,no,cellular,2,-1,2,unknown,120.0,no
79,blue-collar,married,primary,yes,1114.0,no,yes,cellular,3,-1,0,unknown,117.0,no
68,technician,married,secondary,no,3794.0,no,no,unknown,3,-1,0,unknown,15.0,no
31,services,married,secondary,no,1027.0,yes,yes,unknown,3,-1,0,success,112.0,no
62,admin.,married,tertiary,yes,1649.0,no,no,cellular,3,-1,0,unknown,94.0,no
35,admin.,divorced,secondary,no,988.0,yes,no,unknown,3,-1,0,unknown,228.0,no
39,blue-collar,married,secondary,no,3752.0,no,no,cellular,1,-1,0,failure,164.0,no
33,admin.,married,secondary,no,4384.0,no,yes,cellular,3,30,1,unknown,150.0,no
60,retired,married,tertiary,no,555.0,no,no,cellular,4,-1,1,failure,167.0,yes
34,admin.,married,secondary,no,2710.0,no,no,cellular,3,-1,0,failure,499.0,yes
57,technician,divorced,secondary,no,5164.0,yes,no,cellular,4,-1,0,unknown,87.0,no
54,management,single,primary,no,-500.0,no,no,cellular,4,-1,2,success,27.0,no
64,services,single,secondary,no,3165.0,yes,yes,telephone,3,-1,0,unknown,144.0,no
79,student,single,tertiary,no,-500.0,yes,no,cellular,7,-1,1,other,217.0,no
18,management,married,primary,no,1453.0,yes,no,cellular,5,-1,0,success,55.0,no
79,technician,single,secondary,no,1148.0,yes,no,unknown,5,-1,0,unknown,739.0,yes
24,unemployed,single,primary,no,-500.0,no,no,telephone,3,-1,0,unknown,468.0,no
50,blue-collar,married,secondary,no,3361.0,yes,no,cellular,3,-1,0,success,335.0,yes
39,blue-collar,married,tertiary,no,1666.0,yes,yes,unknown,1,-1,1,unknown,145.0,no
57,blue-collar,single,secondary,no,-269.0,yes,yes,unknown,3,-1,2,unknown,452.0,no
62,blue-collar,divorced,primary,no,1991.0,yes,yes,cellular,3,180,1,unknown,130.0,yes
71,retired,married,secondary,no,3027.0,yes,no,cellular,3,-1,0,unknown,30.0,no
42,entrepreneur,divorced,primary,no,-500.0,no,no,unknown,4,-1,0,unknown,181.0,no
75,management,divorced,secondary,no,-500.0,yes,no,cellular,3,180,0,unknown,342.0,no
37,student,divorced,tertiary,no,1324.0,yes,no,cellular,2,-1,2,unknown,102.0,no
30,blue-collar,married,secondary,no,17.0,no,yes,cellular,2,-1,0,unknown,269.0,no
41,retired,married,secondary,no,3809.0,no,no,unknown,2,60,0,unknown,110.0,no
50,blue-collar,single,secondary,no,733.0,no,no,cellular,4,-1,0,unknown,192.0,no
59,technician,married,tertiary,no,1957.0,yes,no,cellular,4,-1,1,unknown,31.0,no
69,services,married,primary,no,1063.0,yes,yes,cellular,3,30,1,unknown,54.0,no
31,admin.,single,secondary,no,-500.0,no,yes,cellular,6,90,0,unknown,123.0,no
36,services,married,primary,no,1455.0,yes,yes,cellular,6,-1,0,unknown,357.0,no
76,blue-collar,married,primary,no,-500.0,no,no,cellular,4,-1,1,unknown,48.0,no
45,services,divorced,secondary,no,-500.0,yes,yes,unknown,7,90,1,success,72.0,no
32,retired,married,tertiary,no,-500.0,yes,yes,cellular,2,-1,0,unknown,128.0,no
79,entrepreneur,divorced,primary,no,-500.0,yes,no,cellular,5,180,0,unknown,116.0,no
45,services,married,tertiary,no,1021.0,no,yes,cellular,2,-1,0,unknown,304.0,no
79,technician,married,secondary,no,694.0,no,no,telephone,5,-1,0,failure,329.0,no
74,student,married,tertiary,no,1911.0,no,no,cellular,1,-1,0,unknown,232.0,yes
74,retired,married,secondary,no,-500.0,no,no,cellular,3,-1,0,unknown,314.0,no
54,services,married,secondary,no,947.0,yes,no,cellular,2,-1,1,other,126.0,no
67,housemaid,single,tertiary,no,534.0,no,no,cellular,3,-1,1,unknown,311.0,no
77,technician,divorced,secondary,no,1763.0,yes,no,unknown,4,90,0,unknown,150.0,no
34,technician,married,secondary,no,1849.0,yes,no,cellular,6,-1,0,unknown,7.0,no
20,blue-collar,married,tertiary,no,1681.0,no,no,cellular,5,365,0,unknown,275.0,no
37,blue-collar,single,secondary,no,-382.0,yes,no,cellular,4,-1,1,unknown,176.0,yes
57,blue-collar,married,tertiary,no,1444.0,no,no,unknown,5,-1,2,unknown,22.0,no
51,blue-collar,married,primary,no,476.0,no,no,cellular,1,-1,0,unknown,225.0,no
22,entrepreneur,married,secondary,no,3766.0,no,yes,cellular,3,-1,1,unknown,276.0,no
52,blue-collar,married,secondary,no,1599.0,no,no,cellular,5,60,0,unknown,327.0,no
28,self-employed,married,secondary,no,1543.0,yes,yes,unknown,5,30,0,unknown,43.0,no
49,admin.,married,secondary,no,-500.0,no,no,unknown,3,60,1,unknown,129.0,no
53,blue-collar,single,tertiary,no,337.0,no,no,unknown,5,180,1,other,263.0,no
57,services,married,tertiary,no,1866.0,yes,no,cellular,3,-1,0,unknown,168.0,no
43,entrepreneur,married,secondary,no,1258.0,no,no,telephone,4,120,1,unknown,369.0,no
43,housemaid,married,primary,no,1239.0,no,no,cellular,3,-1,0,other,49.0,no
60,technician,married,primary,no,-500.0,no,no,cellular,3,-1,0,other,69.0,no
64,unemployed,divorced,primary,no,-65.0,yes,no,unknown,4,-1,0,unknown,142.0,no
68,retired,single,secondary,no,905.0,yes,yes,unknown,5,-1,0,unknown,15.0,no
38,admin.,single,secondary,no,3563.0,no,no,cellular,4,-1,1,unknown,16.0,no
44,admin.,married,secondary,no,-500.0,yes,no,cellular,1,-1,2,failure,154.0,no
38,technician,married,tertiary,yes,-479.0,yes,yes,cellular,5,180,0,unknown,228.0,no
50,services,married,tertiary,no,-500.0,no,no,unknown,6,60,0,unknown,89.0,no
25,student,married,secondary,no,1986.0,no,no,unknown,2,-1,2,unknown,377.0,no
44,services,married,secondary,no,3535.0,yes,no,telephone,2,-1,0,unknown,64.0,no
29,blue-collar,married,secondary,no,2049.0,yes,no,cellular,2,-1,0,success,390.0,no
51,management,married,secondary,no,2439.0,no,no,cellular,5,-1,1,failure,234.0,no
70,technician,married,secondary,no,-458.0,yes,yes,cellular,3,-1,0,other,445.0,no
79,technician,married,primary,yes,2065.0,no,no,unknown,2,180,0,unknown,164.0,no
45,blue-collar,married,tertiary,no,10.0,no,no,telephone,5,-1,0,unknown,132.0,no
21,self-employed,married,secondary,no,1508.0,yes,no,cellular,4,60,2,unknown,178.0,no
32,blue-collar,divorced,secondary,no,2304.0,no,no,cellular,2,-1,0,unknown,68.0,no
24,technician,married,secondary,no,875.0,yes,no,cellular,3,-1,0,unknown,326.0,no
65,blue-collar,married,secondary,no,2876.0,no,no,cellular,4,-1,0,failure,200.0,no
79,services,married,secondary,no,1106.0,yes,no,cellular,5,365,0,unknown,141.0,no
52,blue-collar,married,secondary,no,1893.0,yes,no,cellular,4,-1,0,unknown,402.0,no
28,self-employed,single,primary,no,4804.0,no,no,cellular,3,-1,0,unknown,151.0,no
19,services,married,secondary,no,2295.0,yes,no,cellular,4,365,3,unknown,81.0,no
78,blue-collar,divorced,secondary,yes,51.0,yes,yes,unknown,3,-1,2,failure,100.0,no
37,technician,single,primary,no,535.0,yes,yes,cellular,4,-1,2,unknown,72.0,yes
24,technician,married,tertiary,no,2972.0,yes,yes,unknown,2,-1,0,unknown,512.0,no
28,technician,divorced,tertiary,no,3277.0,yes,no,unknown,1,-1,1,unknown,310.0,no
33,blue-collar,single,secondary,no,1334.0,yes,yes,cellular,5,-1,1,unknown,133.0,no
58,services,divorced,tertiary,no,-500.0,no,no,cellular,3,-1,0,success,115.0,no
73,retired,married,secondary,no,-310.0,yes,no,cellular,2,365,0,success,317.0,no
35,self-employed,divorced,secondary,no,1725.0,yes,no,telephone,5,365,0,other,83.0,no
60,management,married,secondary,no,2445.0,yes,no,cellular,3,-1,0,unknown,124.0,no
22,self-employed,married,secondary,no,3209.0,no,no,cellular,4,-1,1,unknown,561.0,no
18,blue-collar,divorced,secondary,no,-500.0,no,yes,telephone,6,-1,2,failure,48.0,no
21,housemaid,married,tertiary,no,2969.0,no,no,cellular,4,-1,2,unknown,107.0,no
75,blue-collar,married,secondary,no,3969.0,yes,no,cellular,6,-1,0,success,103.0,yes
54,blue-collar,married,secondary,no,-500.0,yes,no,cellular,2,-1,1,unknown,117.0,no
67,blue-collar,married,primary,no,1390.0,yes,no,unknown,1,-1,0,other,86.0,no
19,blue-collar,married,tertiary,no,2764.0,yes,no,cellular,2,30,0,failure,72.0,no
19,technician,married,primary,no,-500.0,no,no,cellular,5,30,0,unknown,161.0,no
70,retired,married,tertiary,no,501.0,yes,no,telephone,2,-1,0,unknown,226.0,no
24,admin.,single,primary,no,2408.0,yes,no,telephone,1,-1,0,other,582.0,yes
27,technician,married,tertiary,no,459.0,no,no,cellular,6,30,0,failure,40.0,no
50,technician,single,secondary,no,745.0,yes,no,cellular,4,-1,0,unknown,180.0,no
55,technician,married,secondary,no,1797.0,yes,no,unknown,1,90,2,other,232.0,no
32,technician,single,secondary,no,-500.0,yes,yes,cellular,2,-1,0,unknown,37.0,no
45,unemployed,single,primary,no,-500.0,yes,no,unknown,3,-1,0,unknown,253.0,no
59,self-employed,divorced,primary,no,2243.0,no,no,unknown,2,-1,0,unknown,192.0,no
45,technician,married,primary,no,3108.0,no,no,cellular,3,60,1,unknown,99.0,no
41,technician,married,secondary,no,2117.0,no,no,telephone,3,30,0,unknown,274.0,no
22,blue-collar,divorced,secondary,no,3850.0,no,no,unknown,2,-1,1,unknown,554.0,no
46,technician,single,secondary,no,2155.0,yes,yes,cellular,2,-1,0,unknown,53.0,no
67,technician,married,secondary,no,4725.0,yes,no,cellular,3,120,0,unknown,70.0,no
56,student,single,tertiary,yes,1518.0,no,no,cellular,2,-1,1,unknown,124.0,no
73,technician,single,tertiary,no,1855.0,yes,yes,unknown,3,-1,1,unknown,165.0,no
25,entrepreneur,married,secondary,no,2126.0,yes,no,telephone,4,-1,1,unknown,267.0,no
18,entrepreneur,single,secondary,no,270.0,no,yes,cellular,3,-1,0,success,19.0,no
51,services,single,tertiary,no,3.0,yes,no,cellular,3,60,1,unknown,407.0,no
29,services,married,tertiary,no,-220.0,yes,yes,cellular,3,-1,0,unknown,324.0,no
54,technician,married,tertiary,no,400.0,yes,no,cellular,4,-1,1,unknown,369.0,no
74,technician,married,secondary,no,5127.0,no,no,cellular,3,-1,0,failure,231.0,no
38,services,married,secondary,no,4679.0,yes,no,cellular,2,-1,1,unknown,165.0,no
52,technician,married,tertiary,no,810.0,no,no,cellular,5,-1,0,unknown,145.0,no
60,blue-collar,single,secondary,no,643.0,yes,no,telephone,1,30,3,unknown,48.0,no
27,technician,married,secondary,no,-500.0,no,no,unknown,4,-1,1,success,196.0,no
73,admin.,single,tertiary,no,-390.0,no,no,unknown,5,-1,0,unknown,76.0,no
30,retired,single,tertiary,no,-57.0,no,no,cellular,3,-1,1,success,21.0,no
68,admin.,single,primary,no,609.0,yes,no,cellular,4,60,0,unknown,227.0,no
58,retired,married,primary,no,375.0,no,no,cellular,3,-1,2,failure,106.0,no
26,entrepreneur,married,tertiary,no,1787.0,no,yes,cellular,6,-1,1,unknown,497.0,no
62,admin.,single,secondary,no,2795.0,yes,yes,cellular,3,365,0,unknown,231.0,no
30,services,married,tertiary,no,90.0,yes,no,unknown,5,-1,0,unknown,134.0,no
55,services,married,primary,no,3986.0,yes,no,cellular,3,-1,0,unknown,369.0,no
77,blue-collar,married,secondary,no,2022.0,yes,yes,cellular,4,60,2,unknown,269.0,yes
77,services,married,tertiary,no,2999.0,yes,no,cellular,4,-1,0,unknown,40.0,no
72,blue-collar,single,tertiary,no,609.0,yes,no,cellular,3,-1,1,unknown,49.0,no
48,blue-collar,married,secondary,no,2384.0,no,no,cellular,1,-1,1,unknown,260.0,yes
52,blue-collar,married,primary,no,2216.0,no,no,cellular,2,60,1,unknown,127.0,no
36,self-employed,married,secondary,no,4042.0,no,no,unknown,3,180,0,unknown,468.0,yes
75,student,married,secondary,no,2575.0,yes,no,cellular,3,-1,1,unknown,249.0,no
47,self-employed,married,tertiary,no,2937.0,yes,no,cellular,5,-1,0,unknown,93.0,no
65,technician,single,secondary,no,448.0,no,yes,unknown,4,30,0,unknown,81.0,no
40,self-employed,divorced,tertiary,no,3553.0,yes,yes,telephone,4,-1,0,success,334.0,no
63,technician,divorced,tertiary,no,-500.0,no,yes,telephone,2,-1,0,success,39.0,no
31,technician,married,secondary,no,369.0,yes,no,unknown,4,-1,2,unknown,229.0,no
63,entrepreneur,married,primary,no,1906.0,no,no,cellular,4,-1,0,unknown,273.0,yes
20,blue-collar,married,tertiary,no,-500.0,yes,no,unknown,4,-1,0,failure,49.0,no
24,blue-collar,single,primary,no,-262.0,yes,yes,cellular,2,-1,0,failure,52.0,no
39,self-employed,single,tertiary,no,-261.0,no,no,cellular,6,-1,1,success,284.0,no
47,retired,single,secondary,no,2082.0,yes,no,cellular,4,-1,1,unknown,187.0,no
62,blue-collar,married,secondary,no,1114.0,yes,no,unknown,2,120,0,unknown,266.0,no
40,technician,married,secondary,no,3135.0,yes,no,cellular,4,-1,0,unknown,112.0,no
19,technician,divorced,secondary,no,4785.0,no,no,cellular,4,-1,0,unknown,91.0,no
38,blue-collar,married,tertiary,no,1887.0,no,yes,cellular,2,60,0,other,331.0,yes
45,blue-collar,single,secondary,no,479.0,no,yes,cellular,3,60,1,failure,376.0,no
51,blue-collar,single,secondary,no,2063.0,yes,no,unknown,3,365,0,success,273.0,no
57,entrepreneur,married,secondary,no,-212.0,yes,no,telephone,5,-1,0,success,260.0,no
33,technician,divorced,secondary,no,1285.0,no,yes,cellular,4,90,1,unknown,28.0,no
55,self-employed,single,tertiary,no,5832.0,yes,no,cellular,2,-1,1,unknown,160.0,no
57,admin.,single,tertiary,no,1034.0,no,no,unknown,2,-1,0,unknown,126.0,no
66,management,married,secondary,no,1945.0,yes,no,cellular,4,-1,0,success,257.0,no
50,admin.,married,tertiary,no,1109.0,yes,no,cellular,5,-1,0,unknown,105.0,no
68,housemaid,single,secondary,no,663.0,yes,no,cellular,1,-1,1,unknown,610.0,no
31,housemaid,married,primary,no,2266.0,yes,yes,cellular,3,-1,1,unknown,66.0,no
62,services,married,primary,no,-500.0,no,no,unknown,5,-1,0,unknown,139.0,no
20,retired,married,tertiary,no,1101.0,yes,no,telephone,3,-1,0,unknown,49.0,no
24,technician,married,secondary,no,-500.0,yes,no,cellular,2,-1,0,unknown,52.0,no
71,admin.,single,tertiary,no,4180.0,yes,no,telephone,1,-1,0,unknown,121.0,no
47,student,married,secondary,no,3177.0,yes,no,telephone,4,120,0,unknown,339.0,no
56,admin.,married,primary,no,17.0,yes,no,cellular,3,-1,0,unknown,345.0,no
55,blue-collar,married,secondary,no,-500.0,yes,no,cellular,2,-1,1,unknown,196.0,no
61,technician,married,secondary,no,2283.0,yes,no,cellular,7,30,0,success,174.0,no
33,services,married,secondary,no,1321.0,yes,no,unknown,2,-1,0,unknown,361.0,no
29,blue-collar,married,tertiary,no,5439.0,yes,yes,unknown,1,-1,2,other,236.0,yes
20,management,married,secondary,no,3923.0,no,no,unknown,6,180,0,unknown,116.0,no
71,services,married,secondary,no,2543.0,yes,no,cellular,3,-1,0,failure,87.0,no
31,technician,single,tertiary,no,449.0,yes,no,cellular,4,-1,0,unknown,86.0,no
53,services,married,secondary,no,929.0,yes,no,cellular,2,30,1,unknown,239.0,no
46,admin.,married,tertiary,no,1944.0,no,no,unknown,2,90,0,unknown,197.0,no
28,management,married,secondary,no,2039.0,no,no,telephone,5,-1,1,unknown,223.0,no
43,blue-collar,single,secondary,no,126.0,yes,no,unknown,4,-1,0,unknown,94.0,no
23,admin.,married,secondary,no,-500.0,yes,no,cellular,4,-1,0,unknown,7.0,no
28,self-employed,married,primary,no,4871.0,yes,yes,cellular,3,30,0,unknown,39.0,no
26,student,single,secondary,no,1461.0,no,no,unknown,3,60,0,unknown,167.0,no
69,admin.,single,secondary,no,2164.0,no,no,cellular,4,180,1,other,73.0,no
53,technician,married,secondary,no,-143.0,yes,no,cellular,2,120,0,unknown,141.0,no
75,services,single,secondary,no,3859.0,yes,yes,cellular,6,30,1,success,75.0,no
45,student,single,primary,no,3272.0,no,no,cellular,4,60,1,unknown,163.0,yes
30,blue-collar,married,secondary,no,1509.0,no,no,unknown,4,-1,0,failure,221.0,yes
55,entrepreneur,divorced,tertiary,no,1778.0,yes,no,telephone,3,365,0,unknown,306.0,no
75,blue-collar,married,secondary,no,1913.0,no,no,unknown,2,-1,0,failure,207.0,no
51,blue-collar,single,secondary,no,1577.0,no,no,cellular,4,-1,1,unknown,123.0,no
19,blue-collar,divorced,primary,no,2404.0,yes,no,cellular,3,30,0,unknown,93.0,yes
36,blue-collar,divorced,secondary,no,2078.0,yes,no,cellular,4,-1,0,unknown,170.0,no
75,blue-collar,married,secondary,no,1083.0,no,no,cellular,4,-1,1,unknown,399.0,yes
50,blue-collar,single,tertiary,no,-500.0,yes,no,cellular,4,-1,0,other,219.0,no
77,technician,married,secondary,no,1354.0,yes,no,cellular,5,-1,1,success,252.0,no
49,technician,married,secondary,no,2750.0,yes,no,cellular,6,-1,1,other,149.0,no
18,blue-collar,single,secondary,no,2610.0,no,no,cellular,3,-1,0,failure,182.0,no
72,technician,married,secondary,no,3762.0,yes,no,unknown,4,-1,0,unknown,211.0,no
65,blue-collar,single,tertiary,no,3953.0,no,no,cellular,1,-1,1,unknown,31.0,no
62,housemaid,married,secondary,no,2663.0,no,no,cellular,3,-1,0,unknown,179.0,no
78,technician,married,tertiary,no,1737.0,yes,no,unknown,3,30,0,other,16.0,no
30,management,married,secondary,no,2018.0,no,no,unknown,3,-1,0,unknown,365.0,no
74,blue-collar,married,primary,no,366.0,no,no,cellular,4,-1,0,unknown,340.0,no
32,entrepreneur,married,primary,no,2839.0,yes,no,cellular,5,-1,0,unknown,240.0,no
78,management,married,primary,no,3783.0,no,no,cellular,3,-1,1,failure,77.0,no
29,self-employed,divorced,secondary,no,3275.0,yes,no,unknown,2,-1,1,unknown,287.0,no
52,housemaid,single,primary,no,2401.0,yes,no,cellular,3,-1,2,unknown,251.0,no
66,management,single,primary,no,967.0,yes,no,cellular,4,-1,0,unknown,382.0,no
22,blue-collar,married,primary,no,759.0,yes,no,unknown,3,-1,1,success,228.0,no
22,retired,married,primary,no,1112.0,yes,no,telephone,2,60,0,failure,311.0,no
70,blue-collar,single,secondary,no,86.0,yes,no,cellular,1,-1,0,unknown,195.0,no
21,technician,married,tertiary,no,1894.0,yes,no,telephone,1,-1,1,unknown,72.0,no
56,student,married,secondary,no,-500.0,no,no,cellular,4,90,2,unknown,221.0,no
76,housemaid,divorced,primary,no,430.0,yes,yes,unknown,4,-1,3,failure,232.0,no
56,student,married,secondary,no,1523.0,no,no,cellular,7,-1,0,failure,223.0,no
47,admin.,divorced,secondary,no,5903.0,yes,no,cellular,3,180,1,unknown,68.0,no
43,blue-collar,married,secondary,no,1408.0,yes,no,cellular,4,-1,1,unknown,337.0,no
57,management,married,secondary,no,1474.0,yes,no,unknown,6,-1,0,unknown,239.0,no
53,management,married,secondary,no,-100.0,yes,no,cellular,5,120,2,other,178.0,no
49,student,divorced,secondary,no,4495.0,no,yes,cellular,3,365,2,unknown,21.0,no
27,technician,single,tertiary,no,-64.0,yes,no,unknown,5,-1,0,success,178.0,no
59,entrepreneur,single,secondary,no,5059.0,no,yes,cellular,3,60,2,unknown,214.0,no
63,blue-collar,married,primary,no,68.0,no,no,cellular,4,-1,1,success,308.0,no
61,self-employed,single,primary,no,3095.0,yes,no,cellular,3,-1,0,unknown,457.0,no
22,blue-collar,married,tertiary,no,1298.0,no,no,cellular,3,-1,0,unknown,203.0,no
61,blue-collar,married,tertiary,no,388.0,no,no,cellular,4,180,0,unknown,35.0,no
63,technician,single,secondary,no,3217.0,no,no,cellular,4,180,2,other,168.0,no
29,technician,single,tertiary,no,3791.0,no,no,unknown,7,30,0,unknown,314.0,no
70,technician,single,secondary,yes,1066.0,yes,no,unknown,3,-1,0,unknown,554.0,no
50,blue-collar,married,primary,no,1356.0,yes,no,cellular,4,-1,0,unknown,43.0,no
47,admin.,single,tertiary,no,657.0,no,no,telephone,3,-1,0,success,118.0,no
62,management,married,secondary,no,1803.0,yes,no,unknown,2,-1,0,unknown,279.0,yes
49,technician,divorced,secondary,no,-500.0,yes,no,cellular,7,-1,0,unknown,243.0,no
51,blue-collar,married,secondary,no,-500.0,yes,no,unknown,3,-1,0,success,227.0,no
37,blue-collar,married,primary,no,-500.0,yes,no,cellular,3,-1,0,unknown,206.0,no
75,admin.,married,primary,no,1002.0,no,no,cellular,7,-1,1,unknown,126.0,no
78,student,married,secondary,no,-500.0,yes,no,unknown,6,-1,0,unknown,260.0,no
26,technician,married,secondary,no,1188.0,no,no,cellular,7,-1,2,success,238.0,no
63,services,single,secondary,no,478.0,yes,no,cellular,4,30,1,unknown,279.0,no
19,admin.,single,primary,no,129.0,no,no,cellular,2,90,1,unknown,198.0,no
40,services,married,secondary,no,232.0,yes,no,cellular,2,120,1,unknown,623.0,yes
78,management,married,tertiary,no,3141.0,no,yes,cellular,5,-1,1,success,58.0,no
28,blue-collar,single,tertiary,no,1824.0,yes,no,cellular,2,-1,2,unknown,80.0,no
41,blue-collar,divorced,tertiary,no,4217.0,yes,no,cellular,7,-1,0,success,157.0,no
31,management,married,secondary,no,1586.0,yes,no,unknown,1,-1,0,failure,112.0,no
63,blue-collar,divorced,secondary,no,-500.0,yes,no,unknown,2,60,0,success,323.0,no
46,technician,married,secondary,no,-479.0,no,no,unknown,4,120,0,unknown,82.0,no
54,management,single,primary,no,1607.0,no,yes,cellular,2,90,2,failure,49.0,no
76,entrepreneur,single,primary,no,1836.0,yes,no,telephone,4,-1,2,other,154.0,no
50,services,married,tertiary,no,345.0,yes,no,unknown,2,-1,0,unknown,39.0,no
63,services,married,secondary,no,-32.0,yes,no,cellular,3,60,0,unknown,251.0,no
24,admin.,single,primary,no,306.0,yes,no,telephone,4,-1,0,failure,303.0,no
31,self-employed,married,secondary,no,1140.0,yes,no,cellular,1,-1,0,unknown,120.0,no
76,blue-collar,married,secondary,no,1312.0,yes,yes,telephone,5,365,0,unknown,279.0,no
71,entrepreneur,married,secondary,no,-500.0,yes,no,cellular,7,-1,1,other,333.0,no
58,services,single,secondary,no,1843.0,yes,no,cellular,5,60,0,unknown,369.0,no
41,retired,married,tertiary,no,1827.0,yes,yes,unknown,4,-1,0,success,18.0,no
30,entrepreneur,married,tertiary,no,1202.0,yes,no,cellular,4,-1,0,unknown,246.0,no
70,blue-collar,divorced,tertiary,no,156.0,no,no,unknown,3,-1,1,unknown,217.0,no
66,management,single,secondary,no,2609.0,yes,no,telephone,3,180,1,unknown,221.0,no
32,blue-collar,married,secondary,no,3783.0,yes,no,cellular,2,-1,0,unknown,370.0,yes
54,technician,married,tertiary,no,593.0,no,no,telephone,2,-1,1,unknown,458.0,no
56,retired,married,secondary,no,269.0,yes,yes,unknown,3,60,0,failure,212.0,no
47,technician,married,tertiary,no,2239.0,yes,no,cellular,5,-1,2,unknown,144.0,no
75,entrepreneur,married,tertiary,no,-500.0,yes,no,telephone,3,-1,0,unknown,315.0,no
25,technician,married,secondary,no,-500.0,yes,yes,unknown,2,-1,0,failure,283.0,no
33,admin.,married,secondary,no,232.0,no,no,cellular,4,-1,0,unknown,171.0,no
23,blue-collar,single,secondary,no,1957.0,yes,no,unknown,3,-1,0,unknown,159.0,no
60,admin.,married,secondary,no,-185.0,no,no,cellular,5,-1,1,unknown,132.0,no
57,admin.,married,tertiary,no,1366.0,yes,yes,telephone,4,-1,1,unknown,105.0,no
79,technician,single,primary,no,-500.0,yes,no,cellular,6,-1,0,unknown,99.0,no
51,services,married,secondary,no,2510.0,no,yes,cellular,2,180,0,unknown,194.0,no
27,self-employed,single,secondary,no,3993.0,no,yes,cellular,3,120,0,unknown,136.0,no
45,retired,married,secondary,no,-238.0,yes,no,unknown,2,-1,0,unknown,178.0,no
23,retired,married,tertiary,no,2199.0,yes,no,unknown,5,-1,0,unknown,88.0,no
59,services,married,secondary,no,1025.0,yes,no,unknown,3,60,0,unknown,210.0,no
59,technician,married,secondary,yes,1591.0,yes,no,unknown,2,-1,0,unknown,252.0,no
71,self-employed,single,secondary,no,957.0,no,no,telephone,3,-1,0,unknown,258.0,no
39,student,married,secondary,no,854.0,no,no,cellular,3,-1,1,success,77.0,no
37,blue-collar,married,tertiary,no,-100.0,no,no,unknown,5,-1,0,unknown,190.0,no
22,technician,married,primary,no,-500.0,yes,no,cellular,8,-1,1,success,178.0,no
43,admin.,married,primary,no,3379.0,no,no,unknown,3,-1,1,unknown,146.0,no
47,entrepreneur,married,tertiary,no,-500.0,yes,no,telephone,2,-1,0,unknown,162.0,no
64,technician,married,secondary,no,1366.0,yes,no,cellular,2,365,2,unknown,236.0,no
64,blue-collar,married,secondary,no,1285.0,yes,no,telephone,2,-1,0,success,250.0,no
26,blue-collar,single,secondary,no,1316.0,no,no,cellular,3,-1,0,unknown,253.0,no
35,blue-collar,single,secondary,no,2597.0,no,no,cellular,2,365,2,unknown,87.0,no
49,management,married,primary,no,733.0,yes,yes,cellular,5,-1,0,unknown,439.0,no
38,technician,divorced,secondary,no,2575.0,no,no,unknown,3,-1,0,failure,301.0,no
19,technician,married,primary,no,4975.0,yes,no,cellular,4,-1,0,unknown,75.0,no
70,management,married,tertiary,no,1126.0,no,no,unknown,2,-1,1,unknown,87.0,no
63,technician,single,secondary,no,-500.0,yes,no,unknown,6,-1,1,unknown,116.0,no
50,services,single,tertiary,no,1143.0,yes,yes,telephone,4,-1,1,unknown,257.0,no
37,technician,married,tertiary,no,967.0,yes,no,cellular,4,-1,3,failure,107.0,no
70,blue-collar,divorced,tertiary,no,2124.0,yes,no,cellular,4,-1,0,unknown,30.0,no
20,management,divorced,secondary,no,-500.0,no,no,unknown,1,-1,0,unknown,379.0,no
45,admin.,married,primary,no,1984.0,no,no,cellular,2,-1,1,unknown,103.0,no
67,admin.,married,tertiary,no,641.0,yes,no,telephone,2,-1,0,unknown,413.0,no
77,services,single,tertiary,no,2845.0,yes,no,cellular,3,-1,1,success,306.0,yes
33,blue-collar,divorced,tertiary,no,467.0,no,no,unknown,5,-1,0,unknown,532.0,no
58,retired,married,tertiary,no,2962.0,yes,no,unknown,5,365,1,failure,239.0,no
29,services,married,secondary,no,-500.0,yes,no,unknown,5,60,1,unknown,133.0,no
25,admin.,single,secondary,no,1432.0,no,no,cellular,3,-1,0,failure,237.0,no
39,management,married,tertiary,no,-349.0,yes,no,telephone,2,60,0,unknown,468.0,no
72,services,single,primary,no,521.0,yes,yes,cellular,3,-1,1,unknown,117.0,no
60,technician,married,tertiary,no,6296.0,no,no,cellular,1,-1,0,failure,182.0,no
48,blue-collar,single,tertiary,no,-309.0,yes,no,cellular,3,120,0,failure,122.0,no
35,technician,married,secondary,no,729.0,yes,yes,cellular,6,-1,0,other,247.0,no
26,technician,married,secondary,no,-500.0,yes,no,cellular,1,-1,0,unknown,88.0,no
34,services,single,secondary,no,847.0,no,no,cellular,2,-1,0,failure,123.0,no
27,entrepreneur,married,tertiary,no,1130.0,no,no,telephone,1,60,3,unknown,71.0,no
29,services,married,primary,no,78.0,yes,no,telephone,4,-1,0,unknown,410.0,no
60,technician,married,secondary,no,4237.0,no,yes,cellular,3,-1,0,unknown,578.0,no
26,blue-collar,single,secondary,no,3479.0,yes,no,unknown,2,-1,1,unknown,306.0,yes
20,unemployed,married,tertiary,no,-304.0,no,yes,cellular,4,-1,0,unknown,294.0,no
51,technician,single,secondary,no,2870.0,yes,no,cellular,3,-1,0,unknown,138.0,no
35,management,married,secondary,yes,536.0,no,no,unknown,2,-1,0,unknown,64.0,no
46,services,single,primary,no,-500.0,yes,no,telephone,3,-1,1,unknown,46.0,no
26,retired,married,secondary,no,108.0,no,no,cellular,5,-1,3,success,509.0,no
31,student,married,tertiary,no,-500.0,yes,no,unknown,4,30,0,unknown,141.0,no
45,technician,married,secondary,no,3094.0,no,no,telephone,5,-1,0,unknown,195.0,no
60,admin.,married,secondary,no,-178.0,no,no,cellular,6,120,1,unknown,246.0,no
43,admin.,single,secondary,no,3719.0,no,yes,telephone,1,-1,1,other,249.0,yes
51,blue-collar,single,secondary,no,1654.0,yes,no,cellular,2,-1,0,unknown,240.0,no
50,technician,single,secondary,no,674.0,no,no,cellular,3,-1,0,unknown,133.0,no
34,entrepreneur,single,tertiary,no,496.0,yes,no,cellular,2,-1,0,success,289.0,no
35,technician,single,secondary,no,4555.0,no,yes,cellular,3,-1,0,unknown,177.0,no
44,management,divorced,secondary,no,1419.0,yes,no,cellular,1,-1,2,unknown,214.0,no
19,blue-collar,single,secondary,no,492.0,no,no,cellular,3,-1,4,unknown,67.0,no
60,technician,married,tertiary,no,2936.0,no,no,telephone,4,-1,1,other,140.0,no
56,retired,married,secondary,no,2454.0,yes,no,cellular,2,-1,0,unknown,87.0,no
36,blue-collar,married,primary,no,-379.0,no,no,cellular,4,-1,1,unknown,49.0,no
41,admin.,single,secondary,no,1409.0,yes,no,telephone,3,-1,0,unknown,132.0,no
38,admin.,married,tertiary,no,-500.0,yes,no,unknown,3,-1,0,unknown,163.0,no
58,blue-collar,married,tertiary,no,1340.0,yes,no,cellular,4,180,0,unknown,63.0,no
65,blue-collar,single,secondary,no,1966.0,no,no,cellular,6,180,2,unknown,154.0,no
24,self-employed,married,secondary,no,2206.0,no,no,telephone,2,-1,2,unknown,219.0,no
43,blue-collar,married,secondary,no,-399.0,no,no,telephone,1,-1,0,success,19.0,no
18,admin.,single,tertiary,no,71.0,no,no,cellular,5,-1,1,unknown,204.0,no
46,blue-collar,married,secondary,no,1845.0,yes,no,unknown,1,-1,1,unknown,157.0,no
33,housemaid,married,tertiary,no,3651.0,yes,no,telephone,2,-1,0,success,54.0,yes
38,unemployed,married,tertiary,no,1566.0,yes,no,telephone,3,-1,0,other,344.0,no
46,entrepreneur,married,secondary,no,395.0,yes,no,cellular,2,90,0,unknown,276.0,no
38,admin.,married,secondary,no,3146.0,yes,no,unknown,6,-1,0,unknown,36.0,no
42,retired,married,secondary,no,1632.0,yes,yes,cellular,2,60,0,unknown,211.0,no
65,technician,single,primary,no,1722.0,no,yes,unknown,4,-1,1,unknown,396.0,no
68,technician,single,tertiary,no,2836.0,no,no,cellular,1,30,1,unknown,167.0,no
18,technician,married,tertiary,no,1227.0,no,no,cellular,5,365,1,unknown,112.0,no
41,technician,married,secondary,no,-280.0,no,no,telephone,3,-1,0,unknown,192.0,no
70,services,married,tertiary,no,1122.0,yes,no,unknown,3,60,2,failure,138.0,no
50,unemployed,married,primary,no,3402.0,yes,no,unknown,3,30,0,success,162.0,no
30,admin.,married,primary,no,4807.0,no,no,cellular,2,-1,0,unknown,43.0,no
54,technician,married,primary,no,-500.0,no,no,telephone,2,30,1,unknown,151.0,no
26,technician,married,tertiary,no,4347.0,yes,no,cellular,3,-1,0,failure,189.0,no
19,technician,single,secondary,no,740.0,yes,no,cellular,2,30,0,unknown,190.0,no
57,management,married,primary,no,1437.0,no,no,cellular,3,-1,0,unknown,740.0,no
49,technician,divorced,secondary,no,4460.0,yes,no,unknown,4,-1,0,unknown,72.0,no
64,blue-collar,married,secondary,no,663.0,yes,no,cellular,1,-1,0,unknown,242.0,no
39,self-employed,single,secondary,no,906.0,no,no,cellular,3,-1,0,unknown,54.0,no
70,blue-collar,married,secondary,no,243.0,yes,no,unknown,3,-1,0,unknown,64.0,no
44,self-employed,single,tertiary,no,1468.0,yes,no,cellular,3,-1,0,failure,155.0,no
63,services,divorced,tertiary,no,1961.0,yes,no,cellular,7,365,0,unknown,340.0,no
24,blue-collar,married,secondary,no,163.0,yes,yes,cellular,4,-1,1,unknown,105.0,no
24,blue-collar,married,tertiary,no,4011.0,no,no,cellular,3,365,2,unknown,87.0,no
66,blue-collar,divorced,tertiary,no,55.0,yes,no,telephone,2,30,0,unknown,157.0,yes
69,services,divorced,tertiary,no,2297.0,yes,no,cellular,3,-1,0,failure,165.0,no
76,services,divorced,primary,no,1448.0,yes,no,cellular,2,-1,0,unknown,457.0,no
38,services,married,tertiary,no,3639.0,no,no,unknown,2,-1,2,unknown,149.0,no
19,blue-collar,married,secondary,no,-47.0,yes,no,cellular,5,-1,1,unknown,49.0,no
78,technician,married,primary,no,2431.0,yes,no,telephone,4,60,0,unknown,202.0,no
55,services,single,tertiary,no,5758.0,yes,no,unknown,4,30,0,unknown,43.0,no
33,admin.,married,secondary,no,-500.0,yes,no,cellular,3,-1,2,unknown,343.0,no
65,blue-collar,married,tertiary,no,-221.0,yes,no,cellular,4,30,1,unknown,207.0,no
74,management,married,secondary,no,5151.0,yes,no,telephone,2,-1,0,success,402.0,no
35,blue-collar,married,secondary,no,1159.0,yes,no,telephone,5,-1,0,unknown,187.0,no
65,blue-collar,single,primary,no,1604.0,no,no,cellular,5,-1,0,unknown,74.0,no
66,blue-collar,married,tertiary,no,802.0,no,no,telephone,5,-1,2,success,395.0,no
49,admin.,single,primary,no,4378.0,no,no,unknown,5,180,0,unknown,58.0,no
57,admin.,married,tertiary,no,-500.0,no,no,cellular,1,-1,3,unknown,289.0,no
34,blue-collar,married,tertiary,no,3627.0,no,no,cellular,5,120,0,unknown,22.0,no
75,technician,married,primary,no,-500.0,yes,no,telephone,4,-1,1,failure,93.0,no
78,retired,married,secondary,no,-500.0,yes,no,cellular,2,-1,1,unknown,387.0,no
78,housemaid,married,tertiary,no,-500.0,yes,no,cellular,4,-1,0,unknown,512.0,no
63,services,single,tertiary,no,1170.0,yes,no,cellular,5,120,0,success,168.0,no
20,retired,married,primary,no,114.0,no,yes,cellular,4,-1,0,unknown,56.0,yes
40,blue-collar,married,secondary,no,7.0,no,no,cellular,4,-1,2,unknown,313.0,no
45,blue-collar,single,primary,no,-270.0,no,no,telephone,5,-1,0,unknown,257.0,no
77,blue-collar,married,tertiary,no,-239.0,yes,no,unknown,3,-1,3,unknown,116.0,no
51,self-employed,married,secondary,no,-279.0,no,no,unknown,7,-1,1,failure,278.0,no
51,management,married,primary,no,1823.0,no,no,cellular,1,365,0,success,107.0,no
27,entrepreneur,married,secondary,no,255.0,no,no,telephone,6,-1,0,unknown,57.0,no
67,retired,married,tertiary,yes,-500.0,yes,no,cellular,3,-1,0,unknown,205.0,no
38,technician,married,secondary,no,1333.0,yes,no,cellular,6,30,0,success,208.0,no
23,blue-collar,married,tertiary,no,2749.0,no,no,cellular,5,-1,0,unknown,190.0,no
79,retired,married,primary,no,898.0,no,no,cellular,3,-1,0,other,315.0,no
29,management,single,secondary,no,-500.0,no,no,cellular,2,-1,0,unknown,349.0,no
19,services,single,secondary,no,2741.0,yes,no,unknown,5,-1,0,failure,229.0,no
22,services,married,tertiary,no,-500.0,no,no,cellular,2,-1,0,unknown,39.0,no
46,services,married,tertiary,no,822.0,no,no,telephone,1,-1,1,unknown,52.0,yes
24,blue-collar,single,primary,no,1361.0,no,no,cellular,2,-1,0,unknown,101.0,yes
70,management,married,secondary,no,3342.0,yes,no,cellular,4,-1,0,failure,175.0,no
49,technician,single,primary,no,2440.0,no,no,telephone,3,60,1,unknown,332.0,yes
38,entrepreneur,married,secondary,no,1829.0,yes,no,unknown,8,-1,0,success,341.0,yes
18,unemployed,married,tertiary,no,3075.0,yes,no,cellular,5,120,1,unknown,74.0,no
47,blue-collar,married,secondary,no,-500.0,yes,yes,cellular,3,-1,0,success,184.0,no
27,management,single,tertiary,no,4244.0,no,yes,cellular,4,-1,3,unknown,158.0,no
78,management,married,primary,no,-500.0,yes,no,cellular,2,180,1,unknown,159.0,no
36,management,married,tertiary,no,3970.0,yes,no,telephone,8,-1,1,failure,66.0,no
47,technician,married,tertiary,no,-114.0,no,no,cellular,9,-1,0,unknown,185.0,no
19,blue-collar,single,secondary,no,2084.0,no,yes,telephone,3,-1,0,unknown,96.0,no
26,retired,married,primary,no,4007.0,no,no,cellular,4,-1,0,unknown,266.0,no
30,self-employed,single,tertiary,no,2410.0,yes,no,cellular,2,180,0,unknown,66.0,no
21,technician,married,tertiary,no,2070.0,yes,yes,cellular,4,-1,0,failure,168.0,no
63,self-employed,married,secondary,no,2959.0,yes,no,cellular,4,120,0,unknown,118.0,no
76,technician,married,tertiary,no,-500.0,yes,yes,telephone,9,-1,1,unknown,284.0,no
79,technician,divorced,tertiary,no,-500.0,no,yes,cellular,5,-1,0,unknown,135.0,no
34,blue-collar,married,secondary,no,1888.0,yes,no,cellular,5,-1,0,other,207.0,no
66,technician,married,secondary,no,1044.0,no,no,cellular,4,-1,0,success,94.0,no
49,technician,single,secondary,no,837.0,no,no,cellular,2,-1,0,unknown,253.0,no
20,blue-collar,married,secondary,no,3629.0,yes,no,unknown,1,-1,0,unknown,152.0,no
23,self-employed,married,tertiary,no,3473.0,no,no,cellular,3,-1,1,unknown,471.0,no
51,blue-collar,married,tertiary,no,-257.0,no,no,unknown,3,-1,0,unknown,207.0,no
44,services,single,secondary,no,2196.0,yes,no,telephone,5,90,0,unknown,162.0,yes
18,admin.,married,secondary,no,-500.0,no,no,unknown,4,60,0,unknown,200.0,no
75,services,single,secondary,no,-500.0,no,no,unknown,3,-1,3,unknown,213.0,no
63,housemaid,single,secondary,no,-207.0,no,yes,unknown,3,-1,0,failure,55.0,no
49,self-employed,married,tertiary,no,1305.0,yes,no,cellular,4,-1,0,unknown,118.0,no
79,admin.,married,secondary,no,224.0,no,no,unknown,6,-1,1,unknown,102.0,no
78,services,single,secondary,no,2212.0,yes,yes,cellular,6,-1,1,success,510.0,no
78,management,single,secondary,no,1372.0,no,yes,unknown,6,365,0,unknown,50.0,no
34,self-employed,single,tertiary,no,3405.0,yes,no,cellular,4,-1,0,unknown,158.0,no
72,blue-collar,married,secondary,no,2382.0,no,no,cellular,5,-1,1,unknown,158.0,yes
49,blue-collar,single,secondary,no,-469.0,no,no,unknown,7,-1,1,unknown,204.0,yes
63,management,single,tertiary,no,3021.0,no,no,telephone,4,90,0,unknown,233.0,no
71,technician,divorced,tertiary,no,-152.0,no,no,telephone,5,120,1,failure,139.0,no
28,blue-collar,married,tertiary,no,2141.0,yes,no,unknown,2,-1,0,failure,75.0,no
45,services,single,secondary,yes,514.0,yes,no,unknown,3,-1,0,success,280.0,no
25,admin.,single,secondary,no,3783.0,yes,no,unknown,2,-1,0,unknown,56.0,no
35,services,single,secondary,no,2716.0,yes,no,cellular,8,60,1,success,146.0,no
43,blue-collar,single,secondary,no,153.0,no,no,cellular,2,-1,1,unknown,154.0,no
71,management,single,primary,no,705.0,no,yes,telephone,1,60,0,unknown,210.0,no
71,blue-collar,married,secondary,no,7285.0,no,no,cellular,5,-1,0,other,83.0,no
42,admin.,married,secondary,no,-500.0,yes,yes,cellular,6,-1,0,unknown,310.0,no
38,blue-collar,married,tertiary,no,104.0,yes,yes,telephone,2,365,0,failure,241.0,no
50,blue-collar,single,tertiary,no,192.0,yes,no,telephone,1,120,1,unknown,217.0,no
74,retired,married,primary,no,-500.0,yes,no,cellular,3,-1,1,unknown,91.0,no
78,technician,single,secondary,no,-497.0,no,no,cellular,7,60,2,unknown,45.0,no
32,management,divorced,secondary,no,1204.0,no,yes,cellular,1,-1,0,failure,235.0,no
29,technician,divorced,secondary,no,2258.0,yes,no,telephone,2,120,1,unknown,554.0,no
61,management,single,primary,no,-500.0,no,no,cellular,5,-1,0,unknown,182.0,no
36,admin.,single,tertiary,no,497.0,yes,no,cellular,3,120,2,other,690.0,yes
30,blue-collar,married,tertiary,no,-47.0,no,yes,cellular,2,-1,0,unknown,53.0,no
19,housemaid,married,tertiary,no,-500.0,no,yes,unknown,1,30,0,unknown,183.0,yes
42,blue-collar,married,secondary,no,3192.0,yes,no,cellular,1,-1,0,unknown,17.0,no
42,technician,single,tertiary,no,23.0,no,no,unknown,7,-1,1,unknown,77.0,no
52,services,married,tertiary,yes,-500.0,yes,no,cellular,6,60,0,unknown,295.0,no
30,retired,married,secondary,no,2984.0,no,no,cellular,5,-1,0,unknown,18.0,no
62,management,single,primary,no,3652.0,no,no,cellular,6,90,0,unknown,235.0,no
60,entrepreneur,married,secondary,no,1828.0,no,no,cellular,2,180,0,failure,254.0,no
46,self-employed,single,secondary,no,-294.0,no,no,cellular,1,-1,1,unknown,68.0,no
29,blue-collar,married,tertiary,no,900.0,yes,no,cellular,4,90,0,other,173.0,no
49,blue-collar,single,secondary,no,221.0,no,no,cellular,3,-1,1,success,83.0,no
59,blue-collar,married,tertiary,no,1311.0,yes,no,cellular,1,30,1,unknown,280.0,no
41,blue-collar,single,secondary,no,2689.0,no,no,unknown,4,120,1,unknown,348.0,no
34,services,single,primary,no,1355.0,yes,no,cellular,2,-1,1,unknown,108.0,no
49,admin.,married,secondary,no,1394.0,yes,no,unknown,5,-1,0,unknown,121.0,no
40,blue-collar,married,primary,no,476.0,yes,no,unknown,4,-1,1,unknown,107.0,no
42,technician,divorced,tertiary,no,2597.0,no,yes,cellular,7,-1,0,unknown,130.0,no
39,unemployed,married,secondary,no,2063.0,yes,no,cellular,1,-1,0,failure,80.0,no
36,management,single,secondary,no,-500.0,yes,no,telephone,2,30,0,unknown,177.0,no
62,management,married,secondary,no,-500.0,no,no,cellular,4,90,0,unknown,108.0,no
46,student,single,tertiary,no,803.0,no,yes,cellular,7,-1,0,unknown,293.0,no
46,admin.,married,secondary,no,3147.0,yes,no,cellular,7,365,2,unknown,135.0,no
58,management,married,primary,no,3500.0,no,no,cellular,3,-1,0,other,476.0,no
40,admin.,married,tertiary,no,2773.0,no,no,cellular,2,-1,0,unknown,355.0,no
24,entrepreneur,married,primary,no,1129.0,yes,no,cellular,4,-1,1,unknown,327.0,no
70,unemployed,married,secondary,no,4037.0,no,no,cellular,4,60,1,unknown,42.0,no
21,student,single,secondary,no,100.0,no,no,unknown,2,-1,0,unknown,249.0,no
53,unemployed,single,secondary,no,786.0,no,no,unknown,4,-1,0,other,272.0,no
34,services,divorced,secondary,no,-500.0,no,no,unknown,3,-1,0,success,34.0,no
31,self-employed,single,primary,no,778.0,yes,no,cellular,2,-1,1,success,279.0,yes
20,student,single,secondary,no,-151.0,yes,no,cellular,5,-1,0,unknown,121.0,no
73,services,married,secondary,no,4168.0,no,no,unknown,1,-1,0,unknown,82.0,yes
44,management,divorced,secondary,no,3814.0,no,no,unknown,3,-1,0,other,114.0,no
39,blue-collar,married,primary,no,1514.0,yes,no,cellular,4,-1,1,unknown,198.0,no
63,retired,married,secondary,no,2241.0,yes,no,cellular,1,30,0,unknown,22.0,yes
20,blue-collar,single,tertiary,no,312.0,no,no,cellular,2,-1,1,success,119.0,no
53,management,divorced,tertiary,no,-500.0,yes,no,cellular,1,-1,0,unknown,114.0,no
48,blue-collar,married,tertiary,no,28.0,yes,no,telephone,2,30,1,other,441.0,no
52,retired,married,secondary,no,2746.0,no,no,unknown,4,180,0,unknown,162.0,no
25,blue-collar,single,secondary,no,2189.0,yes,no,cellular,4,-1,0,unknown,715.0,yes
77,blue-collar,single,secondary,yes,694.0,yes,no,unknown,4,-1,2,unknown,240.0,no
32,management,married,tertiary,no,2731.0,yes,no,cellular,2,365,0,unknown,101.0,no
60,blue-collar,single,secondary,no,553.0,no,no,cellular,5,-1,1,success,260.0,no
64,technician,married,tertiary,no,-500.0,no,no,cellular,2,30,0,unknown,219.0,no
39,management,married,secondary,no,2731.0,yes,no,telephone,4,120,0,other,366.0,no
26,blue-collar,single,secondary,no,299.0,no,yes,cellular,3,-1,1,unknown,126.0,no
36,admin.,married,tertiary,no,3248.0,yes,no,cellular,5,-1,1,unknown,189.0,no
68,technician,single,primary,no,-500.0,yes,no,unknown,4,-1,0,success,124.0,no
74,self-employed,married,tertiary,no,375.0,no,no,cellular,3,60,1,unknown,226.0,no
76,housemaid,single,secondary,no,2475.0,yes,yes,cellular,2,-1,2,unknown,120.0,no
32,blue-collar,married,tertiary,no,2289.0,no,no,cellular,5,-1,0,success,110.0,yes
55,services,divorced,secondary,no,1002.0,yes,yes,cellular,6,-1,1,unknown,45.0,no
27,technician,single,primary,no,1917.0,yes,no,cellular,2,-1,2,unknown,255.0,no
62,entrepreneur,married,tertiary,no,1652.0,yes,no,cellular,2,-1,1,unknown,242.0,no
43,blue-collar,divorced,secondary,no,-500.0,yes,no,cellular,2,-1,2,other,140.0,no
62,admin.,married,secondary,yes,745.0,yes,yes,unknown,5,180,1,unknown,373.0,no
60,admin.,married,primary,no,1809.0,no,no,cellular,4,60,2,unknown,471.0,no
79,services,divorced,tertiary,no,2311.0,no,no,unknown,3,-1,0,success,103.0,no
48,unemployed,divorced,tertiary,no,1283.0,yes,no,cellular,3,-1,0,unknown,409.0,no
39,unemployed,single,primary,no,406.0,yes,no,cellular,4,-1,0,unknown,259.0,no
50,technician,divorced,tertiary,no,-500.0,yes,no,telephone,3,-1,0,unknown,65.0,no
28,blue-collar,married,tertiary,no,2755.0,no,no,cellular,1,-1,1,unknown,182.0,no
24,unemployed,married,primary,no,2557.0,yes,no,unknown,4,-1,0,unknown,142.0,no
50,blue-collar,married,tertiary,no,3177.0,yes,no,unknown,4,90,1,unknown,499.0,no
69,blue-collar,married,primary,no,-500.0,yes,yes,cellular,1,-1,0,unknown,279.0,no
51,services,single,tertiary,no,1620.0,yes,no,cellular,2,60,0,failure,156.0,no
66,admin.,married,secondary,no,154.0,no,no,cellular,5,-1,1,unknown,150.0,no
29,technician,married,tertiary,no,1484.0,yes,no,unknown,1,90,2,unknown,148.0,no
45,unemployed,married,secondary,no,6632.0,no,yes,unknown,1,-1,0,other,206.0,no
56,student,married,secondary,no,3027.0,no,yes,cellular,2,-1,2,unknown,552.0,no
39,technician,single,tertiary,no,40.0,no,no,cellular,6,120,0,other,196.0,no
18,entrepreneur,married,tertiary,no,945.0,yes,no,cellular,5,-1,0,success,65.0,no
22,admin.,single,secondary,no,748.0,yes,yes,cellular,3,-1,0,unknown,113.0,no
75,technician,single,secondary,no,1623.0,no,no,telephone,7,-1,0,success,33.0,no
55,self-employed,married,tertiary,no,-500.0,no,no,telephone,5,-1,0,success,267.0,yes
34,technician,divorced,primary,no,1983.0,no,no,cellular,3,-1,2,unknown,135.0,no
34,blue-collar,divorced,primary,no,-500.0,no,no,unknown,3,-1,1,success,81.0,no
20,blue-collar,married,secondary,no,-500.0,yes,no,cellular,3,90,1,success,297.0,no
76,blue-collar,single,secondary,no,5003.0,yes,no,cellular,4,60,0,failure,138.0,no
24,services,married,tertiary,no,751.0,no,no,unknown,2,-1,0,unknown,57.0,no
65,technician,married,secondary,no,3967.0,yes,no,cellular,5,365,0,success,94.0,no
32,technician,single,secondary,yes,-58.0,yes,no,cellular,3,-1,0,unknown,61.0,no
38,blue-collar,single,primary,no,-500.0,no,no,cellular,3,-1,0,unknown,320.0,no
34,management,single,tertiary,no,-491.0,yes,no,cellular,5,60,0,unknown,134.0,no
69,admin.,single,primary,no,6238.0,yes,no,cellular,2,-1,1,failure,183.0,no
20,blue-collar,single,primary,no,-500.0,yes,no,cellular,3,-1,0,unknown,24.0,no
39,entrepreneur,married,tertiary,no,4598.0,yes,yes,cellular,4,-1,1,other,66.0,no
35,self-employed,married,primary,no,2021.0,yes,no,cellular,7,30,0,failure,55.0,no
34,management,married,tertiary,no,1616.0,yes,no,telephone,1,-1,0,unknown,118.0,no
29,blue-collar,married,secondary,no,53.0,yes,no,cellular,5,120,1,unknown,22.0,no
74,self-employed,single,tertiary,no,-222.0,yes,no,unknown,6,-1,0,unknown,28.0,no
41,technician,married,primary,no,2415.0,no,yes,cellular,6,-1,0,unknown,215.0,no
43,blue-collar,married,secondary,no,3775.0,no,no,cellular,3,-1,1,unknown,100.0,no
41,blue-collar,married,secondary,no,1753.0,yes,no,cellular,2,-1,0,failure,266.0,no
78,services,married,secondary,no,2731.0,yes,no,unknown,4,-1,0,success,127.0,no
39,student,married,tertiary,no,634.0,yes,no,telephone,3,-1,0,unknown,122.0,no
39,technician,married,secondary,no,5312.0,no,no,unknown,4,-1,1,success,99.0,no
38,blue-collar,married,secondary,no,1829.0,no,no,cellular,11,-1,0,unknown,24.0,no
38,retired,married,primary,no,5060.0,no,yes,cellular,7,-1,0,success,139.0,no
23,technician,married,tertiary,yes,-337.0,no,no,cellular,2,30,0,unknown,270.0,no
55,entrepreneur,divorced,tertiary,no,1319.0,yes,yes,cellular,1,-1,0,unknown,530.0,no
19,management,married,primary,no,3329.0,no,no,cellular,4,-1,1,other,139.0,no
32,unemployed,married,primary,no,1656.0,no,no,cellular,3,-1,0,failure,31.0,no
30,admin.,married,tertiary,no,2332.0,yes,no,cellular,3,-1,1,other,473.0,yes
36,services,single,tertiary,no,-360.0,yes,no,cellular,2,-1,1,failure,383.0,no
64,technician,married,secondary,no,670.0,yes,no,unknown,5,365,1,unknown,120.0,no
55,blue-collar,married,secondary,no,-176.0,no,no,telephone,2,-1,0,other,290.0,no
79,services,divorced,tertiary,no,1246.0,no,no,cellular,3,-1,0,success,273.0,no
39,management,divorced,secondary,no,1061.0,yes,no,telephone,7,30,1,unknown,179.0,no
75,technician,married,tertiary,no,448.0,yes,no,cellular,3,365,0,failure,182.0,no
20,technician,married,tertiary,no,2538.0,yes,no,cellular,6,90,0,other,167.0,no
49,technician,married,tertiary,no,-500.0,yes,no,cellular,4,60,0,unknown,48.0,no
67,admin.,married,tertiary,no,-500.0,yes,yes,cellular,8,120,1,other,272.0,no
50,student,married,tertiary,no,371.0,yes,no,unknown,2,-1,1,unknown,324.0,no
75,technician,single,primary,no,5274.0,yes,no,cellular,1,-1,1,unknown,407.0,no
37,self-employed,married,tertiary,no,2318.0,yes,yes,cellular,1,-1,0,unknown,67.0,no
20,self-employed,married,secondary,no,-123.0,yes,yes,telephone,4,-1,0,unknown,129.0,no
65,admin.,married,secondary,no,2201.0,yes,no,cellular,3,-1,0,unknown,56.0,no
22,technician,married,secondary,no,1159.0,yes,yes,unknown,2,-1,1,other,152.0,yes
65,admin.,married,secondary,no,2098.0,no,no,telephone,3,30,1,success,120.0,no
63,blue-collar,married,secondary,no,2985.0,yes,no,unknown,5,-1,1,failure,245.0,no
70,technician,married,secondary,no,1748.0,no,no,telephone,3,-1,0,other,323.0,no
47,technician,married,primary,no,1617.0,no,no,unknown,3,90,0,unknown,18.0,no
73,unemployed,married,secondary,no,4076.0,no,no,cellular,8,-1,0,unknown,324.0,no
28,management,single,secondary,no,2371.0,no,no,cellular,4,-1,0,unknown,332.0,no
44,blue-collar,married,secondary,no,1751.0,no,no,cellular,4,60,1,unknown,126.0,no
25,management,married,secondary,no,1476.0,yes,no,cellular,1,-1,0,unknown,93.0,no
65,admin.,single,tertiary,no,381.0,no,no,cellular,6,60,1,unknown,299.0,no
62,technician,single,tertiary,no,-500.0,yes,no,cellular,3,90,0,unknown,32.0,no
67,retired,married,secondary,no,2607.0,no,no,cellular,5,-1,1,unknown,76.0,no
65,housemaid,married,secondary,no,3698.0,no,yes,cellular,5,30,0,failure,94.0,no
37,admin.,married,secondary,no,2170.0,no,no,cellular,2,-1,0,unknown,221.0,no
22,housemaid,married,secondary,no,2419.0,yes,no,cellular,6,30,0,unknown,236.0,no
75,technician,single,primary,no,-197.0,yes,no,cellular,4,-1,0,unknown,233.0,no
48,services,married,tertiary,no,327.0,no,no,cellular,2,-1,2,unknown,137.0,no
23,admin.,married,primary,no,-500.0,no,no,cellular,7,-1,0,unknown,305.0,no
75,blue-collar,married,tertiary,no,951.0,yes,yes,cellular,1,-1,0,unknown,675.0,no
79,entrepreneur,married,primary,no,3170.0,yes,no,cellular,2,180,1,unknown,107.0,no
45,admin.,married,tertiary,no,145.0,no,no,cellular,4,-1,0,unknown,516.0,yes
65,technician,married,secondary,yes,1266.0,no,no,cellular,6,-1,0,unknown,274.0,no
20,services,married,tertiary,no,2664.0,yes,no,cellular,3,-1,0,unknown,258.0,no
23,admin.,divorced,tertiary,no,3575.0,no,no,cellular,4,-1,1,unknown,151.0,yes
35,technician,single,primary,no,-500.0,yes,no,cellular,6,30,0,unknown,186.0,no
58,entrepreneur,divorced,primary,no,542.0,yes,no,cellular,3,60,0,unknown,179.0,no
26,blue-collar,single,secondary,no,71.0,no,no,unknown,3,-1,1,unknown,596.0,no
20,retired,divorced,primary,no,-178.0,yes,no,unknown,7,180,1,unknown,112.0,no
59,admin.,divorced,primary,no,711.0,yes,no,cellular,2,-1,1,other,82.0,no
65,management,married,tertiary,no,-500.0,no,yes,cellular,2,30,1,unknown,94.0,no
63,technician,married,secondary,no,738.0,no,no,cellular,3,60,0,unknown,169.0,no
67,technician,married,primary,no,1463.0,yes,no,cellular,1,-1,0,other,189.0,no
67,blue-collar,single,secondary,no,-478.0,yes,no,cellular,2,180,0,success,80.0,no
55,services,single,primary,no,533.0,yes,no,cellular,3,60,0,unknown,491.0,no
50,blue-collar,married,tertiary,no,1435.0,yes,no,telephone,4,-1,0,unknown,85.0,no
71,retired,single,primary,no,1616.0,no,no,cellular,2,-1,0,failure,112.0,no
39,blue-collar,single,secondary,no,-500.0,no,no,cellular,7,-1,0,unknown,197.0,no
24,retired,single,secondary,no,2660.0,no,no,cellular,5,120,0,unknown,249.0,no
64,blue-collar,married,tertiary,no,2704.0,yes,no,cellular,1,-1,0,unknown,47.0,no
35,technician,married,primary,no,64.0,no,no,cellular,5,-1,0,failure,542.0,no
78,technician,married,tertiary,no,4420.0,yes,no,cellular,3,180,1,unknown,147.0,yes
43,blue-collar,married,secondary,no,2220.0,yes,no,unknown,2,-1,0,success,432.0,no
70,student,single,tertiary,no,1960.0,no,yes,cellular,7,-1,0,other,200.0,no
20,admin.,married,secondary,no,2630.0,no,no,cellular,5,-1,0,unknown,106.0,no
58,services,married,tertiary,no,-459.0,yes,no,unknown,5,180,0,success,250.0,no
45,blue-collar,married,tertiary,no,764.0,no,no,unknown,4,-1,1,success,440.0,no
46,blue-collar,married,secondary,no,2512.0,no,no,cellular,5,90,0,failure,294.0,no
34,services,married,secondary,no,-36.0,yes,no,cellular,5,-1,0,unknown,306.0,no
78,management,divorced,tertiary,no,766.0,yes,no,unknown,4,-1,0,unknown,101.0,no
42,retired,married,secondary,no,2482.0,no,no,cellular,3,-1,1,unknown,205.0,no
70,retired,divorced,tertiary,no,1958.0,yes,no,cellular,3,30,1,unknown,57.0,no
44,admin.,married,tertiary,no,1438.0,yes,no,unknown,3,120,0,unknown,227.0,no
20,admin.,married,secondary,no,1513.0,no,no,unknown,2,-1,1,unknown,169.0,no
72,self-employed,divorced,secondary,yes,1085.0,no,no,unknown,3,60,0,unknown,180.0,no
29,self-employed,single,secondary,no,2935.0,yes,no,cellular,4,-1,0,unknown,148.0,no
34,admin.,single,secondary,no,5162.0,yes,no,cellular,2,-1,1,unknown,140.0,yes
71,entrepreneur,single,secondary,no,1927.0,yes,no,cellular,4,-1,0,other,80.0,no
73,self-employed,married,tertiary,no,3708.0,no,no,unknown,4,-1,1,unknown,123.0,no
74,services,single,secondary,no,614.0,yes,no,unknown,4,-1,0,unknown,361.0,no
44,technician,married,tertiary,no,173.0,no,no,cellular,4,-1,1,unknown,133.0,no
64,housemaid,single,primary,no,-19.0,no,yes,unknown,3,-1,1,unknown,178.0,no
38,retired,divorced,secondary,no,-253.0,yes,no,cellular,8,60,0,unknown,101.0,no
63,retired,single,primary,no,872.0,yes,no,unknown,3,60,0,other,243.0,no
49,blue-collar,single,primary,no,2995.0,no,no,cellular,3,-1,1,unknown,106.0,no
21,admin.,single,secondary,no,3205.0,yes,yes,cellular,6,120,0,unknown,339.0,no
43,admin.,married,tertiary,no,483.0,no,no,cellular,5,60,0,success,101.0,no
46,technician,married,secondary,no,817.0,no,no,telephone,3,-1,0,failure,46.0,no
33,blue-collar,single,secondary,no,1396.0,no,no,telephone,3,90,2,unknown,130.0,no
41,self-employed,single,secondary,no,1821.0,yes,yes,cellular,3,-1,0,success,45.0,no
49,retired,married,tertiary,no,2456.0,no,no,cellular,4,-1,0,failure,264.0,no
21,entrepreneur,single,secondary,no,682.0,yes,no,cellular,5,-1,0,unknown,101.0,no
27,technician,married,secondary,no,1039.0,no,no,unknown,7,-1,1,unknown,478.0,no
65,services,single,secondary,no,3838.0,yes,no,cellular,3,-1,0,unknown,130.0,yes
39,admin.,single,secondary,no,899.0,yes,no,cellular,2,-1,1,unknown,127.0,no
55,student,married,secondary,no,366.0,yes,no,cellular,4,-1,0,other,133.0,no
53,management,married,secondary,no,1246.0,yes,no,cellular,4,-1,0,unknown,315.0,no
52,blue-collar,single,secondary,no,1541.0,yes,no,unknown,1,-1,0,unknown,16.0,no
43,services,married,tertiary,no,-500.0,yes,yes,cellular,3,-1,0,unknown,214.0,yes
47,services,divorced,secondary,no,601.0,no,no,telephone,6,180,0,unknown,486.0,no
69,blue-collar,married,secondary,no,2156.0,yes,no,unknown,5,-1,1,failure,173.0,no
77,unemployed,married,tertiary,no,5008.0,yes,no,unknown,6,-1,0,unknown,53.0,no
33,services,married,secondary,yes,448.0,no,no,unknown,3,-1,1,unknown,385.0,yes
59,self-employed,single,tertiary,no,2777.0,no,no,unknown,2,-1,0,success,222.0,no
78,admin.,married,tertiary,yes,1723.0,yes,no,cellular,5,30,0,unknown,405.0,no
18,blue-collar,single,secondary,no,3488.0,yes,no,unknown,5,-1,1,unknown,197.0,no
66,management,divorced,tertiary,no,286.0,no,no,unknown,4,-1,0,unknown,116.0,no
48,self-employed,single,secondary,no,3386.0,no,no,unknown,8,180,0,unknown,141.0,no
77,management,married,tertiary,no,3924.0,no,no,unknown,4,365,0,success,170.0,no
53,student,married,tertiary,no,4000.0,yes,no,cellular,7,-1,0,unknown,256.0,no
69,blue-collar,single,primary,no,3969.0,no,no,cellular,4,-1,0,unknown,102.0,no
28,services,married,secondary,no,1744.0,yes,no,unknown,1,30,0,other,161.0,no
26,technician,divorced,primary,no,2453.0,yes,yes,cellular,7,-1,0,unknown,62.0,no
75,student,single,secondary,no,645.0,no,no,unknown,2,-1,2,unknown,134.0,no
50,student,single,primary,no,-500.0,yes,no,cellular,4,-1,0,unknown,197.0,no
52,technician,single,secondary,no,1861.0,no,no,telephone,4,-1,1,unknown,267.0,no
28,admin.,divorced,secondary,no,1110.0,yes,no,unknown,4,-1,3,unknown,255.0,no
32,services,single,secondary,no,3134.0,yes,no,cellular,3,-1,0,unknown,421.0,no
68,technician,single,secondary,no,2952.0,yes,no,cellular,2,180,0,failure,99.0,no
36,retired,married,secondary,no,-500.0,no,no,unknown,6,90,0,unknown,72.0,no
54,blue-collar,married,secondary,no,5610.0,yes,no,cellular,3,30,1,unknown,147.0,no
37,unemployed,married,secondary,no,2099.0,yes,yes,telephone,4,-1,0,unknown,213.0,no
34,blue-collar,divorced,secondary,no,-500.0,no,no,cellular,3,120,1,other,132.0,no
28,blue-collar,single,tertiary,no,-500.0,yes,no,cellular,4,-1,0,unknown,55.0,no
75,blue-collar,single,secondary,no,-500.0,no,no,cellular,1,-1,0,unknown,163.0,no
76,management,married,secondary,no,2775.0,yes,no,unknown,4,180,1,unknown,74.0,no
25,housemaid,single,tertiary,no,452.0,no,no,telephone,3,-1,0,failure,169.0,no
39,management,married,tertiary,no,-113.0,yes,no,unknown,5,-1,1,unknown,35.0,no
52,technician,single,secondary,no,241.0,no,no,unknown,6,-1,0,unknown,306.0,no
41,management,married,secondary,no,859.0,no,no,cellular,4,60,0,unknown,52.0,no
62,management,divorced,tertiary,no,2436.0,no,yes,unknown,1,-1,1,unknown,91.0,no
34,technician,single,secondary,no,-500.0,yes,yes,cellular,4,30,1,unknown,352.0,no
21,technician,married,secondary,no,-500.0,yes,yes,unknown,1,-1,0,unknown,179.0,no
38,blue-collar,married,secondary,no,2237.0,no,yes,cellular,5,-1,0,unknown,358.0,no
55,admin.,married,secondary,no,331.0,yes,no,cellular,4,-1,1,unknown,228.0,no
29,self-employed,married,secondary,no,2448.0,no,no,telephone,1,-1,0,unknown,254.0,no
68,technician,married,tertiary,no,505.0,yes,no,unknown,4,-1,0,unknown,153.0,no
18,retired,married,tertiary,no,4235.0,no,no,unknown,1,-1,0,failure,381.0,no
22,blue-collar,married,secondary,no,1776.0,yes,yes,cellular,4,365,0,unknown,146.0,yes
49,services,married,tertiary,no,3607.0,yes,no,telephone,3,-1,1,unknown,59.0,no
49,services,single,tertiary,no,2332.0,no,no,cellular,7,-1,0,unknown,393.0,no
36,retired,married,tertiary,no,2441.0,yes,yes,cellular,2,-1,0,unknown,363.0,no
34,technician,married,tertiary,no,46.0,yes,no,cellular,3,-1,0,success,92.0,no
22,technician,single,tertiary,no,3501.0,no,no,unknown,4,365,0,unknown,79.0,no
59,services,married,secondary,no,1788.0,no,no,cellular,5,30,0,unknown,503.0,yes
41,services,single,primary,no,-317.0,no,no,telephone,4,-1,1,unknown,242.0,no
25,services,divorced,primary,no,-500.0,no,no,unknown,10,-1,1,unknown,107.0,no
42,retired,single,secondary,no,1652.0,yes,no,telephone,2,-1,0,failure,169.0,no
76,management,married,tertiary,no,4114.0,no,no,cellular,3,-1,1,other,90.0,no
34,services,married,tertiary,no,-233.0,yes,no,unknown,1,180,0,unknown,213.0,no
73,self-employed,single,tertiary,no,-293.0,no,no,unknown,2,-1,1,unknown,623.0,no
34,management,single,tertiary,no,831.0,yes,no,cellular,6,-1,1,unknown,468.0,no
29,blue-collar,married,secondary,no,3382.0,no,no,unknown,4,-1,1,unknown,156.0,yes
34,services,single,secondary,no,-500.0,yes,no,cellular,4,180,0,unknown,211.0,no
38,services,single,secondary,no,230.0,yes,no,cellular,3,365,1,unknown,199.0,no
25,blue-collar,single,primary,no,-410.0,no,no,cellular,2,-1,0,other,243.0,no
54,blue-collar,married,tertiary,no,2412.0,yes,no,cellular,1,-1,0,unknown,136.0,no
38,blue-collar,married,secondary,no,1143.0,no,no,cellular,3,60,1,unknown,89.0,no
62,technician,married,secondary,no,776.0,yes,no,cellular,3,30,0,unknown,232.0,no
48,technician,married,secondary,no,1076.0,no,no,cellular,3,-1,2,success,102.0,no
45,retired,single,secondary,no,2813.0,no,no,cellular,6,120,0,success,431.0,no
47,entrepreneur,married,tertiary,no,3419.0,yes,yes,cellular,3,180,3,unknown,94.0,no
27,services,married,tertiary,no,3244.0,no,no,cellular,6,-1,0,other,110.0,no
62,retired,married,secondary,no,2436.0,no,yes,cellular,2,-1,1,unknown,303.0,no
24,technician,single,tertiary,no,3891.0,no,no,cellular,2,90,1,failure,271.0,yes
62,admin.,single,secondary,no,-277.0,yes,no,unknown,3,-1,1,unknown,70.0,no
79,admin.,single,secondary,no,2098.0,yes,no,cellular,3,-1,1,unknown,266.0,no
65,retired,divorced,secondary,no,5627.0,no,no,cellular,3,-1,1,other,604.0,no
46,blue-collar,divorced,tertiary,no,-500.0,yes,no,cellular,4,-1,0,unknown,266.0,no
37,self-employed,married,tertiary,no,438.0,yes,no,unknown,2,-1,1,failure,155.0,yes
72,student,married,primary,no,-465.0,yes,no,cellular,3,-1,0,unknown,189.0,no
33,blue-collar,single,tertiary,no,1920.0,yes,no,cellular,5,180,0,unknown,72.0,yes
47,management,single,tertiary,no,3988.0,no,no,cellular,5,-1,0,success,147.0,no
65,services,married,tertiary,no,2368.0,no,no,unknown,3,-1,0,unknown,226.0,yes
75,technician,divorced,secondary,no,1009.0,yes,no,cellular,4,180,1,unknown,192.0,no
75,management,married,secondary,no,2382.0,yes,yes,cellular,5,-1,0,other,107.0,no
23,blue-collar,divorced,secondary,no,879.0,yes,yes,cellular,6,120,0,success,358.0,no
73,retired,married,tertiary,no,1750.0,yes,no,unknown,4,90,0,unknown,92.0,no
25,management,married,secondary,no,2514.0,yes,no,cellular,3,-1,1,other,330.0,no
54,student,single,secondary,no,4555.0,yes,no,cellular,4,-1,0,unknown,453.0,no
75,retired,single,tertiary,no,2209.0,yes,no,telephone,3,-1,1,unknown,36.0,yes
58,blue-collar,single,secondary,no,1792.0,no,no,cellular,2,-1,0,success,171.0,no
76,student,single,secondary,no,5064.0,yes,no,cellular,2,365,1,success,155.0,no
39,retired,married,tertiary,no,-500.0,no,no,unknown,5,-1,1,unknown,135.0,no
37,blue-collar,married,secondary,no,1234.0,yes,no,unknown,4,30,0,unknown,74.0,no
38,retired,married,secondary,no,66.0,yes,no,unknown,3,-1,0,unknown,167.0,no
40,technician,married,secondary,no,971.0,yes,no,cellular,3,30,0,failure,42.0,no
60,services,married,secondary,no,2487.0,yes,no,cellular,2,90,0,unknown,102.0,no
46,blue-collar,married,secondary,no,3165.0,no,no,cellular,5,-1,0,unknown,163.0,no
63,services,married,secondary,no,463.0,no,no,unknown,3,-1,1,unknown,170.0,no
43,blue-collar,married,secondary,no,2604.0,yes,yes,cellular,2,-1,0,unknown,136.0,no
37,retired,married,secondary,no,-216.0,no,no,cellular,4,-1,0,other,214.0,no
29,retired,married,tertiary,no,-500.0,no,yes,cellular,3,-1,1,unknown,240.0,no
52,blue-collar,divorced,secondary,no,1528.0,no,no,cellular,5,-1,0,unknown,65.0,no
73,blue-collar,divorced,tertiary,no,1007.0,yes,no,cellular,5,-1,0,unknown,374.0,no
71,technician,single,tertiary,no,4083.0,no,no,cellular,2,365,1,unknown,246.0,no
33,blue-collar,married,tertiary,no,5231.0,no,yes,unknown,5,-1,0,other,211.0,no
47,technician,single,secondary,no,305.0,yes,no,cellular,4,-1,0,failure,106.0,no
61,services,married,primary,no,-500.0,yes,no,cellular,3,-1,1,unknown,109.0,no
55,retired,married,secondary,no,-500.0,yes,no,unknown,7,180,1,unknown,317.0,no
22,blue-collar,divorced,secondary,no,-104.0,no,no,cellular,3,30,0,unknown,208.0,no
54,blue-collar,married,secondary,no,1773.0,no,no,unknown,3,-1,0,unknown,425.0,yes
20,blue-collar,divorced,tertiary,no,930.0,no,no,cellular,3,-1,0,unknown,62.0,no
25,self-employed,single,secondary,no,-500.0,yes,no,cellular,1,-1,0,unknown,169.0,no
58,technician,married,secondary,no,4615.0,no,yes,cellular,2,60,0,other,30.0,no
24,technician,married,tertiary,no,2593.0,no,no,cellular,3,-1,0,unknown,187.0,no
39,admin.,single,tertiary,no,4566.0,no,no,cellular,3,-1,0,unknown,271.0,no
54,blue-collar,married,tertiary,no,-500.0,yes,no,cellular,5,30,0,unknown,256.0,no
58,blue-collar,married,primary,yes,3691.0,no,no,cellular,5,-1,0,unknown,231.0,no
45,technician,married,secondary,no,1132.0,yes,yes,cellular,5,60,0,unknown,104.0,no
23,blue-collar,divorced,secondary,yes,695.0,yes,no,cellular,4,90,0,other,65.0,no
67,blue-collar,married,secondary,no,1444.0,yes,no,cellular,4,-1,0,unknown,107.0,no
76,self-employed,divorced,secondary,no,141.0,yes,no,cellular,5,60,0,unknown,245.0,no
73,retired,single,tertiary,no,1143.0,no,no,cellular,4,-1,0,unknown,301.0,no
64,blue-collar,married,secondary,no,3104.0,no,yes,cellular,5,-1,0,unknown,55.0,no
42,services,married,tertiary,no,-500.0,no,no,cellular,5,-1,1,other,342.0,no
72,admin.,single,secondary,no,4095.0,no,no,cellular,4,-1,1,other,330.0,yes
48,admin.,married,primary,no,2106.0,no,no,cellular,4,-1,1,other,198.0,no
26,admin.,married,tertiary,no,1202.0,yes,no,cellular,2,30,0,unknown,187.0,no
70,blue-collar,married,secondary,no,3084.0,yes,no,cellular,3,-1,0,unknown,83.0,no
37,technician,single,secondary,no,2055.0,yes,no,cellular,3,-1,0,unknown,257.0,no
76,retired,single,secondary,no,536.0,no,yes,cellular,3,120,1,failure,154.0,no
40,student,married,primary,yes,9.0,yes,no,cellular,3,-1,1,unknown,65.0,no
71,blue-collar,married,secondary,no,4099.0,yes,yes,cellular,1,-1,0,unknown,130.0,no
51,services,married,tertiary,no,-500.0,no,no,cellular,2,60,1,unknown,57.0,no
46,technician,single,secondary,yes,1046.0,yes,no,unknown,3,-1,2,unknown,383.0,no
36,blue-collar,married,tertiary,yes,-500.0,yes,no,unknown,4,-1,0,failure,275.0,yes
69,unemployed,divorced,tertiary,no,2278.0,no,no,cellular,5,-1,0,other,67.0,no
21,services,single,tertiary,no,1225.0,yes,no,unknown,1,180,0,other,208.0,yes
47,student,married,tertiary,no,-500.0,yes,no,cellular,3,-1,1,unknown,235.0,no
40,blue-collar,single,tertiary,no,-164.0,no,no,telephone,3,365,2,unknown,125.0,no
51,services,single,secondary,no,1480.0,yes,no,unknown,5,180,2,unknown,95.0,no
33,management,single,tertiary,no,1913.0,no,yes,cellular,3,-1,0,failure,78.0,no
59,technician,married,secondary,no,-500.0,yes,no,cellular,2,-1,1,unknown,157.0,yes
41,technician,divorced,primary,no,130.0,yes,no,telephone,2,30,2,unknown,194.0,no
29,entrepreneur,married,secondary,no,1689.0,no,no,unknown,4,-1,1,unknown,81.0,no
30,technician,single,primary,no,3578.0,no,no,cellular,8,-1,0,success,239.0,no
61,technician,married,secondary,no,2911.0,yes,no,cellular,4,-1,0,other,258.0,no
34,self-employed,married,tertiary,no,581.0,no,no,telephone,4,-1,0,unknown,246.0,no
37,admin.,divorced,secondary,no,3198.0,no,no,unknown,3,-1,0,unknown,396.0,no
56,blue-collar,married,secondary,no,833.0,yes,no,unknown,6,-1,1,unknown,227.0,yes
38,admin.,married,primary,no,-500.0,yes,yes,cellular,6,-1,2,other,594.0,no
42,admin.,single,secondary,no,3994.0,no,no,cellular,4,-1,0,unknown,286.0,yes
33,technician,married,primary,no,2224.0,no,no,cellular,4,-1,0,unknown,80.0,no
39,blue-collar,single,secondary,no,1738.0,yes,no,cellular,3,120,0,unknown,301.0,no
60,services,divorced,tertiary,no,1415.0,yes,no,cellular,5,365,0,unknown,387.0,no
51,services,married,secondary,no,1945.0,no,no,telephone,6,-1,0,unknown,655.0,no
79,self-employed,married,secondary,no,1413.0,yes,no,cellular,4,365,1,failure,390.0,no
65,blue-collar,divorced,secondary,no,880.0,yes,no,unknown,4,-1,0,unknown,199.0,no
19,retired,divorced,secondary,no,224.0,no,no,cellular,2,-1,0,other,223.0,no
41,self-employed,married,secondary,no,1539.0,no,no,cellular,4,-1,0,unknown,169.0,no
35,retired,single,secondary,no,-186.0,yes,no,cellular,3,-1,1,success,312.0,no
54,blue-collar,single,secondary,no,-500.0,no,yes,cellular,5,-1,0,unknown,321.0,no
34,services,married,secondary,no,1886.0,yes,no,cellular,3,-1,2,unknown,338.0,yes
77,admin.,single,secondary,no,3164.0,yes,no,cellular,3,-1,1,failure,436.0,no
36,self-employed,married,secondary,yes,-33.0,no,no,cellular,2,180,0,success,61.0,no
50,management,married,secondary,no,280.0,yes,no,telephone,4,120,3,success,197.0,no
25,blue-collar,married,secondary,no,-500.0,yes,no,unknown,3,30,0,unknown,597.0,no
74,technician,single,tertiary,no,-500.0,yes,no,cellular,3,-1,0,unknown,163.0,no
74,blue-collar,married,primary,no,-500.0,yes,no,cellular,4,120,1,success,142.0,no
67,technician,married,tertiary,no,3154.0,yes,no,cellular,5,-1,0,success,192.0,no
39,technician,married,secondary,no,-500.0,no,no,telephone,5,-1,0,unknown,277.0,no
21,blue-collar,married,primary,no,2227.0,yes,no,cellular,5,-1,1,other,338.0,no
62,blue-collar,divorced,primary,no,923.0,no,no,telephone,3,30,0,unknown,202.0,no
44,blue-collar,married,tertiary,no,2490.0,yes,no,cellular,6,120,0,success,197.0,no
79,technician,married,secondary,no,3499.0,no,no,telephone,6,-1,0,success,111.0,no
61,self-employed,divorced,tertiary,no,1346.0,yes,no,cellular,5,-1,0,success,130.0,no
51,admin.,married,tertiary,no,3441.0,no,yes,cellular,2,60,0,other,193.0,no
79,management,married,secondary,no,4190.0,yes,no,cellular,6,-1,0,unknown,210.0,no
67,admin.,single,secondary,no,3823.0,no,no,cellular,3,60,2,unknown,305.0,no
46,retired,single,secondary,no,190.0,no,no,cellular,1,-1,0,unknown,114.0,no
19,management,married,tertiary,no,-500.0,yes,no,cellular,2,-1,0,success,276.0,yes
23,admin.,single,secondary,no,1175.0,yes,no,unknown,4,-1,0,unknown,295.0,no
45,technician,single,tertiary,no,1721.0,no,yes,cellular,2,30,0,unknown,613.0,yes
52,blue-collar,single,secondary,no,-500.0,no,no,cellular,2,-1,0,failure,301.0,no
19,retired,married,tertiary,no,1510.0,yes,no,unknown,4,-1,1,failure,107.0,no
25,services,single,primary,no,-500.0,no,no,unknown,4,30,0,unknown,96.0,no
61,technician,married,secondary,no,4182.0,yes,no,cellular,2,-1,0,failure,84.0,no
64,management,single,secondary,no,2259.0,yes,no,telephone,3,90,0,failure,104.0,no
19,technician,divorced,tertiary,no,-72.0,yes,no,telephone,2,-1,0,other,105.0,no
49,blue-collar,single,secondary,no,1628.0,yes,no,cellular,2,-1,2,unknown,79.0,no
23,technician,single,tertiary,no,1850.0,no,no,cellular,3,180,1,success,55.0,no
62,blue-collar,married,primary,no,2269.0,yes,no,unknown,4,60,0,unknown,162.0,no
69,services,married,secondary,no,1525.0,yes,no,cellular,5,-1,1,unknown,68.0,no
71,admin.,married,secondary,no,3101.0,yes,yes,cellular,3,30,1,unknown,26.0,no
55,unemployed,married,tertiary,no,-500.0,yes,no,telephone,4,30,1,unknown,176.0,no
56,technician,single,secondary,no,1167.0,yes,no,unknown,4,-1,1,unknown,93.0,no
75,management,single,tertiary,no,4616.0,yes,no,unknown,2,-1,0,unknown,286.0,no
55,retired,married,tertiary,no,767.0,yes,no,cellular,3,-1,0,unknown,79.0,no
45,self-employed,married,tertiary,no,1834.0,yes,no,cellular,1,60,0,unknown,337.0,no
64,blue-collar,single,secondary,no,-391.0,yes,no,cellular,3,-1,0,unknown,318.0,no
54,services,married,secondary,no,5282.0,no,no,cellular,6,365,0,failure,252.0,no
70,services,married,secondary,no,1914.0,no,no,unknown,4,90,1,unknown,134.0,no
50,retired,married,primary,no,-500.0,yes,no,cellular,2,-1,0,unknown,38.0,no
71,blue-collar,married,secondary,no,3363.0,yes,no,cellular,1,-1,1,other,263.0,no
20,technician,single,tertiary,no,-500.0,yes,no,cellular,7,-1,2,other,98.0,no
20,blue-collar,married,primary,no,2631.0,yes,no,telephone,5,-1,0,unknown,319.0,no
24,self-employed,married,primary,no,3254.0,no,no,cellular,5,-1,0,other,74.0,no
52,admin.,married,secondary,no,5048.0,no,no,cellular,6,30,0,unknown,111.0,no
61,blue-collar,married,tertiary,no,1803.0,no,no,cellular,4,-1,0,unknown,297.0,no
31,admin.,married,secondary,no,1488.0,yes,no,unknown,5,-1,1,other,164.0,yes
27,blue-collar,married,tertiary,no,-500.0,no,no,unknown,2,-1,0,success,141.0,no
71,services,divorced,secondary,no,578.0,no,no,cellular,3,365,0,unknown,237.0,no
64,retired,single,secondary,no,114.0,yes,no,unknown,4,-1,1,unknown,294.0,no
58,services,married,tertiary,no,1075.0,yes,no,cellular,3,-1,1,unknown,85.0,no
48,services,married,secondary,no,464.0,yes,yes,telephone,2,-1,2,unknown,167.0,yes
44,blue-collar,single,secondary,no,2815.0,no,no,cellular,4,30,1,unknown,114.0,no
19,admin.,married,tertiary,no,393.0,no,no,unknown,4,90,1,unknown,333.0,no
29,self-employed,married,secondary,no,2256.0,yes,no,cellular,2,30,1,unknown,37.0,no
73,services,married,primary,no,1192.0,yes,no,telephone,3,30,1,unknown,154.0,no
39,retired,married,tertiary,no,279.0,yes,no,telephone,3,-1,0,unknown,183.0,no
61,blue-collar,divorced,secondary,no,116.0,yes,no,unknown,4,90,0,unknown,94.0,no
61,technician,married,tertiary,no,1819.0,yes,no,cellular,4,-1,1,other,251.0,yes
37,admin.,divorced,tertiary,no,3867.0,yes,no,cellular,7,-1,0,unknown,154.0,yes
30,services,single,secondary,no,84.0,no,no,cellular,9,-1,0,unknown,244.0,no
60,blue-collar,divorced,secondary,no,1486.0,no,no,cellular,2,-1,1,unknown,349.0,no
23,services,single,secondary,no,2271.0,no,no,cellular,1,-1,0,unknown,66.0,no
48,housemaid,single,secondary,no,1364.0,yes,no,telephone,1,-1,1,unknown,20.0,no
73,services,married,secondary,no,-500.0,no,no,cellular,3,-1,0,unknown,226.0,no
62,admin.,single,tertiary,no,2262.0,yes,no,cellular,6,-1,0,unknown,156.0,no
65,retired,married,tertiary,no,-500.0,yes,no,unknown,5,-1,0,unknown,53.0,no
23,blue-collar,single,tertiary,no,-500.0,yes,no,cellular,1,-1,1,unknown,323.0,no
30,services,single,tertiary,no,-500.0,no,no,unknown,5,365,2,unknown,114.0,no
35,blue-collar,married,primary,no,1109.0,no,yes,cellular,2,-1,1,unknown,473.0,no
36,admin.,married,secondary,no,-334.0,no,no,cellular,4,365,0,unknown,282.0,no
30,services,married,secondary,no,-500.0,yes,yes,cellular,3,-1,1,failure,155.0,no
78,admin.,married,secondary,yes,2084.0,no,yes,unknown,2,90,0,success,69.0,no
28,blue-collar,married,tertiary,no,1351.0,no,no,telephone,6,365,0,unknown,83.0,no
61,technician,married,tertiary,no,2764.0,no,no,telephone,4,-1,1,unknown,133.0,no
54,technician,married,tertiary,no,87.0,no,no,unknown,2,-1,1,unknown,302.0,yes
55,technician,married,secondary,no,1286.0,yes,no,cellular,1,-1,0,unknown,113.0,no
31,blue-collar,married,secondary,no,2841.0,no,no,cellular,5,-1,1,success,325.0,no
37,retired,married,secondary,no,-500.0,no,yes,cellular,1,120,0,other,155.0,no
55,student,married,secondary,no,209.0,no,no,unknown,1,-1,0,unknown,294.0,no
36,blue-collar,married,secondary,no,3187.0,no,no,unknown,6,365,0,unknown,84.0,no
61,services,married,tertiary,no,1435.0,yes,yes,cellular,3,60,0,unknown,93.0,no
20,admin.,divorced,secondary,no,1129.0,yes,no,telephone,3,60,0,unknown,176.0,no
22,technician,married,tertiary,no,1331.0,no,no,unknown,3,30,1,failure,161.0,no
63,services,married,tertiary,no,3601.0,yes,no,cellular,2,-1,2,other,259.0,no
56,management,married,secondary,no,1357.0,yes,yes,cellular,3,-1,0,unknown,19.0,no
20,management,single,secondary,no,1482.0,yes,no,unknown,4,365,1,unknown,80.0,no
73,blue-collar,married,tertiary,no,1370.0,yes,no,cellular,4,60,2,failure,150.0,no
18,blue-collar,married,tertiary,yes,-500.0,no,no,cellular,3,-1,2,unknown,519.0,no
77,services,married,secondary,no,2305.0,no,no,cellular,3,30,0,success,121.0,yes
63,retired,married,tertiary,no,-78.0,yes,no,cellular,5,-1,0,unknown,319.0,no
79,retired,married,secondary,no,-500.0,yes,no,cellular,2,-1,2,other,134.0,no
76,blue-collar,divorced,secondary,no,-500.0,no,no,unknown,4,-1,1,unknown,49.0,no
37,services,divorced,primary,no,-500.0,yes,no,telephone,2,120,1,unknown,142.0,no
64,entrepreneur,married,secondary,no,-500.0,no,yes,unknown,8,-1,1,unknown,132.0,no
31,blue-collar,married,secondary,no,-445.0,yes,no,cellular,1,-1,0,unknown,227.0,no
47,technician,married,secondary,no,618.0,no,no,cellular,5,-1,1,success,122.0,no
32,management,divorced,secondary,no,3310.0,yes,no,cellular,2,30,0,unknown,110.0,no
48,retired,divorced,primary,yes,1509.0,no,no,cellular,3,-1,0,unknown,205.0,no
72,unemployed,married,tertiary,no,1856.0,yes,no,cellular,2,-1,0,unknown,200.0,no
45,blue-collar,married,secondary,no,3703.0,yes,no,unknown,3,-1,1,success,303.0,no
23,technician,married,secondary,no,-500.0,yes,no,unknown,2,30,2,unknown,56.0,no
38,services,single,secondary,no,2105.0,yes,no,unknown,3,-1,1,unknown,182.0,no
66,services,married,secondary,no,1967.0,yes,no,cellular,6,-1,1,unknown,109.0,no
50,blue-collar,married,secondary,no,2883.0,no,yes,telephone,4,180,0,failure,487.0,no
52,admin.,married,tertiary,no,-500.0,yes,yes,unknown,4,60,0,failure,70.0,no
44,management,married,secondary,no,367.0,yes,no,cellular,1,-1,0,unknown,21.0,no
36,admin.,divorced,primary,no,-276.0,yes,yes,cellular,4,-1,0,unknown,292.0,no
55,admin.,married,secondary,no,-500.0,no,no,cellular,3,-1,0,failure,147.0,no
57,self-employed,married,tertiary,no,5563.0,yes,yes,unknown,7,180,0,unknown,186.0,yes
73,services,single,secondary,no,381.0,yes,no,telephone,7,-1,0,other,153.0,no
56,blue-collar,single,secondary,no,3069.0,yes,no,unknown,1,-1,0,unknown,129.0,no
79,services,single,primary,yes,2670.0,no,no,cellular,4,30,0,failure,412.0,no
69,technician,single,tertiary,no,-500.0,no,no,unknown,4,-1,1,unknown,118.0,no
22,services,married,tertiary,yes,455.0,yes,no,cellular,2,-1,0,unknown,62.0,no
42,technician,married,secondary,no,1508.0,yes,no,cellular,4,-1,1,unknown,221.0,no
41,services,married,primary,no,2112.0,yes,no,unknown,6,-1,1,unknown,92.0,no
18,blue-collar,single,tertiary,no,1995.0,yes,no,cellular,5,-1,0,success,207.0,no
29,blue-collar,divorced,primary,no,4556.0,yes,yes,telephone,4,-1,1,unknown,115.0,no
65,technician,married,secondary,no,3039.0,yes,no,cellular,6,-1,0,other,24.0,no
39,services,single,tertiary,no,2582.0,no,no,unknown,3,-1,0,unknown,149.0,no
27,technician,single,secondary,no,3143.0,no,no,cellular,3,90,0,failure,181.0,no
35,technician,divorced,secondary,no,3835.0,no,yes,telephone,2,-1,0,failure,411.0,no
35,blue-collar,married,secondary,no,279.0,yes,yes,unknown,4,30,1,failure,150.0,no
28,blue-collar,married,secondary,no,-500.0,yes,no,cellular,1,-1,0,failure,88.0,no
24,services,single,secondary,no,308.0,no,yes,unknown,2,-1,0,unknown,124.0,no
65,admin.,single,secondary,no,-500.0,no,no,cellular,2,-1,1,other,204.0,no
69,retired,single,secondary,no,-369.0,yes,no,cellular,7,-1,0,unknown,142.0,no
48,technician,single,secondary,no,1580.0,no,yes,telephone,4,30,0,other,416.0,no
56,self-employed,married,secondary,no,404.0,yes,no,cellular,2,-1,1,unknown,82.0,no
74,blue-collar,single,secondary,no,2567.0,yes,no,cellular,2,-1,0,success,71.0,no
70,services,married,secondary,no,1946.0,no,no,telephone,6,-1,0,unknown,188.0,no
20,blue-collar,married,secondary,no,2057.0,no,yes,unknown,2,-1,0,unknown,670.0,no
77,technician,married,secondary,no,-500.0,yes,no,unknown,3,30,0,success,120.0,no
22,admin.,married,secondary,no,-180.0,no,no,cellular,5,-1,0,unknown,527.0,yes
19,technician,married,secondary,no,-500.0,yes,no,unknown,3,30,1,success,357.0,no
43,management,single,tertiary,yes,2422.0,yes,no,telephone,5,-1,1,other,233.0,no
64,management,single,secondary,no,4860.0,no,no,unknown,4,-1,0,unknown,47.0,no
22,management,married,tertiary,no,1722.0,no,no,cellular,6,-1,1,unknown,188.0,yes
36,blue-collar,married,primary,no,1882.0,yes,yes,unknown,4,-1,0,other,236.0,no
34,management,married,tertiary,no,443.0,no,no,unknown,3,120,0,unknown,172.0,no
42,technician,married,secondary,no,1010.0,no,no,unknown,2,90,1,unknown,135.0,no
79,technician,married,tertiary,no,3694.0,no,no,telephone,2,-1,0,unknown,207.0,yes
38,blue-collar,married,tertiary,no,1563.0,yes,no,cellular,6,-1,0,unknown,80.0,yes
30,services,divorced,secondary,no,2551.0,yes,no,cellular,4,-1,1,other,253.0,no
25,technician,married,tertiary,no,3741.0,no,no,cellular,3,-1,0,unknown,66.0,no
30,technician,single,secondary,no,3381.0,no,no,telephone,5,-1,0,unknown,40.0,no
26,management,single,tertiary,no,1458.0,yes,no,cellular,2,90,2,unknown,164.0,no
53,admin.,married,secondary,no,1590.0,yes,yes,cellular,3,-1,1,failure,300.0,no
44,technician,married,secondary,no,705.0,no,no,cellular,4,-1,0,unknown,219.0,no
48,entrepreneur,married,tertiary,no,2298.0,yes,yes,unknown,4,60,0,unknown,197.0,no
69,blue-collar,married,primary,yes,656.0,no,no,unknown,4,30,1,other,81.0,no
53,student,divorced,secondary,no,2030.0,no,no,cellular,5,-1,1,unknown,248.0,no
27,blue-collar,married,primary,no,3269.0,yes,no,cellular,2,-1,0,unknown,299.0,no
41,technician,married,secondary,no,-500.0,yes,no,cellular,3,-1,0,unknown,176.0,no
37,admin.,married,tertiary,no,-500.0,no,no,unknown,4,-1,0,unknown,280.0,no
69,services,married,tertiary,no,1320.0,yes,no,telephone,3,30,1,failure,323.0,no
37,technician,divorced,tertiary,no,2604.0,yes,no,unknown,2,120,0,unknown,72.0,no
26,unemployed,married,tertiary,no,1916.0,yes,no,cellular,3,180,2,unknown,211.0,no
63,technician,single,secondary,no,-500.0,no,no,cellular,6,-1,1,unknown,211.0,no
44,technician,married,tertiary,no,3019.0,yes,no,unknown,3,365,2,unknown,89.0,no
23,blue-collar,married,secondary,no,4835.0,yes,no,cellular,3,60,3,success,245.0,yes
60,technician,married,secondary,no,-164.0,yes,no,cellular,6,-1,1,unknown,180.0,no
31,technician,divorced,tertiary,no,95.0,yes,no,cellular,5,-1,0,unknown,389.0,no
71,retired,married,tertiary,no,1446.0,yes,no,cellular,1,-1,0,unknown,112.0,no
69,entrepreneur,single,tertiary,no,1174.0,no,no,cellular,3,-1,1,unknown,375.0,yes
40,admin.,married,secondary,no,3566.0,no,no,cellular,5,-1,1,unknown,123.0,no
52,self-employed,single,secondary,no,1910.0,yes,no,unknown,2,-1,2,unknown,166.0,no
53,services,married,secondary,no,875.0,no,no,unknown,2,-1,0,failure,231.0,no
58,housemaid,single,tertiary,no,339.0,no,yes,unknown,1,-1,0,unknown,133.0,no
22,housemaid,married,secondary,no,-500.0,no,no,telephone,4,-1,1,other,288.0,no
38,retired,married,secondary,no,3865.0,no,no,telephone,3,-1,1,unknown,139.0,no
28,admin.,divorced,secondary,no,2530.0,no,no,cellular,2,-1,0,unknown,268.0,yes
61,technician,married,secondary,no,1237.0,no,no,cellular,3,-1,1,unknown,284.0,no
22,blue-collar,married,secondary,no,1596.0,no,no,cellular,2,-1,3,unknown,364.0,no
50,blue-collar,married,secondary,yes,1206.0,yes,no,unknown,2,-1,1,unknown,201.0,no
63,admin.,married,primary,no,-500.0,yes,no,cellular,4,-1,0,unknown,299.0,no
76,technician,married,primary,no,-500.0,yes,no,cellular,3,-1,1,unknown,92.0,no
35,technician,married,tertiary,no,1032.0,yes,no,cellular,4,-1,0,unknown,492.0,no
18,admin.,married,secondary,no,1002.0,no,no,cellular,3,30,0,success,145.0,no
62,blue-collar,married,tertiary,no,1378.0,no,no,unknown,3,-1,0,unknown,98.0,no
18,management,single,primary,no,4456.0,no,no,unknown,4,30,1,unknown,88.0,no
22,blue-collar,divorced,secondary,no,885.0,yes,no,cellular,2,120,0,unknown,164.0,no
79,services,single,primary,no,27.0,yes,no,cellular,1,30,1,success,345.0,no
71,admin.,married,primary,yes,1495.0,no,no,cellular,3,30,1,unknown,317.0,no
61,retired,single,primary,no,-500.0,yes,no,cellular,1,-1,1,success,693.0,no
69,entrepreneur,married,secondary,no,1680.0,yes,yes,telephone,5,90,0,unknown,191.0,no
22,management,single,primary,no,95.0,no,no,unknown,3,120,1,unknown,181.0,no
23,housemaid,married,tertiary,no,1805.0,no,no,cellular,2,-1,0,unknown,203.0,no
36,blue-collar,married,secondary,yes,1076.0,no,no,unknown,3,-1,0,unknown,150.0,no
19,blue-collar,single,secondary,no,1145.0,no,no,cellular,1,-1,1,unknown,361.0,no
73,admin.,married,tertiary,no,2528.0,yes,no,cellular,5,-1,1,unknown,221.0,no
21,blue-collar,single,secondary,no,2722.0,no,no,telephone,2,-1,0,success,289.0,no
51,unemployed,single,secondary,no,5060.0,yes,no,cellular,3,-1,1,unknown,481.0,yes
70,blue-collar,married,secondary,no,2650.0,yes,no,cellular,1,-1,0,other,297.0,no
63,blue-collar,married,secondary,no,959.0,no,no,cellular,3,-1,2,success,142.0,no
32,blue-collar,single,secondary,no,261.0,no,no,unknown,1,30,0,success,185.0,no
47,student,single,tertiary,no,2024.0,yes,no,cellular,3,-1,1,unknown,344.0,no
51,technician,single,secondary,no,4031.0,yes,no,cellular,6,-1,0,unknown,85.0,no
65,technician,married,secondary,no,2941.0,yes,no,telephone,6,-1,0,unknown,188.0,yes
44,self-employed,single,tertiary,no,118.0,no,no,cellular,2,-1,0,unknown,215.0,no
35,technician,married,secondary,no,2215.0,yes,no,cellular,5,-1,0,unknown,443.0,no
67,housemaid,married,tertiary,no,1800.0,no,no,cellular,4,-1,0,unknown,232.0,no
72,technician,single,tertiary,no,3288.0,yes,no,unknown,3,-1,1,success,42.0,no
48,technician,married,secondary,no,1943.0,no,yes,cellular,1,365,0,success,100.0,no
19,admin.,married,secondary,no,1875.0,yes,no,cellular,7,-1,0,unknown,331.0,no
49,management,married,secondary,no,-500.0,no,yes,cellular,6,-1,0,success,240.0,no
73,blue-collar,single,primary,no,2826.0,no,no,telephone,3,365,0,unknown,107.0,no
79,admin.,divorced,secondary,no,-500.0,no,no,unknown,2,60,2,failure,175.0,no
42,technician,divorced,secondary,no,1561.0,yes,yes,cellular,1,-1,2,unknown,66.0,no
27,admin.,married,secondary,no,409.0,no,no,cellular,4,-1,0,unknown,69.0,no
53,services,married,secondary,no,302.0,no,no,cellular,4,-1,0,unknown,55.0,no
69,unemployed,single,tertiary,no,2449.0,yes,no,cellular,1,-1,0,unknown,378.0,no
76,management,married,primary,no,1394.0,no,no,cellular,3,-1,0,failure,85.0,no
21,entrepreneur,married,secondary,no,-500.0,yes,no,cellular,6,-1,0,success,51.0,no
36,self-employed,married,secondary,no,1044.0,no,no,unknown,6,-1,0,unknown,438.0,no
47,technician,married,secondary,no,701.0,yes,no,unknown,6,120,0,unknown,92.0,no
24,blue-collar,single,primary,no,3663.0,no,no,unknown,2,-1,0,unknown,214.0,no
72,blue-collar,married,secondary,no,-500.0,no,no,cellular,3,-1,0,unknown,122.0,no
24,self-employed,married,secondary,no,4850.0,yes,no,cellular,4,-1,1,unknown,319.0,no
59,technician,single,secondary,no,2942.0,no,no,unknown,3,-1,0,unknown,123.0,no
74,blue-collar,single,secondary,no,900.0,yes,no,telephone,8,30,1,success,188.0,no
60,entrepreneur,married,secondary,no,646.0,yes,no,cellular,6,-1,1,other,274.0,yes
65,unemployed,married,secondary,no,251.0,yes,no,unknown,4,-1,1,unknown,97.0,no
34,blue-collar,divorced,tertiary,yes,1975.0,no,yes,cellular,3,-1,0,unknown,395.0,no
69,admin.,single,primary,no,-18.0,no,no,cellular,5,60,1,success,130.0,no
43,self-employed,married,secondary,no,1189.0,yes,no,cellular,2,-1,0,unknown,265.0,no
21,admin.,single,tertiary,no,-500.0,no,no,cellular,3,-1,0,unknown,171.0,no
40,blue-collar,divorced,primary,no,2683.0,no,no,cellular,2,30,2,unknown,352.0,no
39,self-employed,married,secondary,no,1705.0,no,no,cellular,3,-1,1,success,176.0,no
50,services,married,secondary,no,558.0,no,no,telephone,2,-1,0,unknown,110.0,no
34,management,married,secondary,no,965.0,no,no,unknown,7,90,1,unknown,132.0,no
46,entrepreneur,single,secondary,no,153.0,no,no,unknown,3,180,0,unknown,206.0,no
44,retired,married,secondary,no,1964.0,no,no,cellular,1,-1,1,unknown,304.0,yes
38,services,married,tertiary,no,-500.0,yes,yes,unknown,2,-1,0,unknown,314.0,no
61,technician,married,secondary,no,3024.0,yes,no,cellular,4,-1,2,unknown,258.0,no
36,technician,single,secondary,no,1712.0,yes,no,telephone,5,-1,0,unknown,51.0,no
65,services,single,tertiary,no,592.0,yes,yes,cellular,4,-1,1,failure,102.0,no
33,technician,married,primary,no,2458.0,no,no,telephone,3,-1,2,unknown,254.0,no
71,technician,married,tertiary,no,2100.0,no,yes,cellular,1,-1,0,failure,117.0,no
40,blue-collar,single,tertiary,no,-482.0,yes,no,unknown,2,-1,0,unknown,545.0,no
20,technician,married,tertiary,yes,3753.0,no,yes,cellular,4,-1,0,unknown,53.0,no
27,technician,single,primary,no,-500.0,yes,no,cellular,3,90,0,unknown,61.0,no
67,blue-collar,married,secondary,no,3361.0,no,no,cellular,4,-1,0,unknown,279.0,no
72,admin.,divorced,tertiary,no,1106.0,yes,no,cellular,3,-1,0,unknown,280.0,no
31,self-employed,married,secondary,no,3183.0,yes,no,cellular,3,-1,1,success,220.0,no
55,management,single,secondary,yes,3993.0,no,no,cellular,4,-1,2,unknown,187.0,no
53,student,married,secondary,no,631.0,yes,no,cellular,5,-1,0,unknown,706.0,no
26,retired,married,primary,no,715.0,no,no,unknown,3,-1,0,unknown,54.0,no
46,admin.,single,tertiary,no,1966.0,no,no,cellular,4,-1,0,other,185.0,no
61,blue-collar,married,tertiary,no,-500.0,no,no,cellular,4,-1,1,unknown,294.0,no
77,technician,single,primary,no,803.0,no,no,unknown,4,-1,2,unknown,119.0,no
70,admin.,married,primary,no,650.0,no,no,cellular,2,-1,0,success,292.0,no
24,services,married,secondary,no,-500.0,yes,no,telephone,3,90,0,unknown,288.0,no
32,blue-collar,single,primary,no,556.0,yes,no,cellular,4,-1,1,unknown,216.0,no
45,management,married,secondary,no,2755.0,yes,no,telephone,2,-1,0,other,148.0,no
27,retired,divorced,tertiary,no,2626.0,yes,no,telephone,3,-1,1,failure,457.0,no
53,blue-collar,married,secondary,no,1081.0,yes,no,cellular,8,-1,0,unknown,61.0,no
18,services,married,tertiary,no,1512.0,yes,no,unknown,6,-1,0,unknown,66.0,no
25,services,single,primary,no,852.0,yes,no,cellular,2,30,1,success,319.0,no
20,admin.,married,secondary,no,-500.0,yes,no,cellular,4,-1,0,unknown,91.0,no
36,entrepreneur,married,tertiary,no,-430.0,yes,no,cellular,3,-1,2,unknown,405.0,no
65,services,married,primary,no,3126.0,yes,no,cellular,1,-1,0,unknown,195.0,no
28,services,married,secondary,no,3555.0,no,no,cellular,3,-1,0,unknown,156.0,no
79,retired,single,secondary,no,-145.0,yes,yes,telephone,4,-1,1,other,167.0,no
34,student,married,secondary,yes,3414.0,yes,no,unknown,2,-1,0,unknown,391.0,no
20,admin.,married,secondary,no,-500.0,no,no,unknown,8,-1,1,failure,342.0,no
38,blue-collar,married,tertiary,no,469.0,yes,no,cellular,1,-1,0,unknown,98.0,no
64,services,married,secondary,no,1186.0,no,no,telephone,4,-1,0,success,93.0,no
24,services,married,secondary,no,908.0,yes,no,cellular,3,-1,0,unknown,119.0,no
22,technician,married,primary,no,154.0,yes,no,cellular,5,120,0,unknown,174.0,no
70,blue-collar,single,tertiary,no,1628.0,yes,no,cellular,4,-1,1,unknown,205.0,no
54,management,single,secondary,no,2798.0,yes,no,telephone,6,-1,0,unknown,431.0,yes
39,services,married,tertiary,no,-500.0,no,no,cellular,5,30,1,unknown,140.0,no
64,blue-collar,married,primary,no,1627.0,yes,no,unknown,4,120,0,success,288.0,no
70,management,married,tertiary,no,3137.0,yes,no,cellular,3,120,0,unknown,307.0,yes
40,services,married,tertiary,no,657.0,no,no,telephone,4,30,1,unknown,222.0,no
52,blue-collar,married,tertiary,no,416.0,yes,no,cellular,5,-1,0,failure,165.0,no
18,entrepreneur,divorced,tertiary,no,-131.0,no,no,cellular,3,-1,0,other,481.0,yes
36,blue-collar,single,secondary,no,5001.0,yes,yes,unknown,3,-1,1,unknown,318.0,no
54,technician,married,secondary,no,4088.0,no,no,cellular,6,-1,1,success,197.0,no
30,blue-collar,married,secondary,no,869.0,yes,no,cellular,7,-1,0,success,66.0,no
79,blue-collar,single,secondary,no,3525.0,no,no,unknown,1,-1,0,unknown,40.0,no
78,admin.,divorced,secondary,no,453.0,yes,no,cellular,6,-1,1,unknown,86.0,no
33,admin.,married,tertiary,no,1120.0,no,yes,telephone,3,-1,0,unknown,201.0,yes
42,blue-collar,single,secondary,no,-500.0,no,no,cellular,3,-1,0,unknown,113.0,no
29,self-employed,married,tertiary,no,-500.0,yes,yes,cellular,2,120,1,unknown,67.0,no
49,admin.,single,tertiary,no,356.0,no,no,cellular,1,180,0,failure,140.0,no
25,blue-collar,married,secondary,no,635.0,no,no,telephone,2,90,1,unknown,80.0,no
42,admin.,single,secondary,no,2168.0,no,yes,cellular,5,90,0,unknown,135.0,no
52,housemaid,married,secondary,no,2579.0,no,no,cellular,4,-1,1,other,490.0,yes
55,admin.,married,secondary,no,1179.0,yes,no,cellular,5,60,1,unknown,123.0,no
54,self-employed,single,secondary,no,-384.0,no,no,unknown,1,-1,1,unknown,322.0,no
31,services,single,secondary,no,216.0,yes,no,cellular,7,-1,0,unknown,264.0,no
67,services,single,secondary,no,4264.0,no,no,cellular,5,-1,1,success,294.0,no
60,blue-collar,married,secondary,no,2532.0,yes,no,cellular,2,60,1,unknown,44.0,no
64,technician,single,secondary,no,3961.0,no,no,cellular,4,-1,2,success,431.0,yes
47,services,married,secondary,no,4599.0,no,no,telephone,3,-1,0,success,255.0,yes
73,admin.,single,secondary,no,217.0,yes,no,unknown,1,-1,0,unknown,154.0,no
42,management,married,secondary,no,2876.0,no,no,cellular,3,30,0,unknown,242.0,no
67,student,married,tertiary,yes,-224.0,yes,no,telephone,5,-1,1,unknown,111.0,no
30,blue-collar,married,secondary,no,3260.0,yes,no,cellular,3,30,0,unknown,39.0,no
33,entrepreneur,divorced,secondary,no,2890.0,yes,no,cellular,5,-1,1,unknown,350.0,no
50,self-employed,single,tertiary,no,-500.0,no,no,cellular,6,-1,0,unknown,53.0,no
52,admin.,married,secondary,no,2125.0,yes,no,unknown,5,-1,1,failure,176.0,no
64,technician,single,primary,no,-142.0,yes,no,unknown,4,-1,0,other,173.0,no
36,blue-collar,married,tertiary,no,787.0,yes,no,cellular,3,-1,1,failure,93.0,no
72,admin.,married,tertiary,no,213.0,yes,yes,telephone,1,180,0,unknown,304.0,no
38,admin.,married,secondary,no,3034.0,no,no,cellular,3,180,0,unknown,87.0,no
51,entrepreneur,single,secondary,no,170.0,yes,no,telephone,5,-1,1,failure,244.0,no
75,technician,divorced,tertiary,no,-500.0,no,no,unknown,4,-1,0,unknown,273.0,no
51,technician,divorced,primary,no,-54.0,no,yes,unknown,2,-1,2,unknown,105.0,no
60,technician,married,secondary,no,1014.0,no,yes,cellular,2,-1,0,unknown,157.0,no
74,retired,married,tertiary,no,2138.0,yes,no,cellular,3,-1,0,unknown,178.0,no
78,management,single,tertiary,no,3553.0,no,no,cellular,2,-1,0,unknown,77.0,no
48,entrepreneur,married,secondary,no,2324.0,no,no,cellular,6,-1,2,other,212.0,no
43,admin.,married,primary,no,2451.0,yes,yes,cellular,2,365,0,unknown,521.0,no
30,technician,divorced,secondary,no,2729.0,yes,no,cellular,8,-1,1,unknown,270.0,no
51,management,married,tertiary,no,2871.0,yes,no,cellular,7,90,2,unknown,26.0,no
74,management,married,tertiary,no,3260.0,yes,no,cellular,5,-1,0,unknown,131.0,no
48,management,single,tertiary,no,5909.0,yes,no,telephone,3,30,0,unknown,269.0,yes
39,technician,single,primary,no,2842.0,no,no,unknown,1,-1,0,unknown,54.0,no
24,blue-collar,divorced,tertiary,no,1916.0,no,no,cellular,4,-1,0,success,101.0,yes
42,services,single,secondary,no,563.0,yes,yes,unknown,7,180,0,unknown,125.0,no
32,services,married,secondary,no,1958.0,yes,no,unknown,3,-1,2,unknown,471.0,yes
78,technician,single,tertiary,no,3477.0,no,yes,cellular,1,-1,0,unknown,144.0,no
50,admin.,single,secondary,yes,-500.0,no,no,unknown,6,-1,1,unknown,189.0,no
26,blue-collar,divorced,secondary,no,3665.0,yes,no,unknown,6,180,1,unknown,51.0,no
22,management,married,secondary,no,632.0,yes,no,cellular,4,-1,1,failure,402.0,no
70,technician,married,tertiary,no,983.0,yes,no,cellular,9,-1,1,unknown,149.0,no
75,technician,married,primary,no,2339.0,yes,no,cellular,3,-1,1,unknown,89.0,no
65,self-employed,married,primary,no,452.0,no,no,cellular,5,365,1,unknown,92.0,no
25,blue-collar,divorced,secondary,no,2226.0,yes,no,unknown,4,-1,1,unknown,222.0,no
24,blue-collar,divorced,tertiary,no,-500.0,no,no,unknown,4,-1,0,unknown,24.0,no
30,services,married,tertiary,no,2977.0,yes,no,telephone,4,-1,1,unknown,269.0,no
64,blue-collar,divorced,secondary,no,1753.0,yes,yes,cellular,1,-1,0,unknown,53.0,no
65,retired,married,tertiary,no,1393.0,yes,no,cellular,3,-1,1,failure,149.0,no
69,technician,single,secondary,yes,1894.0,yes,no,cellular,5,120,0,unknown,133.0,no
24,entrepreneur,single,secondary,no,1364.0,no,no,cellular,3,-1,0,success,88.0,no
27,entrepreneur,single,primary,no,2195.0,yes,no,telephone,3,-1,0,unknown,497.0,yes
73,admin.,single,secondary,no,1027.0,yes,no,cellular,4,30,0,unknown,380.0,no
75,blue-collar,single,secondary,no,876.0,yes,no,unknown,2,-1,0,unknown,712.0,no
62,services,single,secondary,no,-500.0,yes,no,cellular,4,-1,0,unknown,188.0,no
24,blue-collar,married,secondary,no,3857.0,no,no,cellular,2,30,1,other,121.0,no
22,blue-collar,single,tertiary,no,-500.0,no,yes,cellular,4,-1,0,unknown,89.0,no
21,admin.,married,secondary,no,4308.0,no,no,cellular,3,-1,0,failure,119.0,no
60,admin.,married,tertiary,no,964.0,yes,no,cellular,4,-1,3,unknown,160.0,no
70,services,single,tertiary,no,3592.0,yes,yes,telephone,3,-1,3,unknown,294.0,no
57,self-employed,single,secondary,no,3276.0,yes,no,unknown,3,90,2,unknown,108.0,no
34,retired,divorced,tertiary,no,3132.0,yes,no,unknown,4,-1,1,unknown,121.0,no
64,management,married,secondary,yes,1484.0,no,no,telephone,1,-1,0,unknown,108.0,no
21,blue-collar,married,primary,no,-500.0,yes,no,unknown,5,-1,0,unknown,44.0,no
69,management,married,tertiary,no,1072.0,yes,no,cellular,4,-1,1,other,153.0,no
73,admin.,single,secondary,no,834.0,yes,no,unknown,4,180,0,success,19.0,no
62,technician,divorced,secondary,no,1216.0,yes,yes,cellular,6,-1,0,unknown,71.0,no
72,admin.,single,tertiary,no,-500.0,no,no,cellular,3,-1,0,failure,236.0,no
54,housemaid,married,tertiary,no,885.0,no,no,unknown,3,-1,0,unknown,139.0,no
47,admin.,single,secondary,no,-500.0,no,no,telephone,6,-1,1,unknown,128.0,no
37,technician,married,primary,no,859.0,no,no,cellular,3,-1,0,unknown,284.0,no
75,blue-collar,divorced,tertiary,no,1626.0,yes,no,cellular,4,-1,0,failure,160.0,no
61,technician,married,tertiary,no,-7.0,yes,no,unknown,3,180,1,unknown,119.0,no
29,admin.,married,secondary,no,914.0,no,no,unknown,2,-1,1,success,243.0,yes
77,technician,married,tertiary,no,1693.0,yes,no,telephone,3,-1,0,other,110.0,no
21,services,single,secondary,no,3223.0,no,yes,cellular,3,180,0,unknown,44.0,no
54,blue-collar,married,secondary,no,3298.0,yes,no,cellular,3,-1,0,unknown,113.0,no
29,blue-collar,married,tertiary,no,1950.0,yes,no,cellular,4,-1,2,unknown,141.0,no
59,blue-collar,single,tertiary,no,1347.0,no,no,cellular,6,-1,0,failure,266.0,no
43,technician,divorced,secondary,no,2039.0,no,no,cellular,5,-1,1,unknown,180.0,no
45,technician,single,tertiary,no,4640.0,no,no,cellular,1,-1,0,unknown,338.0,no
59,blue-collar,married,secondary,no,2303.0,no,no,telephone,4,-1,1,unknown,51.0,no
64,blue-collar,single,primary,no,1869.0,yes,no,cellular,4,60,1,failure,768.0,no
41,blue-collar,married,secondary,no,3331.0,no,no,cellular,6,-1,0,unknown,360.0,no
79,blue-collar,married,primary,no,1486.0,no,no,cellular,5,-1,0,unknown,168.0,no
48,services,married,secondary,no,-136.0,yes,no,telephone,3,-1,0,unknown,94.0,no
27,blue-collar,married,primary,no,2226.0,no,no,cellular,5,30,1,success,105.0,no
18,blue-collar,married,secondary,no,1707.0,no,no,cellular,4,180,0,unknown,338.0,no
30,technician,married,tertiary,no,1007.0,no,no,cellular,4,-1,1,unknown,135.0,no
60,student,married,primary,no,2379.0,yes,no,cellular,5,90,0,unknown,111.0,no
51,student,single,secondary,no,-500.0,yes,no,unknown,3,60,0,other,230.0,no
38,admin.,married,tertiary,no,427.0,yes,no,cellular,2,-1,0,failure,357.0,no
47,technician,married,tertiary,no,-182.0,no,no,telephone,4,-1,1,unknown,180.0,no
69,retired,married,tertiary,no,5.0,no,no,cellular,1,30,1,unknown,38.0,no
53,management,single,tertiary,no,1123.0,yes,no,cellular,6,-1,2,failure,125.0,no
21,admin.,single,tertiary,no,-238.0,yes,no,cellular,4,365,1,failure,134.0,no
21,technician,married,tertiary,no,4419.0,no,no,cellular,7,-1,0,unknown,273.0,yes
47,retired,single,secondary,no,2213.0,yes,no,cellular,6,-1,2,unknown,292.0,yes
43,technician,single,secondary,no,-30.0,no,no,unknown,5,30,0,other,76.0,no
70,services,single,secondary,no,-500.0,no,no,cellular,4,60,1,success,182.0,no
54,technician,married,tertiary,no,350.0,no,no,cellular,3,-1,0,unknown,184.0,no
64,services,married,secondary,no,807.0,yes,no,cellular,2,60,1,unknown,114.0,no
54,technician,married,tertiary,no,257.0,yes,yes,telephone,3,-1,0,unknown,27.0,no
39,blue-collar,married,secondary,no,5976.0,no,no,unknown,1,-1,0,unknown,60.0,no
58,blue-collar,married,tertiary,no,-500.0,no,no,cellular,5,-1,0,unknown,337.0,no
56,services,divorced,primary,no,1492.0,no,yes,unknown,2,-1,1,other,94.0,no
62,management,married,secondary,no,1166.0,no,no,unknown,4,-1,1,unknown,125.0,no
29,self-employed,married,secondary,no,952.0,no,yes,unknown,3,30,0,other,64.0,no
57,services,divorced,primary,no,-500.0,no,no,cellular,4,365,0,success,262.0,no
35,retired,single,tertiary,no,1323.0,yes,no,telephone,3,-1,1,unknown,149.0,no
66,technician,married,secondary,no,1725.0,yes,no,cellular,2,-1,0,unknown,61.0,no
67,blue-collar,divorced,primary,no,2677.0,yes,yes,cellular,6,-1,0,success,74.0,yes
56,technician,married,secondary,no,2270.0,yes,no,cellular,3,120,0,other,106.0,no
76,admin.,married,secondary,no,3593.0,yes,no,cellular,2,120,0,unknown,188.0,no
51,services,married,secondary,no,-500.0,yes,no,telephone,3,-1,0,unknown,91.0,no
19,technician,married,secondary,no,977.0,yes,no,cellular,2,30,1,success,166.0,no
55,blue-collar,single,secondary,no,5908.0,no,no,cellular,3,30,1,success,202.0,yes
66,blue-collar,married,tertiary,no,3308.0,no,no,cellular,6,-1,1,success,26.0,no
24,blue-collar,single,secondary,no,-500.0,yes,no,unknown,2,-1,1,unknown,270.0,no
24,retired,married,secondary,no,1559.0,yes,no,unknown,6,-1,0,unknown,297.0,no
34,housemaid,divorced,secondary,no,-485.0,no,no,cellular,2,-1,1,failure,165.0,no
70,admin.,married,secondary,no,623.0,yes,no,cellular,3,-1,0,unknown,139.0,no
50,technician,divorced,secondary,no,4999.0,yes,yes,cellular,4,30,1,unknown,139.0,no
78,blue-collar,married,primary,no,3125.0,no,no,cellular,5,-1,1,unknown,34.0,no
72,retired,single,tertiary,no,-500.0,no,no,cellular,6,60,0,unknown,243.0,no
52,self-employed,single,secondary,no,23.0,yes,no,unknown,1,60,0,unknown,99.0,no
60,admin.,married,tertiary,no,1401.0,no,no,unknown,8,-1,1,unknown,383.0,no
38,admin.,married,tertiary,no,924.0,no,no,cellular,5,-1,1,failure,189.0,yes
23,technician,single,secondary,no,1964.0,yes,no,cellular,4,60,1,unknown,273.0,no
42,services,single,primary,no,6.0,yes,no,cellular,2,-1,0,unknown,429.0,no
54,admin.,married,tertiary,no,741.0,no,yes,cellular,2,-1,1,unknown,245.0,no
29,technician,single,secondary,no,-15.0,no,no,telephone,2,-1,1,unknown,115.0,no
31,management,divorced,tertiary,no,738.0,no,yes,telephone,5,365,1,unknown,108.0,no
18,admin.,divorced,secondary,no,2667.0,yes,no,cellular,6,120,0,unknown,101.0,no
63,services,married,primary,no,1934.0,yes,no,cellular,2,-1,0,success,201.0,yes
73,management,married,tertiary,no,138.0,yes,no,cellular,1,-1,0,unknown,219.0,no
69,blue-collar,married,tertiary,no,3438.0,yes,no,unknown,4,-1,0,unknown,73.0,no
41,technician,single,primary,no,3315.0,no,no,cellular,3,365,0,unknown,208.0,no
54,blue-collar,divorced,tertiary,no,1398.0,yes,yes,cellular,2,365,0,unknown,346.0,no
77,blue-collar,married,secondary,no,935.0,yes,no,cellular,8,-1,0,failure,333.0,no
54,blue-collar,married,secondary,no,4573.0,yes,no,cellular,2,-1,0,other,312.0,yes
36,student,married,tertiary,no,4292.0,yes,no,cellular,2,-1,1,unknown,23.0,yes
38,services,married,secondary,no,-500.0,no,no,cellular,2,60,0,failure,431.0,no
63,technician,divorced,primary,no,3550.0,yes,no,cellular,1,-1,0,other,90.0,no
45,blue-collar,single,secondary,no,4503.0,yes,no,unknown,2,180,3,success,62.0,no
69,technician,married,tertiary,no,2582.0,no,no,cellular,2,-1,0,unknown,245.0,no
71,retired,married,secondary,no,560.0,yes,no,cellular,3,-1,0,success,354.0,no
20,blue-collar,married,secondary,no,778.0,no,no,cellular,5,180,1,unknown,235.0,no
62,admin.,single,tertiary,no,4479.0,no,no,unknown,3,180,2,unknown,153.0,no
40,technician,single,tertiary,no,2904.0,no,no,unknown,5,90,0,unknown,613.0,no
50,blue-collar,married,primary,no,2385.0,yes,no,unknown,4,-1,2,unknown,86.0,no
34,self-employed,married,primary,no,5599.0,no,no,cellular,3,365,0,failure,340.0,no
40,retired,divorced,tertiary,no,-414.0,yes,no,cellular,8,-1,0,success,124.0,no
38,admin.,single,secondary,no,1237.0,no,no,cellular,5,-1,1,unknown,241.0,no
21,unemployed,married,primary,yes,1742.0,no,no,unknown,3,-1,0,unknown,301.0,no
66,technician,married,primary,no,1019.0,no,no,unknown,2,90,0,other,338.0,no
26,management,divorced,tertiary,no,-500.0,no,no,unknown,5,30,0,unknown,164.0,no
41,services,single,tertiary,yes,3207.0,yes,no,unknown,2,-1,0,unknown,382.0,no
29,management,divorced,secondary,no,48.0,yes,no,cellular,4,-1,1,success,97.0,no
27,services,married,secondary,no,16.0,yes,no,cellular,10,120,0,unknown,139.0,no
41,blue-collar,married,tertiary,no,754.0,yes,no,telephone,3,-1,0,unknown,155.0,no
74,management,married,primary,no,986.0,no,no,cellular,2,180,1,unknown,109.0,no
76,blue-collar,single,tertiary,no,1181.0,yes,yes,telephone,3,365,0,unknown,137.0,no
41,management,single,secondary,no,3135.0,no,no,cellular,3,-1,0,failure,89.0,no
49,management,married,secondary,no,3504.0,yes,no,unknown,2,90,1,unknown,46.0,no
79,blue-collar,divorced,secondary,no,933.0,yes,no,cellular,3,-1,1,success,88.0,no
32,technician,divorced,primary,no,323.0,yes,no,cellular,3,-1,0,unknown,104.0,no
76,admin.,married,secondary,no,1169.0,no,yes,cellular,4,-1,0,unknown,203.0,no
24,admin.,single,tertiary,no,-209.0,yes,no,cellular,4,-1,0,unknown,628.0,no
32,entrepreneur,single,secondary,no,1349.0,yes,no,unknown,2,-1,0,unknown,204.0,no
38,self-employed,married,secondary,no,-303.0,no,no,unknown,1,-1,1,unknown,152.0,no
20,blue-collar,single,secondary,yes,5229.0,no,no,unknown,3,-1,0,unknown,120.0,no
68,retired,married,secondary,no,1630.0,yes,yes,cellular,3,60,0,unknown,107.0,no
71,services,divorced,secondary,no,432.0,yes,no,cellular,5,-1,1,unknown,25.0,no
41,admin.,single,secondary,no,2671.0,yes,no,cellular,5,-1,1,unknown,139.0,no
69,unemployed,divorced,secondary,no,-500.0,yes,no,unknown,4,30,1,unknown,57.0,no
65,blue-collar,single,tertiary,no,119.0,yes,no,cellular,4,-1,0,success,548.0,yes
67,services,married,primary,no,2163.0,yes,no,cellular,4,-1,0,unknown,156.0,no
67,admin.,married,primary,no,1644.0,no,yes,unknown,4,-1,1,unknown,157.0,no
53,services,single,secondary,no,3288.0,no,no,cellular,4,-1,0,unknown,131.0,no
24,technician,married,secondary,no,-500.0,yes,no,telephone,4,-1,0,unknown,107.0,no
75,admin.,single,primary,no,2873.0,yes,no,cellular,5,180,3,unknown,523.0,no
55,blue-collar,married,primary,no,422.0,no,no,cellular,2,-1,1,unknown,348.0,no
73,blue-collar,married,secondary,no,-500.0,yes,no,cellular,7,90,0,unknown,129.0,no
77,admin.,married,secondary,no,-500.0,no,no,cellular,2,365,0,other,82.0,no
29,unemployed,single,primary,no,400.0,yes,no,telephone,3,-1,0,unknown,60.0,no
42,self-employed,married,secondary,no,4262.0,yes,no,cellular,4,120,2,unknown,172.0,no
29,self-employed,single,secondary,no,3144.0,no,no,cellular,3,90,1,other,445.0,no
21,technician,married,primary,no,4342.0,yes,no,cellular,3,-1,0,unknown,437.0,no
77,technician,single,secondary,no,1195.0,yes,no,unknown,3,90,0,unknown,296.0,no
75,technician,single,secondary,no,1592.0,no,no,telephone,2,-1,0,unknown,67.0,no
75,blue-collar,married,tertiary,no,-500.0,no,no,cellular,5,-1,1,unknown,146.0,no
72,blue-collar,married,tertiary,no,-500.0,yes,no,cellular,3,365,0,unknown,161.0,no
58,blue-collar,married,secondary,no,1136.0,yes,no,cellular,2,-1,1,unknown,159.0,no
50,blue-collar,married,tertiary,no,-500.0,yes,no,cellular,1,60,1,unknown,168.0,no
79,entrepreneur,single,secondary,no,-143.0,no,no,cellular,2,-1,0,other,233.0,no
52,blue-collar,married,secondary,no,1478.0,no,no,cellular,6,-1,0,failure,100.0,no
57,blue-collar,single,tertiary,no,3690.0,no,yes,cellular,5,-1,1,unknown,154.0,no
31,management,single,tertiary,no,1418.0,yes,yes,cellular,2,-1,1,unknown,67.0,no
64,blue-collar,married,secondary,no,-500.0,yes,yes,unknown,2,-1,0,failure,262.0,no
68,blue-collar,single,secondary,no,-500.0,yes,no,cellular,5,-1,0,unknown,203.0,no
60,entrepreneur,single,tertiary,no,1616.0,yes,no,cellular,7,-1,1,unknown,27.0,no
48,management,married,primary,no,268.0,no,no,cellular,3,-1,0,unknown,98.0,no
30,services,single,secondary,no,1609.0,no,no,cellular,5,90,1,success,56.0,no
20,services,divorced,secondary,no,1032.0,no,no,cellular,3,-1,0,unknown,319.0,no
56,blue-collar,married,tertiary,no,1273.0,yes,yes,unknown,3,30,0,failure,183.0,no
60,admin.,married,primary,no,3563.0,yes,no,cellular,3,60,0,success,137.0,no
65,blue-collar,married,primary,yes,3297.0,yes,no,unknown,2,-1,0,unknown,114.0,no
76,blue-collar,married,secondary,no,2064.0,no,no,cellular,8,-1,0,unknown,209.0,no
48,entrepreneur,single,secondary,no,-211.0,yes,no,cellular,6,-1,0,unknown,157.0,no
69,unemployed,married,tertiary,no,408.0,yes,no,unknown,3,-1,0,unknown,130.0,no
62,blue-collar,single,secondary,no,2774.0,no,no,cellular,3,90,0,unknown,449.0,no
35,blue-collar,married,tertiary,no,3743.0,yes,yes,telephone,3,-1,0,unknown,196.0,no
70,services,married,tertiary,no,-500.0,no,yes,cellular,1,-1,0,unknown,70.0,no
21,management,single,secondary,no,4150.0,yes,no,cellular,3,-1,0,other,187.0,no
55,admin.,married,tertiary,no,-4.0,yes,no,cellular,4,90,1,other,182.0,no
76,blue-collar,married,primary,no,2604.0,yes,yes,cellular,5,-1,0,unknown,22.0,no
58,technician,married,secondary,no,6442.0,yes,yes,telephone,3,-1,0,unknown,172.0,no
76,admin.,married,secondary,no,-500.0,yes,no,unknown,5,60,1,unknown,151.0,no
21,services,married,secondary,no,2309.0,yes,no,unknown,2,60,0,unknown,308.0,no
51,technician,married,primary,no,835.0,no,yes,cellular,2,-1,0,failure,44.0,no
66,blue-collar,single,secondary,no,2205.0,yes,no,cellular,2,120,0,unknown,49.0,no
57,services,single,secondary,no,286.0,no,no,unknown,3,-1,1,failure,56.0,no
72,blue-collar,divorced,secondary,no,-500.0,yes,no,cellular,6,-1,1,failure,229.0,no
46,blue-collar,single,secondary,no,43.0,yes,no,cellular,5,365,0,unknown,181.0,no
60,blue-collar,married,secondary,no,2025.0,no,no,cellular,5,-1,0,unknown,38.0,no
44,unemployed,married,tertiary,no,3829.0,no,no,cellular,5,90,0,unknown,64.0,no
72,blue-collar,single,primary,no,2130.0,yes,no,cellular,3,-1,0,unknown,69.0,no
25,blue-collar,married,tertiary,no,4051.0,no,yes,cellular,3,-1,1,unknown,232.0,no
33,technician,married,tertiary,no,512.0,yes,no,telephone,7,-1,0,unknown,182.0,no
23,blue-collar,married,secondary,no,365.0,no,no,cellular,2,30,0,unknown,121.0,yes
61,technician,single,secondary,no,2018.0,no,no,cellular,4,-1,0,other,137.0,yes
32,services,married,tertiary,no,725.0,yes,no,cellular,4,-1,2,failure,67.0,no
37,retired,married,tertiary,no,3421.0,yes,no,cellular,6,-1,1,unknown,286.0,yes
69,student,married,tertiary,no,-500.0,yes,no,cellular,5,90,0,unknown,145.0,no
40,services,single,tertiary,no,2953.0,no,no,telephone,4,-1,0,unknown,156.0,no
27,admin.,married,secondary,no,3574.0,no,no,cellular,4,120,1,unknown,320.0,no
19,unemployed,single,primary,no,2057.0,no,no,cellular,4,-1,2,other,300.0,no
32,technician,married,tertiary,no,3043.0,yes,yes,cellular,2,-1,0,unknown,131.0,no
74,technician,married,primary,no,231.0,yes,no,cellular,2,-1,0,other,113.0,no
52,self-employed,married,secondary,no,-97.0,no,no,unknown,3,-1,0,unknown,50.0,no
79,retired,married,secondary,no,2034.0,no,no,unknown,4,-1,0,unknown,239.0,no
31,retired,married,tertiary,no,100.0,yes,no,cellular,7,-1,2,success,198.0,yes
39,admin.,single,tertiary,no,1941.0,yes,no,cellular,4,-1,0,failure,144.0,no
28,management,married,secondary,no,1943.0,yes,no,cellular,4,-1,1,success,185.0,no
42,self-employed,divorced,primary,no,1279.0,yes,no,unknown,6,30,1,success,163.0,no
52,services,married,secondary,no,1908.0,yes,no,cellular,3,90,0,unknown,236.0,no
68,blue-collar,married,primary,no,2542.0,no,yes,cellular,4,-1,0,other,298.0,no
40,management,single,tertiary,no,1220.0,yes,no,telephone,2,-1,1,unknown,109.0,no
65,services,single,primary,no,542.0,no,yes,cellular,5,-1,1,other,62.0,no
56,management,married,tertiary,no,2881.0,no,yes,unknown,4,60,1,other,121.0,no
36,technician,married,primary,no,1892.0,no,no,unknown,4,-1,1,unknown,494.0,no
74,services,single,tertiary,no,2212.0,yes,no,unknown,3,-1,0,success,148.0,no
44,admin.,married,secondary,no,2449.0,yes,no,cellular,2,-1,0,unknown,112.0,yes
27,admin.,single,tertiary,no,1667.0,no,no,cellular,5,-1,0,unknown,173.0,no
77,services,single,secondary,no,780.0,yes,no,unknown,8,365,0,unknown,286.0,no
74,housemaid,married,tertiary,no,290.0,yes,no,cellular,4,180,0,success,88.0,no
21,technician,single,tertiary,no,1241.0,yes,no,telephone,6,-1,0,other,231.0,no
73,blue-collar,married,secondary,no,2267.0,no,no,cellular,5,365,2,other,201.0,no
76,admin.,divorced,tertiary,no,2351.0,yes,no,unknown,4,-1,0,failure,184.0,no
69,entrepreneur,divorced,secondary,no,1659.0,no,no,unknown,2,90,0,unknown,189.0,no
33,services,single,secondary,no,2034.0,yes,no,telephone,4,120,1,unknown,125.0,no
57,technician,divorced,secondary,no,-500.0,yes,yes,cellular,6,-1,0,failure,257.0,no
51,technician,single,secondary,no,564.0,yes,no,unknown,4,30,1,unknown,29.0,no
56,management,married,tertiary,no,2608.0,no,no,cellular,1,30,2,unknown,105.0,no
56,technician,married,tertiary,no,-100.0,no,no,cellular,1,180,0,unknown,126.0,no
57,admin.,married,secondary,no,1654.0,no,yes,unknown,8,-1,1,unknown,213.0,no
49,retired,married,tertiary,no,1493.0,no,no,unknown,4,-1,0,failure,163.0,no
60,technician,single,primary,no,1195.0,yes,no,unknown,1,-1,0,unknown,95.0,no
50,entrepreneur,married,secondary,no,2622.0,no,no,telephone,2,-1,1,unknown,433.0,no
19,technician,single,tertiary,no,1809.0,no,no,cellular,3,365,1,failure,130.0,no
20,blue-collar,married,primary,no,-500.0,yes,yes,unknown,3,-1,1,unknown,450.0,no
77,admin.,married,secondary,no,2329.0,no,no,cellular,3,-1,0,unknown,53.0,no
74,retired,married,primary,no,487.0,no,no,cellular,5,-1,0,unknown,108.0,no
54,technician,divorced,primary,no,-500.0,no,no,cellular,1,120,2,failure,160.0,no
28,blue-collar,married,primary,no,2736.0,yes,no,telephone,3,365,1,unknown,185.0,no
66,technician,married,primary,no,-500.0,yes,no,cellular,5,-1,1,unknown,65.0,no
26,blue-collar,married,secondary,no,762.0,no,no,cellular,2,365,1,unknown,214.0,no
41,services,divorced,tertiary,no,1928.0,no,no,telephone,3,-1,2,unknown,299.0,no
38,retired,married,primary,no,1268.0,yes,no,unknown,6,90,0,unknown,46.0,no
18,blue-collar,single,tertiary,no,276.0,yes,no,cellular,2,120,0,unknown,141.0,no
68,services,married,secondary,no,-389.0,no,no,unknown,2,-1,1,success,438.0,no
49,services,married,secondary,no,32.0,yes,no,cellular,5,-1,1,unknown,198.0,no
37,management,single,secondary,no,-500.0,no,yes,unknown,3,-1,1,success,1000.0,yes
49,blue-collar,single,secondary,no,1172.0,no,no,cellular,4,-1,0,unknown,163.0,no
18,blue-collar,single,tertiary,no,418.0,yes,no,cellular,5,30,0,unknown,141.0,no
45,technician,married,tertiary,no,-500.0,no,no,cellular,6,180,5,unknown,59.0,no
50,services,divorced,secondary,no,879.0,yes,no,cellular,7,-1,2,success,322.0,no
39,technician,married,primary,no,242.0,no,no,telephone,2,-1,1,other,7.0,no
69,services,divorced,secondary,no,1883.0,no,no,unknown,2,-1,1,unknown,47.0,no
33,technician,married,secondary,no,2052.0,no,no,cellular,5,-1,0,failure,317.0,no
26,blue-collar,married,primary,no,3816.0,no,no,unknown,3,-1,0,unknown,389.0,no
50,management,married,secondary,no,2566.0,yes,no,cellular,2,-1,2,unknown,305.0,no
73,services,single,secondary,no,-500.0,no,no,telephone,1,30,1,unknown,105.0,no
41,admin.,single,tertiary,no,-500.0,yes,no,cellular,4,-1,0,other,123.0,no
20,blue-collar,married,primary,no,-500.0,yes,no,unknown,3,30,1,other,377.0,yes
78,services,married,secondary,no,495.0,yes,no,cellular,1,-1,1,unknown,392.0,no
45,technician,married,secondary,no,-500.0,yes,no,unknown,5,-1,0,success,149.0,no
28,services,married,tertiary,no,291.0,no,no,cellular,6,-1,0,unknown,12.0,no
56,admin.,single,secondary,no,1458.0,yes,no,cellular,1,-1,0,unknown,136.0,no
37,technician,married,secondary,no,386.0,yes,yes,telephone,3,365,0,failure,80.0,no
76,blue-collar,married,primary,no,1902.0,no,no,unknown,2,-1,1,failure,280.0,no
36,blue-collar,married,tertiary,no,305.0,no,yes,cellular,3,-1,1,success,47.0,no
52,technician,married,secondary,no,28.0,no,no,unknown,1,-1,0,success,29.0,no
51,student,divorced,tertiary,no,4474.0,yes,no,cellular,3,-1,1,other,88.0,no
33,technician,married,secondary,no,1341.0,yes,no,cellular,6,-1,0,unknown,27.0,no
48,technician,divorced,tertiary,no,1602.0,no,no,cellular,3,-1,1,unknown,419.0,no
24,services,single,tertiary,no,2920.0,yes,yes,cellular,5,-1,3,unknown,155.0,no
57,blue-collar,married,secondary,no,2979.0,yes,no,cellular,3,-1,0,other,293.0,no
65,blue-collar,married,secondary,no,741.0,yes,no,unknown,2,-1,2,unknown,194.0,no
76,technician,single,tertiary,no,3283.0,no,no,cellular,1,-1,0,unknown,153.0,no
38,technician,single,tertiary,no,592.0,no,no,unknown,3,365,1,unknown,268.0,no
35,blue-collar,married,tertiary,no,3229.0,yes,yes,cellular,4,60,0,unknown,348.0,no
52,entrepreneur,divorced,secondary,no,-500.0,yes,no,cellular,4,-1,1,other,320.0,no
60,blue-collar,married,tertiary,no,848.0,yes,no,cellular,1,-1,0,success,356.0,yes
79,blue-collar,married,primary,no,1801.0,yes,no,cellular,2,60,0,unknown,42.0,no
19,technician,married,secondary,no,2049.0,no,no,unknown,8,-1,2,unknown,541.0,no
32,admin.,single,secondary,no,-118.0,yes,no,cellular,3,-1,0,success,92.0,no
34,management,married,primary,no,-500.0,no,yes,unknown,4,-1,0,other,157.0,no
33,technician,married,secondary,no,2229.0,yes,no,cellular,5,-1,0,unknown,120.0,no
46,retired,married,primary,no,1028.0,no,no,cellular,3,-1,0,other,147.0,no
72,management,married,primary,no,697.0,no,yes,cellular,2,-1,2,success,345.0,no
19,blue-collar,married,tertiary,no,4378.0,no,yes,cellular,2,60,0,failure,403.0,no
68,admin.,single,tertiary,no,873.0,yes,no,cellular,3,180,1,unknown,474.0,no
56,blue-collar,married,tertiary,no,470.0,yes,no,cellular,6,-1,0,failure,278.0,no
56,admin.,divorced,tertiary,no,-500.0,yes,no,cellular,3,-1,1,unknown,149.0,no
60,blue-collar,single,tertiary,no,-500.0,yes,no,cellular,3,30,0,unknown,65.0,no
25,blue-collar,single,tertiary,no,2976.0,yes,no,cellular,7,-1,0,success,157.0,no
64,blue-collar,divorced,secondary,no,94.0,yes,no,cellular,3,-1,1,success,205.0,no
33,admin.,married,secondary,no,2531.0,no,no,telephone,3,-1,0,unknown,185.0,no
50,technician,married,tertiary,no,-500.0,no,no,cellular,5,-1,1,unknown,84.0,no
59,blue-collar,married,secondary,no,-165.0,no,no,unknown,3,-1,1,failure,279.0,no
55,entrepreneur,married,tertiary,no,-210.0,no,no,telephone,2,30,1,unknown,208.0,no
38,technician,married,secondary,no,2258.0,yes,no,unknown,2,-1,0,failure,247.0,no
42,admin.,single,secondary,no,1019.0,no,no,cellular,8,-1,1,success,294.0,no
47,management,single,secondary,no,-500.0,yes,no,telephone,6,90,0,failure,83.0,no
20,technician,married,tertiary,no,2686.0,yes,yes,telephone,2,-1,2,unknown,77.0,no
63,retired,single,secondary,no,2290.0,yes,no,unknown,2,-1,0,unknown,66.0,no
24,blue-collar,married,secondary,no,2013.0,no,yes,telephone,3,-1,0,other,277.0,yes
46,services,married,secondary,no,1931.0,no,no,cellular,5,-1,0,unknown,404.0,no
58,services,married,secondary,no,-137.0,no,no,cellular,5,120,1,failure,293.0,no
22,blue-collar,married,secondary,no,3665.0,yes,no,telephone,1,-1,0,unknown,239.0,no
79,admin.,married,secondary,no,1218.0,no,no,unknown,6,-1,0,failure,103.0,no
41,admin.,married,secondary,no,1882.0,yes,no,cellular,3,-1,0,unknown,115.0,no
18,technician,married,tertiary,no,2089.0,yes,yes,cellular,2,-1,1,unknown,63.0,no
58,blue-collar,married,secondary,no,-301.0,yes,no,unknown,5,-1,0,success,146.0,no
52,blue-collar,single,tertiary,no,4814.0,no,yes,cellular,6,-1,0,unknown,372.0,yes
57,retired,married,tertiary,no,1351.0,no,no,cellular,3,-1,1,unknown,285.0,no
64,technician,single,tertiary,no,1460.0,yes,no,telephone,2,-1,0,unknown,51.0,no
47,admin.,single,tertiary,no,657.0,yes,no,cellular,2,-1,0,unknown,81.0,no
69,admin.,married,secondary,no,3470.0,no,no,cellular,3,-1,0,unknown,103.0,no
40,housemaid,married,secondary,no,3546.0,yes,no,cellular,2,-1,2,unknown,196.0,no
51,services,divorced,secondary,no,1685.0,no,no,cellular,3,-1,0,unknown,406.0,no
27,management,married,secondary,no,-500.0,yes,yes,unknown,4,-1,2,unknown,406.0,no
56,technician,married,secondary,no,1104.0,yes,no,unknown,3,-1,3,unknown,151.0,yes
34,admin.,single,primary,no,1283.0,yes,no,cellular,4,-1,0,failure,100.0,no
61,blue-collar,single,tertiary,no,587.0,yes,yes,cellular,2,-1,0,unknown,133.0,no
67,blue-collar,single,primary,no,-370.0,no,no,telephone,4,-1,0,unknown,584.0,yes
71,blue-collar,single,secondary,no,-500.0,yes,no,unknown,3,-1,0,unknown,391.0,no
75,management,married,primary,no,4048.0,yes,yes,unknown,3,60,0,unknown,144.0,no
25,technician,single,primary,no,2735.0,no,no,cellular,2,-1,0,failure,386.0,no
26,blue-collar,married,secondary,no,1462.0,yes,no,telephone,2,-1,0,unknown,103.0,no
75,services,single,tertiary,no,230.0,no,no,cellular,3,30,0,other,154.0,no
41,blue-collar,married,secondary,no,2048.0,yes,no,telephone,4,30,1,other,210.0,no
19,retired,married,tertiary,yes,1767.0,no,no,cellular,4,-1,1,unknown,229.0,no
35,entrepreneur,married,primary,no,678.0,no,no,unknown,3,-1,1,other,132.0,no
69,retired,single,secondary,no,2101.0,no,no,telephone,4,-1,1,unknown,45.0,no
40,admin.,married,primary,no,2322.0,no,no,cellular,2,-1,1,unknown,317.0,no
22,technician,single,secondary,no,2637.0,yes,no,cellular,6,-1,0,unknown,128.0,no
62,technician,married,primary,no,-199.0,yes,no,cellular,2,-1,2,unknown,191.0,no
30,technician,married,primary,no,2176.0,no,no,unknown,4,-1,0,unknown,161.0,no
39,technician,married,tertiary,no,3520.0,no,no,cellular,3,-1,1,unknown,283.0,no
18,blue-collar,married,secondary,no,1933.0,yes,no,cellular,1,-1,1,unknown,492.0,yes
55,management,single,secondary,no,5375.0,yes,no,unknown,2,-1,0,unknown,58.0,no
45,blue-collar,divorced,tertiary,no,1075.0,yes,no,unknown,5,-1,0,unknown,133.0,no
71,technician,single,tertiary,no,-500.0,yes,no,cellular,1,-1,0,unknown,178.0,no
38,blue-collar,married,secondary,no,-128.0,no,no,unknown,6,-1,1,failure,137.0,no
30,blue-collar,married,secondary,no,195.0,no,no,cellular,5,60,1,unknown,176.0,no
28,services,divorced,secondary,no,2405.0,no,no,cellular,5,-1,0,unknown,70.0,no
30,admin.,single,tertiary,no,2897.0,yes,yes,unknown,2,-1,1,failure,234.0,no
45,services,single,secondary,no,1645.0,no,no,cellular,5,-1,0,unknown,589.0,no
23,blue-collar,married,primary,no,1927.0,no,no,unknown,5,90,0,unknown,111.0,no
42,services,single,secondary,no,4847.0,yes,no,unknown,3,-1,1,other,217.0,no
70,technician,married,secondary,no,-96.0,no,no,cellular,3,-1,0,unknown,368.0,no
65,self-employed,single,secondary,no,1269.0,no,no,unknown,3,120,2,unknown,219.0,yes
57,blue-collar,divorced,secondary,no,586.0,no,no,unknown,5,30,1,unknown,472.0,no
73,admin.,divorced,tertiary,no,-500.0,no,no,cellular,2,-1,0,other,198.0,yes
66,admin.,married,secondary,no,-500.0,yes,no,cellular,5,60,0,other,104.0,no
58,admin.,single,secondary,no,3734.0,yes,no,unknown,6,-1,0,unknown,106.0,no
71,retired,married,primary,no,24.0,no,no,cellular,3,180,1,unknown,211.0,no
25,blue-collar,married,secondary,no,949.0,no,no,cellular,3,30,0,failure,188.0,no
68,blue-collar,single,secondary,no,2175.0,yes,yes,cellular,5,-1,1,success,475.0,no
36,blue-collar,married,tertiary,no,-500.0,yes,no,cellular,2,60,0,other,151.0,no
63,technician,married,tertiary,no,-102.0,no,no,cellular,1,-1,0,unknown,93.0,no
74,blue-collar,single,primary,no,1361.0,yes,no,cellular,2,90,0,failure,244.0,no
48,blue-collar,single,tertiary,no,611.0,yes,no,telephone,4,-1,0,unknown,158.0,no
23,management,married,tertiary,no,-500.0,no,no,unknown,5,-1,1,unknown,150.0,no
40,admin.,married,secondary,no,2493.0,yes,no,cellular,4,-1,2,unknown,44.0,no
43,technician,single,tertiary,no,564.0,yes,no,unknown,4,-1,3,success,265.0,no
76,admin.,married,tertiary,no,1646.0,no,no,cellular,2,-1,0,unknown,98.0,no
76,services,married,tertiary,no,1502.0,yes,no,unknown,4,-1,0,unknown,179.0,no
53,self-employed,married,secondary,no,3145.0,yes,no,cellular,4,-1,0,failure,167.0,no
76,technician,single,secondary,no,2036.0,no,yes,cellular,3,90,2,unknown,139.0,no
45,services,married,tertiary,no,-153.0,yes,no,cellular,2,-1,0,other,335.0,yes
43,student,married,secondary,no,3492.0,no,yes,telephone,6,30,0,unknown,80.0,no
69,housemaid,divorced,tertiary,no,548.0,no,yes,cellular,4,120,0,unknown,318.0,no
59,management,single,primary,no,-65.0,yes,no,cellular,8,-1,0,unknown,255.0,no
50,services,single,secondary,no,-332.0,yes,yes,cellular,3,90,1,unknown,306.0,no
46,retired,single,tertiary,no,-500.0,no,no,unknown,5,-1,2,unknown,80.0,no
61,management,divorced,secondary,no,305.0,yes,no,telephone,3,-1,3,failure,68.0,no
64,blue-collar,married,secondary,no,2114.0,no,no,cellular,3,90,0,unknown,93.0,no
48,blue-collar,married,tertiary,no,-500.0,no,no,cellular,2,-1,1,unknown,219.0,no
19,blue-collar,single,tertiary,no,4475.0,no,no,cellular,2,-1,0,success,135.0,no
24,admin.,divorced,secondary,no,-500.0,yes,no,cellular,4,-1,1,unknown,130.0,no
26,housemaid,single,secondary,no,-10.0,no,no,cellular,4,180,1,success,237.0,no
46,admin.,married,secondary,no,-500.0,no,no,cellular,3,-1,2,success,316.0,yes
56,retired,divorced,secondary,yes,3053.0,yes,yes,unknown,4,-1,3,failure,133.0,no
67,services,single,tertiary,no,2574.0,yes,no,cellular,3,30,0,failure,478.0,yes
32,retired,married,secondary,no,921.0,no,no,unknown,4,-1,1,unknown,439.0,no
66,services,divorced,secondary,yes,-500.0,yes,no,telephone,2,-1,0,unknown,95.0,no
59,admin.,single,primary,no,-500.0,no,yes,cellular,3,30,0,unknown,112.0,no
21,admin.,single,secondary,no,1850.0,no,no,cellular,5,180,2,unknown,232.0,no
39,services,divorced,secondary,no,183.0,yes,no,cellular,3,120,1,unknown,75.0,no
36,technician,married,secondary,no,388.0,no,no,cellular,5,30,0,unknown,51.0,no
72,services,single,tertiary,no,1267.0,yes,yes,unknown,4,-1,1,unknown,381.0,no
75,services,married,tertiary,no,657.0,yes,no,unknown,4,-1,2,other,212.0,no
68,services,single,secondary,no,-500.0,yes,no,unknown,3,-1,0,unknown,375.0,no
50,services,single,tertiary,no,-500.0,no,no,cellular,4,60,0,unknown,198.0,no
48,services,single,secondary,no,-500.0,no,no,cellular,5,-1,1,unknown,148.0,no
37,services,single,secondary,no,90.0,no,no,unknown,6,-1,2,unknown,256.0,no
65,admin.,single,secondary,no,1562.0,no,no,cellular,3,-1,3,unknown,120.0,no
23,admin.,married,secondary,no,1488.0,yes,no,cellular,3,-1,0,other,231.0,yes
34,blue-collar,married,secondary,no,3536.0,no,no,cellular,4,-1,0,unknown,497.0,yes
26,retired,married,tertiary,no,-500.0,no,yes,cellular,2,-1,0,unknown,465.0,yes
48,student,single,secondary,no,1952.0,no,no,cellular,5,60,0,unknown,252.0,no
36,blue-collar,single,primary,no,-16.0,yes,no,cellular,2,-1,1,unknown,256.0,no
30,blue-collar,single,secondary,no,4956.0,no,no,cellular,1,-1,2,unknown,76.0,no
41,student,married,tertiary,no,1209.0,yes,no,cellular,3,-1,0,unknown,234.0,no
71,blue-collar,single,primary,yes,389.0,no,yes,cellular,6,60,0,unknown,339.0,no
52,technician,married,tertiary,no,1894.0,yes,no,cellular,5,365,0,unknown,386.0,no
69,blue-collar,divorced,tertiary,no,1755.0,yes,no,cellular,5,-1,0,unknown,222.0,no
74,blue-collar,single,secondary,no,716.0,yes,yes,cellular,2,-1,0,other,190.0,no
73,entrepreneur,married,secondary,no,2469.0,yes,no,telephone,3,-1,1,unknown,29.0,no
39,blue-collar,single,primary,no,4119.0,yes,no,cellular,4,-1,1,unknown,118.0,no
72,admin.,married,primary,no,3053.0,no,no,cellular,5,-1,0,unknown,186.0,no
74,blue-collar,married,secondary,no,1132.0,no,no,telephone,7,-1,2,unknown,98.0,no
77,blue-collar,single,tertiary,no,4598.0,yes,no,cellular,5,180,0,unknown,25.0,no
39,blue-collar,single,tertiary,no,2268.0,yes,no,cellular,1,-1,1,other,437.0,yes
32,technician,married,primary,no,-500.0,yes,no,cellular,2,30,1,unknown,90.0,no
54,admin.,married,secondary,no,1499.0,no,no,cellular,2,-1,0,unknown,239.0,yes
75,entrepreneur,married,secondary,no,1010.0,yes,no,cellular,4,-1,1,unknown,93.0,no
73,admin.,married,secondary,no,425.0,yes,no,unknown,6,60,2,unknown,72.0,no
53,technician,married,secondary,no,1966.0,no,no,cellular,4,90,0,unknown,49.0,no
27,technician,married,tertiary,no,-500.0,no,no,cellular,3,-1,4,unknown,124.0,no
44,unemployed,divorced,secondary,no,4286.0,no,no,telephone,4,-1,1,unknown,472.0,no
62,technician,married,primary,no,2501.0,no,no,unknown,4,-1,1,success,284.0,no
52,blue-collar,married,secondary,no,-500.0,no,no,cellular,3,60,1,success,136.0,no
39,services,married,primary,no,2480.0,no,no,cellular,1,-1,0,unknown,197.0,no
39,blue-collar,married,tertiary,no,2198.0,yes,no,cellular,3,-1,0,unknown,193.0,no
21,technician,single,tertiary,no,4038.0,no,no,cellular,1,90,0,unknown,402.0,yes
35,housemaid,married,primary,no,4503.0,yes,yes,cellular,3,30,0,unknown,134.0,no
59,entrepreneur,married,secondary,no,4807.0,no,no,cellular,3,-1,0,failure,184.0,no
32,technician,divorced,tertiary,no,900.0,yes,no,cellular,3,-1,1,unknown,86.0,no
79,technician,single,secondary,no,2373.0,no,no,cellular,4,30,0,unknown,226.0,no
23,technician,married,secondary,no,535.0,no,no,telephone,1,30,0,unknown,312.0,no
54,admin.,married,tertiary,no,3161.0,yes,no,telephone,6,-1,1,unknown,376.0,no
48,blue-collar,single,secondary,no,-500.0,no,no,unknown,5,-1,0,other,395.0,no
69,blue-collar,single,secondary,no,-500.0,no,no,telephone,3,120,0,unknown,106.0,no
73,housemaid,divorced,primary,no,619.0,no,no,unknown,6,-1,0,unknown,296.0,no
51,management,married,secondary,no,1292.0,yes,no,cellular,7,-1,0,success,179.0,no
57,blue-collar,single,tertiary,no,1694.0,yes,no,unknown,3,-1,1,unknown,301.0,no
61,technician,married,tertiary,no,3694.0,no,no,unknown,5,90,0,unknown,132.0,no
50,blue-collar,married,secondary,no,230.0,yes,no,cellular,6,-1,1,unknown,392.0,no
29,services,single,primary,no,-500.0,no,no,cellular,2,-1,0,success,478.0,no
44,technician,single,tertiary,no,702.0,yes,no,unknown,2,30,0,unknown,51.0,no
32,self-employed,married,secondary,no,309.0,yes,no,cellular,2,-1,0,unknown,136.0,no
46,blue-collar,married,secondary,no,2396.0,no,no,cellular,4,30,0,other,40.0,no
56,blue-collar,single,secondary,no,4145.0,yes,no,unknown,2,-1,0,unknown,226.0,no
30,blue-collar,married,secondary,no,3983.0,yes,no,cellular,2,-1,5,success,128.0,no
33,services,married,secondary,yes,3361.0,yes,yes,cellular,4,30,1,unknown,354.0,no
69,management,married,secondary,no,375.0,yes,no,unknown,1,-1,0,unknown,263.0,no
41,admin.,married,secondary,no,1109.0,yes,no,cellular,5,120,0,failure,314.0,no
30,unemployed,single,secondary,no,2164.0,yes,no,cellular,3,-1,1,unknown,87.0,no
62,services,married,tertiary,no,13.0,no,no,cellular,3,-1,0,success,295.0,no
62,technician,married,secondary,no,181.0,yes,no,cellular,3,30,1,success,204.0,no
69,management,single,tertiary,no,2074.0,no,yes,unknown,2,-1,0,success,109.0,no
65,technician,married,primary,no,-500.0,yes,no,unknown,2,365,1,other,266.0,no
79,blue-collar,single,primary,no,3367.0,yes,no,cellular,1,-1,1,unknown,179.0,no
53,blue-collar,married,secondary,no,677.0,no,no,cellular,2,-1,0,unknown,313.0,no
35,technician,single,primary,no,2373.0,yes,no,telephone,1,-1,1,unknown,56.0,no
71,technician,single,secondary,no,1772.0,yes,no,cellular,2,-1,1,unknown,149.0,no
34,management,single,secondary,no,3658.0,yes,no,telephone,4,-1,2,other,99.0,no
36,blue-collar,married,primary,no,-500.0,no,no,unknown,5,-1,1,unknown,80.0,no
69,blue-collar,single,secondary,no,3669.0,yes,no,cellular,5,120,1,unknown,464.0,no
72,student,single,secondary,no,3629.0,no,no,cellular,8,-1,0,unknown,111.0,no
39,technician,married,tertiary,no,1906.0,yes,no,cellular,2,-1,1,unknown,48.0,no
63,blue-collar,married,secondary,no,2338.0,no,no,cellular,3,-1,0,other,208.0,no
75,admin.,married,tertiary,no,2473.0,no,no,cellular,4,-1,1,failure,210.0,no
67,services,married,secondary,no,-222.0,yes,no,cellular,2,180,2,failure,117.0,no
18,services,married,secondary,no,1497.0,no,no,cellular,1,-1,0,unknown,43.0,no
59,housemaid,divorced,secondary,no,3002.0,no,no,cellular,1,120,1,unknown,273.0,no
28,retired,divorced,tertiary,no,-500.0,yes,no,telephone,4,90,0,unknown,20.0,no
70,unemployed,married,secondary,no,2248.0,no,no,cellular,3,-1,0,unknown,107.0,no
22,blue-collar,divorced,tertiary,no,1557.0,no,no,cellular,3,180,1,unknown,173.0,no
79,retired,single,tertiary,no,2529.0,yes,no,unknown,6,-1,1,unknown,498.0,no
28,self-employed,married,secondary,no,-500.0,no,no,cellular,5,90,0,unknown,18.0,no
44,retired,divorced,secondary,no,61.0,no,no,cellular,2,-1,0,unknown,245.0,no
32,technician,single,secondary,no,-500.0,no,no,cellular,3,120,2,unknown,35.0,no
68,self-employed,married,primary,no,-500.0,yes,no,cellular,5,120,2,unknown,87.0,no
42,management,married,tertiary,no,2896.0,yes,no,unknown,4,-1,0,unknown,324.0,no
64,blue-collar,married,tertiary,no,340.0,yes,no,cellular,3,-1,2,unknown,44.0,no
22,services,divorced,primary,no,208.0,yes,no,cellular,1,365,1,unknown,316.0,no
46,blue-collar,married,primary,no,3363.0,no,no,cellular,2,-1,2,failure,138.0,no
74,admin.,married,secondary,no,782.0,yes,no,cellular,3,-1,0,unknown,125.0,no
75,management,married,tertiary,no,3135.0,yes,no,cellular,3,-1,1,unknown,196.0,no
30,retired,married,secondary,no,-489.0,yes,no,cellular,5,-1,0,unknown,165.0,no
42,unemployed,married,secondary,no,777.0,yes,no,cellular,4,-1,1,unknown,80.0,no
43,services,divorced,primary,no,-230.0,no,yes,cellular,2,60,0,unknown,234.0,no
53,technician,married,tertiary,no,2386.0,no,no,cellular,3,365,0,unknown,229.0,no
51,blue-collar,divorced,secondary,no,1028.0,yes,no,cellular,3,-1,0,unknown,77.0,no
24,management,married,secondary,no,2716.0,no,no,cellular,4,-1,1,unknown,75.0,no
65,technician,married,tertiary,no,1675.0,no,no,cellular,6,-1,0,other,438.0,no
31,housemaid,married,tertiary,no,-500.0,yes,no,cellular,2,60,0,unknown,153.0,no
37,technician,married,secondary,no,925.0,yes,no,unknown,4,-1,0,other,480.0,no
70,retired,single,tertiary,no,-500.0,yes,yes,unknown,4,-1,0,unknown,500.0,no
60,blue-collar,single,primary,no,2024.0,yes,no,unknown,5,-1,1,unknown,449.0,yes
42,retired,married,primary,no,2399.0,yes,no,cellular,3,90,0,unknown,459.0,yes
74,blue-collar,divorced,primary,no,2586.0,yes,yes,cellular,4,90,1,unknown,302.0,no
42,admin.,single,secondary,no,1179.0,yes,no,cellular,2,120,0,success,215.0,no
53,blue-collar,married,tertiary,no,-500.0,no,no,unknown,5,30,0,unknown,124.0,no
33,blue-collar,single,secondary,no,1777.0,no,no,unknown,5,-1,1,other,99.0,no
29,entrepreneur,single,secondary,no,2133.0,yes,no,cellular,3,-1,0,unknown,224.0,no
48,technician,single,tertiary,no,1071.0,yes,yes,unknown,3,120,1,unknown,37.0,no
52,entrepreneur,married,secondary,no,1554.0,no,no,cellular,3,-1,1,unknown,338.0,no
67,technician,married,primary,no,-500.0,yes,no,cellular,5,-1,1,unknown,142.0,no
42,retired,married,secondary,no,1519.0,no,yes,unknown,2,120,1,unknown,102.0,no
73,admin.,married,tertiary,no,1205.0,yes,no,unknown,5,-1,0,unknown,130.0,no
55,blue-collar,married,secondary,no,-500.0,no,no,telephone,5,-1,0,failure,120.0,no
22,technician,single,tertiary,no,2351.0,yes,no,cellular,7,-1,1,unknown,28.0,no
63,self-employed,married,tertiary,no,510.0,yes,no,cellular,3,-1,0,unknown,125.0,no
53,technician,married,tertiary,no,1812.0,yes,no,cellular,2,30,0,unknown,138.0,no
42,blue-collar,married,tertiary,no,2278.0,yes,yes,cellular,3,90,0,success,197.0,no
46,services,married,secondary,no,1992.0,no,no,cellular,2,-1,0,unknown,505.0,no
36,student,married,tertiary,no,-500.0,no,no,cellular,6,-1,0,failure,186.0,no
56,technician,single,secondary,no,709.0,yes,no,cellular,3,180,2,unknown,167.0,no
53,admin.,divorced,secondary,no,5233.0,yes,no,unknown,1,-1,0,unknown,302.0,no
45,technician,married,secondary,no,3912.0,yes,no,cellular,3,30,0,unknown,79.0,no
35,entrepreneur,single,tertiary,no,2902.0,yes,no,cellular,2,120,1,unknown,105.0,no
42,technician,divorced,secondary,no,1894.0,no,no,cellular,4,-1,0,unknown,97.0,yes
48,retired,single,tertiary,no,-378.0,yes,no,unknown,6,-1,0,other,293.0,no
47,retired,divorced,tertiary,no,1108.0,no,no,cellular,3,30,0,success,129.0,no
37,blue-collar,married,secondary,no,640.0,yes,no,telephone,7,-1,1,unknown,94.0,no
54,technician,married,secondary,no,1248.0,yes,no,telephone,3,-1,0,other,407.0,yes
32,blue-collar,single,secondary,no,-500.0,yes,no,cellular,4,-1,0,unknown,199.0,no
49,management,married,secondary,no,3118.0,no,no,telephone,2,30,0,unknown,142.0,no
25,retired,married,secondary,no,-500.0,yes,no,cellular,1,365,0,unknown,149.0,no
47,services,married,secondary,no,2943.0,yes,no,telephone,7,-1,0,unknown,82.0,no
66,management,married,secondary,no,2977.0,yes,no,unknown,2,-1,1,failure,100.0,no
68,services,married,secondary,no,5588.0,no,yes,cellular,4,-1,0,unknown,153.0,no
61,management,married,secondary,no,950.0,no,no,cellular,5,30,1,unknown,174.0,no
64,services,divorced,primary,no,464.0,yes,no,unknown,3,60,0,unknown,148.0,no
22,services,married,secondary,yes,1617.0,yes,no,unknown,4,180,1,success,165.0,no
39,services,single,tertiary,no,2408.0,no,no,cellular,2,-1,2,unknown,453.0,no
58,technician,married,secondary,no,1238.0,no,no,cellular,1,-1,0,unknown,164.0,no
67,retired,married,primary,no,-500.0,no,yes,cellular,5,-1,0,unknown,245.0,no
54,blue-collar,divorced,secondary,no,2405.0,yes,no,cellular,3,-1,0,failure,133.0,no
70,services,married,tertiary,no,1399.0,yes,no,cellular,2,180,0,unknown,223.0,no
34,admin.,married,tertiary,no,-415.0,no,no,telephone,2,-1,0,unknown,444.0,no
27,blue-collar,single,secondary,no,-500.0,no,no,cellular,5,365,1,unknown,166.0,no
23,technician,married,secondary,no,5844.0,no,no,unknown,4,-1,1,unknown,105.0,no
54,management,married,tertiary,no,2898.0,no,no,telephone,5,-1,0,unknown,185.0,no
59,management,divorced,tertiary,no,2407.0,yes,no,cellular,2,-1,0,unknown,18.0,no
35,unemployed,married,secondary,no,1193.0,yes,no,cellular,3,-1,0,unknown,285.0,no
66,blue-collar,single,tertiary,no,2642.0,yes,no,cellular,4,-1,0,unknown,103.0,no
63,admin.,married,primary,no,-494.0,yes,no,cellular,4,30,2,unknown,307.0,no
40,admin.,married,secondary,no,1759.0,yes,no,cellular,4,-1,1,unknown,326.0,no
32,blue-collar,married,tertiary,no,1837.0,yes,no,unknown,4,-1,0,success,406.0,no
64,services,single,secondary,no,-450.0,no,no,cellular,5,-1,0,unknown,323.0,no
59,student,married,secondary,no,1212.0,yes,no,cellular,1,-1,1,unknown,563.0,no
28,retired,divorced,secondary,no,657.0,yes,no,cellular,1,-1,0,unknown,423.0,no
33,blue-collar,single,tertiary,no,25.0,yes,no,cellular,3,90,1,unknown,123.0,no
48,retired,married,primary,no,430.0,yes,yes,cellular,2,-1,2,unknown,184.0,no
49,admin.,married,tertiary,no,-500.0,no,no,unknown,2,30,2,unknown,183.0,yes
28,services,single,secondary,no,3313.0,no,no,cellular,3,-1,1,unknown,220.0,no
76,self-employed,single,tertiary,no,4212.0,yes,yes,cellular,4,-1,0,unknown,310.0,no
42,admin.,married,tertiary,no,-267.0,no,no,cellular,3,-1,1,unknown,181.0,no
41,technician,single,tertiary,no,3398.0,no,no,cellular,1,-1,1,unknown,155.0,no
21,student,married,tertiary,no,1342.0,yes,no,unknown,4,-1,0,failure,115.0,yes
72,blue-collar,divorced,tertiary,no,1382.0,yes,no,unknown,5,30,0,unknown,97.0,no
32,services,divorced,tertiary,no,-500.0,yes,no,cellular,2,-1,0,failure,214.0,no
79,self-employed,married,secondary,no,396.0,yes,no,unknown,6,-1,0,unknown,35.0,no
48,blue-collar,married,secondary,no,2359.0,no,no,cellular,4,-1,0,unknown,145.0,no
72,blue-collar,married,primary,no,-356.0,yes,no,unknown,3,120,0,unknown,192.0,no
29,services,married,secondary,no,65.0,yes,no,unknown,4,30,2,unknown,104.0,no
28,technician,single,secondary,no,485.0,no,no,cellular,2,90,0,unknown,78.0,no
67,retired,married,primary,no,-500.0,yes,no,cellular,2,-1,0,unknown,86.0,no
68,retired,single,tertiary,no,1991.0,no,no,telephone,5,120,1,unknown,101.0,no
51,services,divorced,secondary,no,2547.0,yes,no,unknown,2,-1,0,unknown,97.0,no
19,management,divorced,primary,no,2056.0,yes,no,cellular,3,-1,0,failure,144.0,no
76,admin.,married,secondary,no,3097.0,yes,no,telephone,3,120,0,unknown,200.0,no
42,entrepreneur,divorced,primary,no,601.0,yes,no,cellular,3,-1,0,failure,207.0,no
76,technician,married,secondary,yes,4660.0,yes,no,cellular,7,365,1,failure,224.0,no
71,technician,married,secondary,no,-121.0,yes,no,unknown,2,90,0,unknown,143.0,no
70,technician,married,secondary,no,996.0,yes,yes,cellular,3,-1,0,unknown,156.0,no
60,blue-collar,single,tertiary,no,818.0,no,yes,unknown,2,30,2,unknown,331.0,no
59,management,married,secondary,no,1735.0,yes,no,cellular,3,90,1,unknown,487.0,no
51,retired,married,tertiary,no,969.0,yes,yes,unknown,2,-1,0,unknown,472.0,no
19,blue-collar,married,tertiary,no,1215.0,yes,no,cellular,5,-1,1,unknown,114.0,no
42,blue-collar,divorced,primary,no,179.0,no,no,cellular,2,30,0,unknown,277.0,no
63,technician,married,primary,no,611.0,yes,no,cellular,4,-1,1,success,68.0,no
68,services,single,tertiary,no,-500.0,yes,no,cellular,4,30,1,unknown,100.0,no
52,services,single,tertiary,no,2844.0,yes,no,telephone,4,30,0,unknown,185.0,no
61,blue-collar,married,secondary,no,-440.0,no,yes,cellular,4,90,0,unknown,51.0,no
19,management,married,secondary,no,517.0,yes,no,unknown,2,60,0,unknown,21.0,no
47,admin.,married,secondary,no,-500.0,yes,no,unknown,5,-1,1,unknown,146.0,no
49,blue-collar,married,primary,no,2425.0,no,no,cellular,4,-1,1,unknown,147.0,no
73,retired,divorced,secondary,no,422.0,yes,no,unknown,1,180,0,unknown,303.0,no
37,blue-collar,married,tertiary,no,-500.0,yes,no,unknown,3,365,0,success,239.0,no
32,technician,single,secondary,no,1905.0,no,yes,cellular,3,-1,3,unknown,261.0,no
39,management,single,secondary,no,55.0,yes,no,cellular,3,-1,1,unknown,312.0,no
28,admin.,divorced,primary,no,1358.0,no,yes,cellular,3,-1,1,unknown,81.0,no
52,admin.,married,primary,no,2898.0,no,no,unknown,7,-1,0,unknown,263.0,no
57,services,divorced,secondary,no,-378.0,yes,no,unknown,4,-1,0,unknown,198.0,no
67,blue-collar,single,secondary,no,1308.0,no,no,telephone,3,90,1,unknown,193.0,no
78,blue-collar,married,tertiary,no,11.0,yes,no,cellular,4,-1,0,unknown,219.0,no
22,housemaid,single,tertiary,no,3176.0,yes,no,cellular,2,120,1,unknown,73.0,no
33,blue-collar,married,secondary,no,1542.0,no,no,unknown,2,365,0,unknown,107.0,no
36,self-employed,single,primary,no,1358.0,no,no,cellular,3,365,0,other,22.0,no
33,management,single,secondary,no,-500.0,no,no,cellular,6,60,1,unknown,79.0,no
69,admin.,single,tertiary,yes,2750.0,yes,no,cellular,2,-1,0,unknown,199.0,no
26,technician,single,secondary,no,2979.0,no,no,unknown,4,-1,0,unknown,340.0,no
19,management,single,tertiary,no,21.0,yes,no,cellular,4,-1,1,other,306.0,no
71,self-employed,married,secondary,no,1677.0,yes,no,cellular,4,365,1,success,554.0,yes
77,admin.,married,secondary,no,2458.0,yes,no,cellular,6,-1,0,unknown,199.0,no
32,self-employed,single,secondary,no,5392.0,yes,no,cellular,3,30,0,unknown,346.0,no
38,blue-collar,single,secondary,no,2104.0,yes,no,telephone,4,-1,0,failure,236.0,no
49,management,divorced,secondary,no,1399.0,no,no,cellular,3,180,0,success,519.0,no
50,blue-collar,married,secondary,no,1120.0,no,no,telephone,3,365,0,unknown,197.0,yes
79,unemployed,married,secondary,yes,1227.0,no,no,cellular,2,-1,0,unknown,90.0,no
43,blue-collar,single,tertiary,no,2781.0,yes,no,cellular,1,-1,0,other,344.0,no
18,technician,single,secondary,no,-188.0,yes,no,cellular,2,-1,0,other,94.0,no
44,technician,married,tertiary,no,3079.0,no,no,cellular,6,30,1,success,16.0,no
52,housemaid,married,tertiary,no,-500.0,no,no,cellular,5,30,0,unknown,70.0,no
50,blue-collar,divorced,secondary,yes,2599.0,no,no,cellular,3,-1,0,unknown,443.0,no
49,entrepreneur,single,secondary,no,3101.0,no,no,cellular,3,30,0,failure,119.0,no
75,unemployed,married,primary,no,2851.0,no,no,cellular,3,90,0,unknown,83.0,no
68,self-employed,married,tertiary,no,1887.0,yes,no,cellular,4,-1,3,unknown,314.0,no
33,retired,married,tertiary,no,2111.0,yes,no,unknown,3,90,1,success,104.0,no
40,admin.,married,tertiary,no,680.0,yes,no,cellular,2,-1,2,success,321.0,no
59,technician,married,secondary,no,-500.0,no,no,cellular,3,-1,1,failure,125.0,no
43,admin.,married,tertiary,no,1849.0,yes,no,unknown,2,-1,0,success,38.0,no
44,admin.,single,secondary,no,1524.0,yes,no,cellular,6,-1,1,failure,218.0,no
28,blue-collar,married,secondary,no,3063.0,no,yes,cellular,5,-1,2,unknown,862.0,no
33,management,single,secondary,no,1146.0,no,no,unknown,9,-1,0,unknown,243.0,no
63,technician,married,secondary,no,1686.0,yes,no,unknown,5,-1,0,unknown,87.0,no
70,technician,married,secondary,no,1917.0,yes,no,unknown,4,-1,1,success,220.0,no
66,blue-collar,married,secondary,no,2430.0,yes,no,cellular,5,-1,1,unknown,152.0,no
37,entrepreneur,married,tertiary,no,3107.0,yes,no,cellular,7,-1,1,other,105.0,no
26,student,single,secondary,no,-317.0,yes,no,cellular,4,-1,0,unknown,100.0,no
27,retired,divorced,tertiary,no,2663.0,yes,no,cellular,4,-1,2,unknown,153.0,no
42,blue-collar,single,secondary,no,1075.0,no,no,cellular,1,-1,0,failure,117.0,no
50,entrepreneur,single,primary,no,2557.0,no,no,cellular,3,-1,0,unknown,232.0,no
73,self-employed,single,secondary,no,4061.0,yes,no,cellular,5,-1,0,unknown,23.0,no
73,technician,single,tertiary,no,-500.0,yes,no,cellular,5,180,1,failure,113.0,no
18,services,married,tertiary,no,3586.0,yes,no,cellular,3,180,2,unknown,257.0,no
61,admin.,single,primary,no,1187.0,yes,no,cellular,3,-1,0,success,91.0,no
36,services,married,secondary,no,-140.0,yes,no,cellular,3,-1,1,unknown,80.0,no
30,blue-collar,married,secondary,no,612.0,no,no,cellular,2,-1,1,unknown,252.0,no
52,technician,single,secondary,no,-457.0,no,yes,telephone,3,-1,1,unknown,100.0,no
20,entrepreneur,single,secondary,no,2313.0,no,no,unknown,2,60,0,unknown,213.0,no
38,blue-collar,married,tertiary,no,-463.0,no,no,cellular,4,90,1,unknown,33.0,no
52,management,divorced,secondary,no,3568.0,yes,no,cellular,5,30,0,unknown,331.0,no
34,blue-collar,married,primary,no,2645.0,no,no,cellular,4,-1,0,success,383.0,no
54,blue-collar,single,secondary,no,1809.0,yes,yes,unknown,3,-1,0,unknown,571.0,no
46,retired,divorced,tertiary,no,-500.0,yes,no,cellular,6,-1,0,unknown,300.0,no
67,student,married,secondary,no,-500.0,yes,no,telephone,4,-1,0,unknown,104.0,no
29,technician,divorced,secondary,no,1256.0,yes,no,telephone,2,-1,0,unknown,101.0,no
21,entrepreneur,single,tertiary,no,1354.0,yes,no,cellular,3,60,0,unknown,286.0,no
50,admin.,single,secondary,no,3092.0,yes,no,cellular,4,-1,0,unknown,256.0,no
33,management,divorced,secondary,no,-500.0,yes,no,telephone,3,-1,0,unknown,109.0,no
61,management,single,primary,no,33.0,no,yes,cellular,4,60,0,unknown,88.0,no
23,blue-collar,married,tertiary,no,2907.0,yes,no,cellular,4,120,0,unknown,128.0,yes
53,technician,single,tertiary,no,793.0,yes,yes,cellular,6,-1,2,success,115.0,no
79,technician,married,secondary,no,559.0,yes,no,cellular,4,-1,0,unknown,188.0,no
23,admin.,married,secondary,no,-500.0,no,no,cellular,3,-1,0,unknown,63.0,no
36,technician,married,secondary,no,3305.0,no,no,cellular,5,-1,1,unknown,339.0,no
70,services,married,secondary,no,527.0,no,yes,cellular,6,-1,0,unknown,88.0,no
51,blue-collar,single,secondary,no,3369.0,yes,no,cellular,2,-1,0,unknown,88.0,no
28,services,divorced,secondary,no,4038.0,yes,no,cellular,3,-1,2,unknown,493.0,no
31,blue-collar,divorced,secondary,no,3771.0,no,no,cellular,3,30,0,unknown,247.0,yes
65,admin.,married,tertiary,no,1342.0,no,no,cellular,5,90,0,unknown,83.0,no
71,unemployed,married,secondary,no,528.0,yes,no,cellular,5,-1,1,success,137.0,no
40,services,married,secondary,no,406.0,yes,no,cellular,3,30,1,success,144.0,no
47,blue-collar,married,secondary,no,4943.0,no,no,cellular,5,-1,0,unknown,355.0,no
66,management,married,tertiary,no,1019.0,yes,no,cellular,1,-1,0,unknown,187.0,no
28,technician,married,tertiary,no,3296.0,no,no,telephone,5,-1,0,unknown,102.0,no
30,management,divorced,tertiary,no,2268.0,no,no,cellular,6,30,0,unknown,254.0,no
66,technician,married,secondary,no,659.0,no,no,cellular,4,-1,1,success,553.0,yes
29,technician,single,secondary,no,945.0,no,no,cellular,3,-1,1,unknown,294.0,yes
65,blue-collar,divorced,secondary,no,3530.0,no,yes,cellular,3,90,0,unknown,584.0,no
48,services,single,tertiary,no,1456.0,no,no,cellular,3,-1,1,unknown,503.0,yes
79,services,married,secondary,no,583.0,no,no,cellular,4,-1,0,unknown,143.0,no
20,student,married,secondary,no,-52.0,yes,no,cellular,3,-1,1,failure,68.0,no
76,blue-collar,divorced,secondary,no,1976.0,yes,no,unknown,3,-1,1,unknown,55.0,no
31,admin.,married,secondary,no,470.0,yes,no,cellular,3,-1,0,unknown,170.0,no
20,blue-collar,married,tertiary,no,2469.0,no,no,unknown,1,-1,0,unknown,306.0,no
62,self-employed,divorced,secondary,no,5979.0,no,yes,cellular,6,-1,1,unknown,315.0,no
51,student,single,secondary,no,2333.0,no,no,telephone,3,-1,0,failure,321.0,no
69,student,single,primary,no,4647.0,no,yes,cellular,4,-1,0,failure,268.0,no
24,retired,married,secondary,no,113.0,yes,no,cellular,2,-1,1,unknown,66.0,no
23,admin.,married,secondary,no,2631.0,yes,no,unknown,4,30,0,unknown,238.0,yes
53,admin.,single,tertiary,no,3660.0,no,no,unknown,3,60,0,unknown,353.0,no
72,technician,married,tertiary,no,3884.0,no,yes,telephone,4,-1,1,unknown,303.0,no
43,retired,married,secondary,no,3703.0,yes,no,telephone,1,-1,0,unknown,100.0,no
67,technician,married,secondary,no,1430.0,yes,no,cellular,3,-1,0,unknown,77.0,no
74,blue-collar,single,tertiary,no,3002.0,yes,no,cellular,6,30,0,unknown,101.0,no
71,housemaid,married,tertiary,no,-432.0,no,yes,cellular,3,-1,1,failure,228.0,no
49,technician,single,secondary,no,4293.0,yes,yes,telephone,4,-1,3,failure,50.0,no
61,blue-collar,married,secondary,no,-314.0,yes,no,cellular,4,30,0,unknown,91.0,no
50,admin.,married,tertiary,no,3657.0,yes,no,unknown,2,-1,0,unknown,113.0,no
59,services,divorced,tertiary,no,3278.0,no,no,cellular,1,-1,0,unknown,179.0,no
53,self-employed,divorced,secondary,no,3267.0,yes,no,cellular,3,-1,0,success,347.0,yes
50,technician,single,secondary,no,5118.0,no,no,cellular,4,-1,1,success,643.0,yes
45,technician,divorced,primary,no,3294.0,no,no,cellular,4,30,2,unknown,38.0,no
58,student,married,tertiary,no,-500.0,yes,no,cellular,5,-1,0,unknown,213.0,yes
64,admin.,married,secondary,no,2462.0,yes,no,unknown,7,-1,0,success,725.0,no
74,management,married,tertiary,no,-500.0,yes,yes,unknown,5,-1,1,unknown,213.0,no
56,technician,married,primary,no,1236.0,yes,yes,unknown,4,-1,0,unknown,358.0,no
24,management,single,secondary,no,640.0,yes,no,cellular,2,120,0,failure,139.0,no
54,technician,single,tertiary,no,2548.0,no,no,unknown,4,-1,0,unknown,286.0,no
37,services,married,tertiary,no,-81.0,yes,no,unknown,4,-1,1,unknown,266.0,no
19,admin.,married,tertiary,yes,-27.0,yes,no,telephone,8,-1,0,unknown,167.0,no
22,management,divorced,secondary,no,2302.0,yes,no,cellular,2,-1,0,failure,58.0,no
54,services,married,tertiary,no,3515.0,yes,no,cellular,2,-1,1,unknown,243.0,no
76,admin.,married,tertiary,no,1405.0,yes,no,cellular,7,-1,1,unknown,435.0,no
49,blue-collar,married,tertiary,no,5581.0,yes,no,cellular,4,30,0,unknown,49.0,yes
45,services,married,secondary,no,782.0,no,no,cellular,5,-1,0,unknown,273.0,no
23,blue-collar,married,tertiary,no,2624.0,yes,yes,cellular,4,-1,0,unknown,188.0,no
59,blue-collar,married,primary,no,2014.0,no,no,unknown,2,-1,1,unknown,328.0,yes
21,services,married,secondary,no,783.0,no,no,cellular,4,-1,0,unknown,198.0,no
70,student,married,primary,no,3761.0,no,no,cellular,5,-1,1,unknown,717.0,no
68,retired,married,secondary,no,-203.0,no,yes,cellular,6,-1,0,unknown,111.0,no
79,technician,married,tertiary,no,-500.0,yes,no,cellular,2,-1,0,unknown,176.0,no
35,technician,married,secondary,no,1173.0,no,no,cellular,2,-1,0,unknown,616.0,no
28,management,married,secondary,no,938.0,yes,no,telephone,3,-1,0,failure,133.0,no
36,blue-collar,divorced,tertiary,no,3313.0,no,no,telephone,2,-1,2,unknown,53.0,no
67,student,single,secondary,no,-500.0,no,yes,unknown,2,90,0,unknown,166.0,no
31,blue-collar,married,secondary,no,2343.0,yes,no,cellular,3,-1,0,unknown,74.0,yes
73,technician,married,secondary,no,2125.0,no,no,telephone,3,60,1,success,253.0,no
27,self-employed,single,secondary,no,1981.0,no,no,cellular,4,-1,0,unknown,315.0,no
21,entrepreneur,married,secondary,no,3279.0,no,no,cellular,5,-1,1,success,510.0,yes
31,retired,single,tertiary,no,1358.0,no,no,cellular,3,365,0,unknown,460.0,no
64,retired,divorced,secondary,no,1494.0,yes,yes,cellular,6,-1,0,unknown,207.0,no
55,technician,married,secondary,no,2211.0,no,yes,cellular,3,-1,0,unknown,21.0,no
39,blue-collar,married,secondary,no,1216.0,yes,no,cellular,6,180,0,unknown,35.0,no
58,technician,married,tertiary,no,-500.0,yes,no,cellular,4,-1,0,failure,99.0,no
58,admin.,married,secondary,no,661.0,yes,no,cellular,1,-1,1,unknown,239.0,no
52,student,married,tertiary,no,934.0,yes,no,unknown,2,-1,1,other,186.0,no
49,technician,single,secondary,no,388.0,no,no,cellular,4,-1,0,unknown,50.0,no
24,entrepreneur,married,primary,no,830.0,yes,no,cellular,3,-1,0,unknown,168.0,no
34,admin.,single,secondary,no,1723.0,no,yes,cellular,8,-1,0,unknown,131.0,yes
50,technician,single,secondary,no,907.0,yes,no,cellular,5,180,0,failure,244.0,no
26,technician,married,primary,no,2937.0,no,yes,unknown,2,-1,0,unknown,66.0,no
47,blue-collar,divorced,secondary,no,2965.0,yes,yes,cellular,5,90,0,failure,91.0,no
25,retired,single,tertiary,no,-500.0,yes,yes,unknown,2,-1,1,unknown,81.0,no
66,technician,married,secondary,no,-500.0,no,no,unknown,3,-1,0,unknown,477.0,no
24,blue-collar,divorced,secondary,no,-500.0,yes,no,telephone,8,-1,0,unknown,193.0,no
23,self-employed,single,secondary,no,907.0,no,no,cellular,5,-1,1,unknown,303.0,yes
57,management,married,secondary,no,795.0,yes,no,cellular,3,-1,0,unknown,380.0,no
31,blue-collar,married,tertiary,no,1672.0,yes,no,cellular,2,30,0,failure,220.0,no
39,technician,married,tertiary,no,2917.0,no,no,unknown,1,90,1,success,290.0,no
37,blue-collar,single,tertiary,no,1323.0,yes,yes,unknown,1,-1,0,unknown,381.0,no
31,technician,divorced,secondary,no,315.0,yes,no,cellular,3,-1,0,unknown,243.0,no
65,retired,married,tertiary,no,1392.0,no,no,cellular,8,-1,1,unknown,18.0,no
60,management,married,tertiary,no,511.0,yes,no,cellular,1,-1,0,unknown,311.0,no
32,housemaid,married,primary,no,-500.0,no,no,cellular,5,-1,1,other,96.0,no
60,entrepreneur,single,secondary,no,3124.0,no,no,telephone,3,-1,0,failure,122.0,no
62,technician,married,secondary,no,2164.0,no,no,unknown,4,365,0,unknown,226.0,no
51,services,married,tertiary,yes,4008.0,yes,no,cellular,5,30,0,other,59.0,no
53,student,married,secondary,no,-500.0,no,no,unknown,3,30,0,failure,185.0,no
75,housemaid,single,secondary,no,-500.0,yes,no,unknown,4,-1,0,unknown,214.0,no
46,blue-collar,married,secondary,no,-285.0,yes,no,telephone,4,-1,1,unknown,80.0,no
41,admin.,married,secondary,no,2118.0,yes,no,unknown,4,-1,2,success,203.0,no
51,student,married,secondary,no,2946.0,yes,no,cellular,3,-1,0,unknown,72.0,no
69,housemaid,married,secondary,no,1915.0,no,no,unknown,1,-1,0,unknown,118.0,no
61,management,married,secondary,no,1659.0,no,no,cellular,5,-1,1,unknown,332.0,no
22,management,married,secondary,no,2938.0,yes,no,telephone,2,-1,0,unknown,80.0,no
46,management,single,tertiary,no,573.0,yes,no,unknown,2,-1,1,unknown,148.0,no
63,services,married,secondary,no,3302.0,no,no,cellular,6,-1,0,other,46.0,no
31,self-employed,married,secondary,no,4973.0,no,no,cellular,4,-1,0,unknown,75.0,no
79,technician,married,secondary,no,-500.0,no,no,cellular,1,-1,1,other,195.0,no
68,blue-collar,married,secondary,no,943.0,no,no,cellular,5,60,1,unknown,530.0,no
70,retired,married,tertiary,no,-500.0,no,no,cellular,3,-1,0,unknown,135.0,no
23,admin.,married,tertiary,no,-337.0,yes,no,unknown,4,365,0,success,147.0,no
53,technician,married,secondary,no,2107.0,yes,yes,unknown,4,-1,0,unknown,214.0,no
50,self-employed,married,secondary,no,-500.0,no,no,cellular,3,-1,0,unknown,440.0,no
56,management,divorced,primary,no,-3.0,yes,no,telephone,6,-1,2,unknown,234.0,no
70,technician,married,secondary,no,3297.0,no,no,cellular,5,60,1,unknown,189.0,no
39,management,married,primary,no,1802.0,yes,no,cellular,2,365,0,other,173.0,no
51,blue-collar,divorced,secondary,no,2782.0,no,no,cellular,5,-1,0,unknown,93.0,no
60,management,married,primary,no,-500.0,yes,no,unknown,3,-1,1,unknown,688.0,yes
64,admin.,single,secondary,no,1522.0,yes,no,cellular,3,-1,0,success,91.0,no
65,technician,married,tertiary,yes,4796.0,yes,no,unknown,3,-1,2,failure,549.0,no
38,services,single,primary,no,209.0,no,no,unknown,3,90,0,unknown,151.0,no
79,student,divorced,tertiary,no,522.0,yes,no,unknown,4,-1,0,unknown,241.0,no
18,technician,married,tertiary,no,2447.0,no,no,cellular,4,60,0,unknown,199.0,yes
48,technician,divorced,secondary,no,-220.0,yes,no,cellular,5,60,0,unknown,31.0,no
55,management,married,tertiary,no,2691.0,yes,no,cellular,3,180,0,unknown,49.0,no
21,blue-collar,single,secondary,no,-500.0,no,no,cellular,3,-1,1,unknown,97.0,no
45,entrepreneur,married,secondary,no,-500.0,no,yes,unknown,4,-1,1,unknown,97.0,no
54,technician,married,secondary,no,1966.0,yes,yes,cellular,3,365,1,success,192.0,no
55,technician,married,secondary,no,-364.0,no,yes,cellular,4,-1,3,success,182.0,yes
25,student,divorced,primary,no,382.0,yes,no,cellular,4,-1,1,unknown,303.0,no
35,blue-collar,single,secondary,no,2978.0,yes,no,cellular,5,-1,0,unknown,311.0,no
33,blue-collar,single,tertiary,no,2524.0,yes,no,cellular,3,-1,0,other,122.0,no
57,technician,married,tertiary,no,-500.0,yes,no,cellular,6,-1,1,unknown,117.0,no
38,blue-collar,married,secondary,no,2336.0,no,no,cellular,4,30,0,unknown,112.0,no
53,retired,married,secondary,yes,860.0,no,no,cellular,2,-1,1,unknown,428.0,no
63,entrepreneur,married,primary,no,2151.0,yes,no,cellular,2,-1,2,unknown,124.0,no
67,blue-collar,married,tertiary,no,1364.0,yes,no,cellular,2,-1,0,unknown,99.0,no
29,services,divorced,secondary,no,-500.0,no,no,cellular,7,-1,0,unknown,156.0,no
74,technician,single,tertiary,no,116.0,yes,no,cellular,3,-1,1,success,317.0,no
28,student,married,secondary,no,-500.0,yes,no,cellular,5,30,0,unknown,283.0,no
19,management,married,primary,no,1733.0,no,yes,cellular,3,30,1,unknown,51.0,no
20,management,single,secondary,no,2114.0,no,no,unknown,5,-1,0,failure,173.0,no
30,technician,single,secondary,no,132.0,yes,no,cellular,2,-1,0,other,97.0,no
72,retired,single,secondary,no,1192.0,yes,no,cellular,3,60,1,failure,165.0,no
30,management,married,tertiary,no,-353.0,yes,no,cellular,2,-1,1,failure,527.0,no
60,services,married,secondary,no,3662.0,no,no,cellular,5,90,1,unknown,36.0,no
43,blue-collar,married,primary,no,-500.0,yes,no,unknown,2,120,0,other,329.0,no
20,admin.,divorced,secondary,no,840.0,yes,no,unknown,3,30,0,unknown,299.0,no
45,technician,single,secondary,no,-500.0,yes,no,cellular,9,30,0,unknown,343.0,no
19,self-employed,divorced,secondary,no,1823.0,no,yes,cellular,1,-1,0,unknown,561.0,yes
47,blue-collar,married,tertiary,yes,3269.0,no,no,telephone,5,-1,0,unknown,371.0,no
52,blue-collar,married,tertiary,no,-500.0,yes,no,cellular,4,-1,2,success,483.0,no
50,unemployed,married,secondary,no,2577.0,no,no,telephone,2,-1,0,success,30.0,no
35,services,divorced,secondary,yes,4337.0,no,no,telephone,4,90,0,unknown,80.0,no
65,services,married,secondary,no,1632.0,yes,no,unknown,6,-1,0,unknown,244.0,no
54,admin.,single,secondary,no,185.0,no,yes,cellular,3,-1,0,unknown,160.0,no
33,technician,married,secondary,no,1331.0,yes,no,cellular,2,-1,0,other,118.0,no
44,technician,married,primary,no,418.0,no,no,cellular,5,-1,2,unknown,331.0,no
24,retired,married,secondary,no,4936.0,no,no,cellular,3,-1,0,unknown,289.0,no
75,blue-collar,married,tertiary,no,2903.0,yes,no,unknown,2,-1,0,unknown,512.0,yes
64,services,single,tertiary,yes,3021.0,yes,no,cellular,1,-1,1,other,7.0,no
35,technician,divorced,primary,no,5279.0,yes,no,cellular,2,120,0,unknown,497.0,no
59,technician,single,tertiary,no,3820.0,no,no,cellular,3,-1,0,unknown,284.0,no
60,unemployed,married,tertiary,no,1181.0,yes,no,cellular,3,-1,0,success,111.0,no
55,services,single,primary,no,1446.0,yes,yes,cellular,5,-1,0,unknown,250.0,no
21,blue-collar,married,tertiary,no,5648.0,yes,no,cellular,2,-1,0,unknown,606.0,yes
72,management,single,tertiary,no,69.0,no,no,cellular,4,-1,2,failure,196.0,no
77,technician,single,secondary,no,1091.0,yes,no,cellular,4,-1,0,success,191.0,no
78,blue-collar,married,tertiary,no,-423.0,no,no,unknown,5,60,0,unknown,112.0,no
78,blue-collar,married,secondary,no,-500.0,yes,no,telephone,1,-1,2,success,342.0,no
75,services,married,secondary,no,-184.0,no,no,cellular,2,180,1,unknown,126.0,no
63,management,married,tertiary,no,-148.0,yes,yes,unknown,2,-1,0,other,174.0,no
21,technician,divorced,secondary,no,275.0,yes,no,cellular,3,-1,0,unknown,260.0,no
46,blue-collar,single,secondary,no,2502.0,no,no,cellular,2,-1,0,unknown,99.0,no
33,blue-collar,married,secondary,no,1379.0,no,yes,cellular,5,-1,1,unknown,23.0,no
31,blue-collar,married,tertiary,no,3220.0,no,yes,cellular,4,-1,1,unknown,249.0,no
69,services,single,tertiary,no,1672.0,no,no,telephone,4,-1,0,failure,705.0,yes
68,student,married,primary,no,1722.0,no,no,telephone,2,-1,0,unknown,59.0,no
50,management,married,secondary,no,876.0,no,no,cellular,5,-1,1,unknown,189.0,no
63,management,single,primary,no,4905.0,yes,no,unknown,5,-1,0,success,341.0,no
26,blue-collar,married,secondary,no,638.0,yes,yes,telephone,2,-1,0,other,202.0,no
31,services,married,secondary,no,3050.0,yes,no,cellular,4,120,1,unknown,402.0,no
71,unemployed,married,tertiary,no,-500.0,no,no,cellular,6,-1,1,unknown,119.0,no
45,student,married,secondary,no,962.0,yes,no,unknown,2,365,1,unknown,252.0,no
51,blue-collar,divorced,secondary,no,5014.0,yes,no,cellular,4,-1,0,failure,287.0,no
46,self-employed,single,tertiary,no,2633.0,yes,no,unknown,2,-1,1,unknown,56.0,no
30,blue-collar,divorced,secondary,no,-500.0,no,no,unknown,4,30,0,unknown,172.0,no
69,admin.,divorced,primary,no,-457.0,yes,no,telephone,5,-1,0,unknown,257.0,no
65,blue-collar,married,primary,no,4284.0,yes,no,cellular,3,-1,0,other,73.0,no
60,admin.,married,secondary,no,1559.0,yes,no,cellular,4,180,1,unknown,119.0,no
39,blue-collar,single,tertiary,no,905.0,no,no,cellular,3,90,1,other,169.0,no
57,technician,married,secondary,no,-2.0,yes,no,cellular,6,-1,2,unknown,179.0,no
77,blue-collar,divorced,tertiary,no,829.0,no,no,cellular,3,-1,0,other,451.0,no
58,student,married,primary,no,3945.0,no,no,unknown,2,90,0,unknown,243.0,no
48,technician,married,secondary,no,140.0,no,no,cellular,5,-1,0,unknown,63.0,no
34,retired,single,secondary,no,316.0,yes,no,cellular,3,120,0,failure,422.0,no
50,management,divorced,tertiary,no,2479.0,yes,no,cellular,6,-1,0,unknown,156.0,no
41,student,single,tertiary,no,-471.0,no,no,cellular,6,90,2,unknown,187.0,no
55,admin.,married,secondary,no,-283.0,no,no,unknown,3,-1,0,other,517.0,no
20,management,married,secondary,no,1411.0,yes,no,unknown,3,-1,2,unknown,137.0,no
29,management,married,primary,no,1456.0,yes,no,cellular,2,-1,0,unknown,290.0,no
66,technician,single,secondary,no,-57.0,yes,no,telephone,3,30,0,unknown,112.0,no
41,technician,married,tertiary,no,2252.0,yes,no,cellular,3,-1,0,unknown,407.0,no
44,technician,single,secondary,no,1794.0,no,no,unknown,2,-1,1,unknown,179.0,no
51,services,married,secondary,no,-500.0,no,no,telephone,2,-1,0,unknown,168.0,no
45,retired,married,secondary,no,2805.0,no,no,cellular,4,90,0,unknown,21.0,yes
65,technician,divorced,primary,no,375.0,yes,no,cellular,2,-1,0,unknown,308.0,no
33,technician,married,tertiary,no,2851.0,yes,no,telephone,2,-1,0,failure,108.0,no
65,management,single,secondary,no,5143.0,no,no,telephone,2,-1,2,unknown,330.0,no
30,unemployed,married,tertiary,no,1279.0,no,yes,cellular,4,-1,0,unknown,232.0,no
40,technician,divorced,secondary,no,239.0,no,no,cellular,4,-1,0,failure,249.0,no
54,management,married,tertiary,yes,3882.0,yes,no,cellular,3,365,0,unknown,163.0,no
72,admin.,married,primary,no,-110.0,no,no,cellular,2,-1,0,unknown,174.0,no
32,blue-collar,single,primary,no,4806.0,yes,no,cellular,4,-1,0,unknown,88.0,no
54,student,single,secondary,no,566.0,no,no,cellular,3,-1,1,success,61.0,no
21,admin.,married,secondary,no,272.0,no,yes,cellular,4,-1,0,unknown,512.0,no
22,management,married,tertiary,no,5659.0,no,no,cellular,3,-1,0,unknown,455.0,no
65,self-employed,married,tertiary,no,2053.0,no,no,cellular,3,-1,2,unknown,62.0,no
62,technician,divorced,secondary,no,4320.0,no,no,cellular,5,-1,0,unknown,81.0,no
41,technician,single,secondary,no,1353.0,no,no,cellular,4,-1,0,unknown,181.0,no
56,student,divorced,secondary,no,1225.0,yes,no,telephone,3,-1,1,unknown,135.0,no
41,housemaid,divorced,secondary,no,-500.0,yes,no,unknown,4,-1,0,success,207.0,no
35,blue-collar,married,primary,no,3221.0,yes,no,cellular,2,365,1,success,109.0,no
44,services,single,secondary,no,2093.0,no,no,cellular,3,60,0,unknown,185.0,no
37,blue-collar,single,primary,no,1199.0,no,no,cellular,2,-1,0,other,155.0,yes
68,retired,single,tertiary,no,2465.0,yes,no,cellular,3,-1,0,unknown,282.0,no
43,unemployed,single,secondary,no,1469.0,no,yes,telephone,3,365,0,unknown,244.0,no
37,retired,married,tertiary,no,-298.0,yes,yes,cellular,3,-1,0,unknown,260.0,no
51,services,divorced,tertiary,no,2053.0,yes,no,telephone,2,180,0,unknown,140.0,no
64,services,single,secondary,no,1057.0,no,yes,telephone,3,-1,1,unknown,59.0,no
34,technician,single,primary,no,2734.0,no,no,telephone,3,-1,0,unknown,550.0,no
76,management,married,secondary,no,895.0,no,no,telephone,3,120,0,unknown,400.0,no
46,management,married,secondary,no,556.0,no,no,cellular,1,30,0,unknown,180.0,no
58,blue-collar,single,secondary,no,420.0,no,no,cellular,3,-1,0,failure,94.0,no
77,self-employed,single,primary,no,-191.0,yes,no,cellular,3,-1,1,unknown,335.0,no
44,blue-collar,married,primary,no,459.0,no,no,unknown,2,-1,1,unknown,31.0,no
30,management,married,tertiary,no,2177.0,no,yes,cellular,5,-1,0,other,637.0,no
64,student,single,tertiary,no,51.0,no,no,telephone,2,-1,0,unknown,246.0,no
18,admin.,divorced,primary,no,-500.0,no,no,unknown,3,-1,1,unknown,75.0,no
46,retired,married,tertiary,no,2821.0,yes,no,cellular,5,30,1,unknown,98.0,no
78,blue-collar,married,secondary,no,1151.0,no,no,cellular,5,-1,0,unknown,134.0,no
43,blue-collar,married,primary,no,2782.0,yes,no,cellular,2,-1,0,unknown,724.0,yes
60,admin.,married,secondary,no,1003.0,yes,no,cellular,2,-1,0,unknown,158.0,no
50,blue-collar,married,tertiary,no,371.0,yes,no,cellular,4,-1,0,success,285.0,no
31,unemployed,married,secondary,no,-500.0,no,no,cellular,2,365,0,unknown,31.0,no
37,unemployed,single,secondary,no,-500.0,no,no,cellular,3,-1,0,unknown,278.0,no
50,services,married,secondary,no,-171.0,yes,no,cellular,5,-1,0,unknown,383.0,yes
24,self-employed,married,secondary,no,1906.0,no,no,telephone,2,-1,2,unknown,146.0,no
43,student,divorced,secondary,no,1204.0,no,no,unknown,5,-1,0,unknown,105.0,no
43,technician,married,secondary,no,-446.0,no,no,unknown,1,365,1,other,135.0,no
69,retired,single,secondary,no,-500.0,yes,no,cellular,3,120,0,unknown,212.0,no
25,admin.,married,secondary,no,2233.0,yes,no,unknown,3,-1,1,success,194.0,yes
70,services,single,primary,no,2979.0,yes,yes,telephone,3,60,1,failure,204.0,no
43,unemployed,single,secondary,no,3136.0,yes,yes,unknown,3,30,0,failure,107.0,no
58,blue-collar,married,primary,no,-337.0,yes,no,cellular,5,180,1,unknown,148.0,no
52,management,single,secondary,no,3248.0,yes,no,cellular,6,-1,0,unknown,287.0,no
36,blue-collar,single,secondary,no,2419.0,no,no,cellular,2,-1,1,success,96.0,no
75,entrepreneur,married,secondary,no,2410.0,no,no,unknown,3,-1,0,unknown,101.0,no
31,services,single,primary,no,303.0,yes,no,cellular,4,30,0,unknown,21.0,no
20,entrepreneur,married,secondary,no,1161.0,yes,no,cellular,3,-1,2,unknown,178.0,no
64,technician,married,secondary,no,4697.0,yes,yes,cellular,6,-1,0,unknown,636.0,no
56,technician,divorced,primary,no,4419.0,no,no,unknown,3,90,1,unknown,380.0,no
73,admin.,married,tertiary,no,1313.0,no,yes,unknown,2,-1,1,unknown,106.0,no
46,technician,married,primary,no,1745.0,yes,yes,unknown,2,-1,1,unknown,172.0,no
19,student,married,secondary,no,-500.0,no,no,telephone,1,-1,0,unknown,89.0,no
19,management,divorced,secondary,no,3567.0,yes,yes,cellular,6,-1,1,other,59.0,no
44,management,married,secondary,no,2742.0,no,no,telephone,4,60,0,failure,532.0,yes
33,technician,married,tertiary,no,2021.0,yes,no,unknown,2,-1,2,success,217.0,no
75,housemaid,single,tertiary,no,316.0,no,no,cellular,4,-1,0,unknown,33.0,no
25,blue-collar,single,secondary,no,1520.0,yes,no,cellular,3,-1,0,other,164.0,no
72,blue-collar,married,secondary,no,4038.0,yes,no,cellular,2,-1,0,unknown,279.0,yes
31,blue-collar,divorced,secondary,no,2052.0,yes,no,cellular,4,-1,0,unknown,237.0,no
25,services,married,secondary,no,6137.0,no,no,cellular,4,30,0,unknown,861.0,yes
35,blue-collar,single,secondary,no,2861.0,no,no,cellular,3,-1,0,success,428.0,yes
26,services,single,primary,no,-254.0,no,no,cellular,6,180,0,unknown,173.0,no
42,management,married,primary,no,661.0,yes,no,cellular,4,-1,0,other,480.0,no
38,technician,divorced,primary,no,122.0,no,no,unknown,4,-1,0,other,101.0,no
50,management,married,secondary,no,2944.0,yes,no,cellular,5,365,1,failure,118.0,no
51,technician,married,secondary,no,3476.0,no,yes,unknown,3,-1,0,unknown,434.0,no
18,technician,married,tertiary,no,4489.0,yes,no,cellular,2,60,0,unknown,48.0,no
25,blue-collar,married,secondary,no,802.0,no,no,telephone,4,-1,2,unknown,511.0,yes
28,services,divorced,tertiary,no,2242.0,yes,no,cellular,2,30,2,unknown,250.0,no
30,blue-collar,married,secondary,no,3705.0,no,no,cellular,5,-1,1,failure,62.0,no
23,technician,divorced,primary,no,4190.0,yes,no,cellular,2,-1,3,success,179.0,yes
37,services,married,secondary,no,-500.0,yes,yes,cellular,4,30,0,unknown,298.0,no
52,blue-collar,divorced,secondary,no,2516.0,no,no,cellular,2,-1,0,success,130.0,no
37,blue-collar,single,tertiary,no,-500.0,yes,yes,telephone,8,-1,0,unknown,753.0,yes
38,management,married,tertiary,no,317.0,no,yes,cellular,3,-1,0,unknown,149.0,no
47,technician,married,primary,no,-500.0,yes,yes,unknown,4,30,0,unknown,81.0,no
52,technician,single,secondary,no,282.0,yes,no,cellular,4,365,0,unknown,81.0,no
38,admin.,married,secondary,no,-500.0,yes,yes,unknown,3,120,1,success,62.0,no
31,blue-collar,married,tertiary,no,-500.0,no,no,cellular,2,180,0,unknown,124.0,no
43,housemaid,single,primary,no,-228.0,no,no,unknown,3,120,0,unknown,179.0,no
19,retired,divorced,tertiary,no,1946.0,yes,no,cellular,1,-1,1,unknown,449.0,no
48,blue-collar,single,secondary,no,1461.0,no,yes,cellular,4,-1,3,unknown,20.0,no
76,blue-collar,divorced,secondary,no,-500.0,yes,no,cellular,3,-1,0,unknown,116.0,no
42,technician,married,secondary,no,6335.0,yes,no,telephone,6,120,0,unknown,216.0,no
24,management,single,tertiary,no,521.0,no,no,cellular,7,120,0,failure,59.0,no
61,services,married,secondary,no,-500.0,no,no,cellular,6,-1,0,unknown,92.0,no
25,management,single,primary,no,2449.0,no,no,cellular,5,90,0,unknown,159.0,no
30,management,single,secondary,no,1392.0,yes,yes,cellular,4,120,0,unknown,150.0,no
27,self-employed,married,secondary,no,-63.0,yes,no,cellular,4,-1,1,unknown,150.0,no
72,blue-collar,divorced,secondary,no,2103.0,yes,no,cellular,4,365,0,other,232.0,no
78,blue-collar,married,tertiary,no,190.0,no,no,telephone,2,-1,1,unknown,15.0,no
53,unemployed,single,secondary,no,868.0,yes,no,cellular,3,-1,1,unknown,62.0,no
56,technician,married,tertiary,no,4038.0,yes,no,cellular,2,365,1,unknown,233.0,no
58,services,married,secondary,no,1622.0,yes,no,cellular,2,-1,0,unknown,153.0,no
55,blue-collar,married,tertiary,no,2505.0,no,no,cellular,5,-1,0,unknown,91.0,no
51,admin.,divorced,tertiary,no,460.0,no,no,cellular,5,-1,0,success,158.0,no
79,blue-collar,married,secondary,no,1676.0,no,yes,telephone,5,-1,1,unknown,207.0,no
63,technician,single,tertiary,no,13.0,yes,no,unknown,2,60,0,unknown,153.0,no
23,technician,married,secondary,no,-67.0,no,no,cellular,4,30,0,unknown,161.0,no
42,retired,divorced,tertiary,no,658.0,no,no,unknown,3,-1,0,failure,88.0,yes
78,technician,single,primary,no,150.0,yes,no,cellular,4,-1,2,unknown,160.0,no
43,blue-collar,married,secondary,no,3268.0,no,no,unknown,1,-1,1,success,644.0,no
30,retired,married,secondary,no,2442.0,no,no,cellular,4,365,0,unknown,243.0,yes
71,blue-collar,single,tertiary,no,-500.0,yes,yes,cellular,6,-1,1,unknown,196.0,no
56,blue-collar,married,tertiary,no,4504.0,yes,no,cellular,5,30,1,unknown,61.0,no
52,technician,married,secondary,no,2554.0,yes,no,cellular,6,-1,0,unknown,74.0,no
44,technician,married,tertiary,no,3460.0,yes,no,cellular,4,-1,1,unknown,52.0,no
25,admin.,married,tertiary,no,1092.0,yes,no,cellular,5,-1,0,unknown,21.0,no
41,blue-collar,divorced,tertiary,no,-500.0,no,no,unknown,2,-1,0,unknown,380.0,no
45,self-employed,divorced,primary,no,-500.0,no,no,unknown,2,365,0,success,74.0,no
75,admin.,single,secondary,no,4473.0,no,no,cellular,2,90,0,unknown,227.0,no
37,retired,married,secondary,no,-500.0,yes,no,cellular,2,-1,1,unknown,345.0,no
27,retired,divorced,tertiary,no,-500.0,yes,no,cellular,3,-1,2,unknown,325.0,no
44,blue-collar,single,secondary,no,621.0,yes,yes,telephone,6,-1,0,unknown,311.0,no
79,blue-collar,divorced,tertiary,no,-500.0,yes,no,cellular,4,-1,2,unknown,673.0,no
47,blue-collar,married,tertiary,no,2360.0,no,no,cellular,2,-1,1,unknown,10.0,no
41,technician,married,secondary,no,2499.0,no,no,cellular,1,-1,1,unknown,76.0,no
59,entrepreneur,single,tertiary,no,2145.0,yes,no,cellular,4,-1,0,unknown,63.0,no
58,retired,divorced,secondary,no,295.0,no,yes,cellular,4,60,0,unknown,120.0,no
36,blue-collar,married,secondary,no,1920.0,no,no,unknown,2,-1,0,unknown,218.0,no
78,services,married,secondary,no,4610.0,yes,no,unknown,3,-1,0,unknown,284.0,no
54,admin.,married,tertiary,no,-500.0,yes,no,cellular,3,-1,1,unknown,62.0,no
21,admin.,divorced,tertiary,no,3410.0,yes,no,cellular,5,-1,0,failure,169.0,no
43,services,single,tertiary,no,2854.0,no,no,unknown,3,-1,0,unknown,130.0,no
75,services,divorced,secondary,no,1211.0,yes,no,unknown,4,-1,2,unknown,199.0,no
42,blue-collar,single,secondary,no,1699.0,yes,no,cellular,5,-1,2,unknown,83.0,no
53,blue-collar,single,tertiary,no,2042.0,no,no,unknown,2,-1,1,unknown,202.0,no
55,technician,married,tertiary,no,-358.0,no,no,cellular,4,-1,0,unknown,94.0,no
61,admin.,married,tertiary,no,-500.0,yes,no,cellular,6,-1,0,unknown,287.0,no
72,blue-collar,single,tertiary,no,3032.0,yes,no,cellular,6,-1,1,unknown,71.0,no
27,management,single,tertiary,no,-500.0,yes,no,cellular,2,-1,1,unknown,77.0,no
50,blue-collar,married,primary,no,-500.0,yes,no,cellular,3,-1,0,unknown,90.0,no
51,services,married,tertiary,no,472.0,yes,no,unknown,3,-1,2,success,342.0,yes
27,services,single,secondary,no,1912.0,yes,no,unknown,3,90,0,unknown,200.0,no
59,retired,single,tertiary,no,501.0,no,yes,cellular,6,-1,0,other,32.0,no
25,self-employed,married,primary,no,97.0,yes,no,unknown,4,-1,0,unknown,354.0,no
46,management,divorced,tertiary,no,3115.0,no,no,cellular,2,-1,1,unknown,120.0,no
38,student,married,secondary,yes,800.0,no,no,telephone,3,-1,0,unknown,218.0,no
27,admin.,married,primary,no,-37.0,no,no,cellular,6,-1,0,unknown,64.0,no
68,blue-collar,married,secondary,no,2110.0,no,no,cellular,3,120,1,unknown,321.0,no
33,services,married,tertiary,no,1505.0,yes,no,cellular,2,-1,1,unknown,104.0,no
33,blue-collar,married,tertiary,no,1452.0,no,no,cellular,2,-1,0,unknown,231.0,no
70,admin.,single,tertiary,no,2198.0,no,no,cellular,5,-1,2,unknown,190.0,no
72,blue-collar,single,secondary,no,1153.0,yes,no,cellular,2,90,0,unknown,107.0,no
20,services,married,primary,no,2920.0,no,no,cellular,1,90,1,unknown,85.0,no
35,blue-collar,divorced,tertiary,no,-500.0,no,yes,cellular,2,90,0,unknown,305.0,no
61,services,divorced,tertiary,no,3634.0,yes,no,telephone,5,-1,1,unknown,201.0,no
66,student,married,tertiary,no,-244.0,yes,no,cellular,3,120,0,success,140.0,no
79,services,married,primary,no,-500.0,yes,no,cellular,3,180,1,unknown,106.0,no
52,blue-collar,married,tertiary,no,-19.0,yes,no,cellular,4,-1,0,unknown,99.0,no
18,technician,single,secondary,no,771.0,yes,no,unknown,4,30,0,other,60.0,no
72,blue-collar,married,tertiary,no,77.0,no,no,unknown,6,-1,0,unknown,111.0,no
27,technician,single,primary,no,-337.0,no,no,unknown,3,-1,0,unknown,118.0,no
25,services,single,primary,no,3219.0,yes,yes,cellular,6,-1,2,other,158.0,no
59,admin.,single,secondary,no,-167.0,yes,no,unknown,3,90,0,unknown,153.0,no
55,technician,married,tertiary,no,-500.0,no,no,cellular,3,-1,0,unknown,79.0,no
21,management,married,secondary,no,769.0,no,no,cellular,4,-1,1,other,183.0,no
28,management,married,tertiary,no,5082.0,no,no,unknown,2,-1,0,unknown,210.0,yes
54,housemaid,single,secondary,no,-500.0,no,no,cellular,6,-1,0,failure,148.0,no
33,self-employed,single,tertiary,no,-219.0,no,no,cellular,4,-1,0,unknown,133.0,no
60,services,single,secondary,no,673.0,yes,no,unknown,2,30,0,unknown,187.0,no
43,technician,single,primary,no,4180.0,yes,no,cellular,5,-1,0,failure,181.0,no
54,blue-collar,married,tertiary,no,753.0,yes,no,cellular,5,-1,0,unknown,355.0,no
47,self-employed,married,secondary,no,-442.0,yes,no,cellular,4,-1,0,unknown,81.0,no
40,services,married,secondary,no,2054.0,yes,no,cellular,2,-1,0,failure,392.0,yes
39,services,married,secondary,no,1920.0,yes,yes,cellular,3,-1,0,unknown,130.0,no
61,management,married,tertiary,no,2276.0,no,yes,cellular,3,-1,1,unknown,41.0,no
49,entrepreneur,married,primary,no,-500.0,yes,no,cellular,3,180,0,unknown,145.0,no
54,student,single,secondary,no,384.0,no,no,cellular,3,120,0,unknown,191.0,no
53,blue-collar,married,secondary,no,3426.0,yes,no,unknown,2,-1,0,unknown,308.0,no
30,blue-collar,married,tertiary,no,2136.0,no,yes,unknown,8,-1,0,unknown,96.0,no
74,retired,married,secondary,no,2856.0,no,no,cellular,2,90,0,unknown,300.0,no
52,blue-collar,married,secondary,no,1303.0,yes,no,cellular,1,-1,0,unknown,429.0,no
62,admin.,married,secondary,no,3301.0,no,no,unknown,3,-1,0,unknown,237.0,no
72,admin.,married,secondary,no,1928.0,yes,no,cellular,3,-1,2,unknown,399.0,no
75,services,married,secondary,no,458.0,no,no,unknown,1,90,1,unknown,332.0,no
59,technician,divorced,tertiary,no,2742.0,no,no,telephone,3,180,1,unknown,259.0,no
66,management,married,secondary,no,-175.0,yes,no,cellular,4,-1,0,failure,55.0,no
47,blue-collar,married,secondary,no,4178.0,yes,no,cellular,2,365,2,unknown,123.0,no
63,technician,married,secondary,no,3215.0,yes,no,cellular,1,-1,0,unknown,280.0,no
37,blue-collar,married,secondary,no,873.0,no,no,cellular,2,-1,0,other,347.0,yes
62,unemployed,married,tertiary,no,1067.0,no,no,cellular,4,-1,1,unknown,91.0,no
23,retired,married,secondary,no,1638.0,yes,no,unknown,5,-1,0,unknown,111.0,no
74,blue-collar,divorced,tertiary,no,1089.0,no,no,unknown,4,-1,1,unknown,137.0,no
33,management,divorced,secondary,no,3774.0,no,no,cellular,3,-1,0,unknown,318.0,no
58,blue-collar,single,secondary,no,430.0,no,no,telephone,2,-1,1,unknown,296.0,yes
18,student,married,secondary,no,-500.0,no,yes,telephone,3,-1,1,unknown,275.0,no
27,admin.,married,secondary,no,934.0,yes,no,cellular,5,-1,1,unknown,190.0,no
79,technician,married,tertiary,no,2755.0,yes,no,unknown,3,-1,0,unknown,187.0,no
69,student,single,primary,no,3226.0,no,no,unknown,3,-1,0,unknown,165.0,no
31,technician,married,secondary,no,1605.0,yes,no,unknown,6,-1,1,success,318.0,no
26,technician,single,secondary,no,259.0,yes,no,cellular,2,60,0,success,127.0,no
68,blue-collar,married,secondary,no,1321.0,no,no,cellular,3,-1,0,unknown,196.0,no
79,retired,married,tertiary,yes,221.0,yes,yes,cellular,1,-1,0,unknown,110.0,no
28,technician,married,primary,no,-500.0,yes,no,telephone,7,60,0,success,18.0,no
59,entrepreneur,married,tertiary,yes,-134.0,no,no,cellular,4,-1,1,unknown,338.0,no
35,admin.,single,tertiary,no,2319.0,yes,yes,telephone,5,60,0,success,146.0,yes
64,blue-collar,married,tertiary,no,913.0,yes,no,unknown,2,30,0,unknown,332.0,no
43,blue-collar,married,secondary,no,845.0,no,no,cellular,6,-1,0,unknown,83.0,no
25,technician,married,secondary,no,3392.0,yes,no,unknown,2,-1,1,success,40.0,no
38,management,single,primary,no,-335.0,no,no,cellular,4,120,1,unknown,49.0,no
51,services,married,tertiary,no,-159.0,no,no,unknown,4,60,2,unknown,210.0,no
67,technician,single,secondary,no,1996.0,yes,no,cellular,4,-1,1,unknown,474.0,no
19,blue-collar,married,secondary,no,119.0,no,no,cellular,3,-1,0,success,130.0,no
77,student,single,secondary,no,110.0,no,no,cellular,5,-1,0,other,46.0,no
58,admin.,single,tertiary,no,4189.0,no,yes,unknown,5,-1,1,unknown,296.0,no
72,admin.,married,secondary,no,-500.0,yes,no,cellular,3,-1,1,success,99.0,no
75,blue-collar,married,secondary,no,82.0,no,no,cellular,4,30,0,unknown,423.0,no
27,blue-collar,married,tertiary,no,2190.0,yes,no,cellular,5,-1,0,failure,87.0,no
23,housemaid,married,tertiary,no,1312.0,yes,no,cellular,5,120,1,unknown,406.0,no
66,management,single,tertiary,no,-500.0,yes,no,cellular,6,-1,1,unknown,242.0,no
29,blue-collar,married,secondary,no,4611.0,yes,yes,cellular,1,120,0,failure,388.0,no
27,admin.,married,primary,no,-30.0,yes,yes,cellular,5,180,0,unknown,202.0,no
47,services,single,primary,no,958.0,no,no,telephone,4,-1,0,unknown,390.0,no
74,admin.,single,secondary,no,2186.0,yes,yes,unknown,3,-1,0,unknown,187.0,no
67,technician,married,secondary,no,5292.0,no,no,cellular,2,-1,0,success,268.0,no
50,technician,single,secondary,no,662.0,yes,no,cellular,5,60,0,unknown,62.0,no
30,services,married,secondary,no,-255.0,yes,yes,cellular,1,-1,3,unknown,430.0,no
38,self-employed,single,secondary,no,2296.0,no,no,unknown,4,-1,0,unknown,299.0,no
60,services,married,tertiary,no,5159.0,yes,no,cellular,2,-1,0,success,39.0,no
27,services,single,primary,no,1645.0,yes,no,cellular,6,-1,0,success,77.0,no
50,technician,married,tertiary,no,886.0,yes,no,cellular,2,-1,0,success,117.0,no
18,technician,married,tertiary,no,2104.0,no,no,cellular,3,-1,0,failure,29.0,no
38,management,single,secondary,no,-500.0,yes,no,cellular,2,-1,0,failure,406.0,yes
33,self-employed,married,secondary,yes,293.0,yes,yes,cellular,4,-1,0,unknown,217.0,no
60,technician,married,tertiary,no,-500.0,yes,no,cellular,3,-1,1,success,97.0,no
74,admin.,married,tertiary,no,752.0,no,yes,cellular,5,-1,0,unknown,150.0,no
27,retired,married,secondary,no,477.0,no,no,cellular,4,-1,0,unknown,639.0,no
67,services,married,primary,no,-500.0,yes,yes,telephone,2,-1,0,unknown,158.0,no
58,services,married,tertiary,no,1723.0,yes,no,telephone,5,365,1,unknown,28.0,no
78,entrepreneur,married,secondary,no,2513.0,yes,no,unknown,4,-1,0,unknown,605.0,no
74,blue-collar,single,tertiary,no,1052.0,yes,yes,cellular,5,-1,0,other,17.0,no
24,blue-collar,divorced,secondary,no,-500.0,yes,no,unknown,3,60,0,unknown,418.0,no
64,retired,married,tertiary,no,3677.0,yes,no,cellular,5,-1,1,failure,169.0,no
54,technician,married,secondary,no,4815.0,yes,no,cellular,6,-1,0,unknown,186.0,no
25,technician,married,secondary,no,2120.0,no,no,cellular,4,30,1,failure,140.0,no
33,blue-collar,married,tertiary,no,763.0,yes,no,telephone,4,120,1,unknown,85.0,no
75,blue-collar,single,secondary,no,786.0,yes,no,cellular,6,-1,0,unknown,32.0,no
51,technician,divorced,secondary,no,2180.0,yes,no,cellular,4,-1,0,unknown,77.0,no
38,services,single,secondary,no,1562.0,no,no,cellular,5,180,1,other,103.0,yes
37,management,divorced,secondary,no,2184.0,no,no,telephone,4,-1,0,unknown,105.0,no
69,entrepreneur,married,tertiary,no,2210.0,no,no,telephone,5,-1,1,unknown,134.0,no
35,blue-collar,single,secondary,yes,71.0,yes,yes,telephone,5,30,0,failure,550.0,no
27,technician,married,secondary,no,-81.0,yes,no,telephone,4,30,0,unknown,147.0,no
53,self-employed,divorced,secondary,no,895.0,yes,no,cellular,3,-1,1,unknown,234.0,no
79,entrepreneur,married,secondary,no,2242.0,yes,no,unknown,3,-1,1,unknown,207.0,no
29,technician,married,primary,no,-500.0,yes,no,cellular,3,90,1,unknown,115.0,no
33,services,single,secondary,no,988.0,no,no,cellular,1,-1,1,unknown,47.0,no
47,technician,married,secondary,no,1335.0,no,yes,cellular,3,-1,1,unknown,462.0,no
30,management,divorced,secondary,no,524.0,yes,no,cellular,5,60,0,failure,264.0,no
58,management,single,secondary,yes,3925.0,yes,no,cellular,3,-1,0,unknown,422.0,no
33,technician,single,secondary,no,3618.0,no,no,cellular,6,30,3,unknown,204.0,no
25,technician,married,primary,no,2148.0,yes,no,unknown,3,-1,0,success,359.0,no
34,technician,married,secondary,no,4587.0,yes,no,cellular,4,60,1,other,140.0,yes
75,technician,single,secondary,no,2981.0,no,no,cellular,1,-1,0,unknown,138.0,no
75,management,married,tertiary,no,1641.0,no,no,unknown,5,-1,0,unknown,266.0,no
49,blue-collar,married,secondary,no,542.0,yes,no,cellular,1,-1,1,unknown,42.0,no
42,entrepreneur,divorced,tertiary,no,689.0,no,no,cellular,4,30,1,unknown,261.0,yes
68,technician,divorced,tertiary,no,2085.0,no,no,cellular,2,30,3,other,101.0,no
30,blue-collar,divorced,tertiary,no,731.0,yes,yes,cellular,4,-1,2,unknown,153.0,no
58,student,married,tertiary,no,-500.0,yes,no,cellular,3,-1,1,unknown,184.0,no
60,technician,married,secondary,no,715.0,yes,no,unknown,3,90,0,unknown,108.0,no
62,technician,divorced,secondary,no,3250.0,yes,no,cellular,4,120,1,failure,117.0,no
31,technician,married,tertiary,no,-500.0,yes,no,cellular,2,-1,1,unknown,205.0,no
62,retired,married,secondary,no,3925.0,yes,no,cellular,4,-1,1,unknown,272.0,no
55,management,married,secondary,no,2433.0,no,no,cellular,2,-1,0,failure,851.0,yes
72,unemployed,single,secondary,no,978.0,no,no,telephone,2,-1,0,unknown,309.0,no
28,blue-collar,married,primary,no,1918.0,yes,no,cellular,2,-1,3,unknown,258.0,no
56,blue-collar,married,secondary,no,3130.0,yes,yes,cellular,3,-1,2,success,33.0,no
69,technician,married,secondary,no,1460.0,no,no,cellular,3,-1,0,success,597.0,yes
35,services,married,secondary,no,3108.0,yes,no,cellular,2,-1,1,unknown,460.0,no
64,retired,single,tertiary,no,2931.0,yes,no,cellular,3,90,1,unknown,58.0,no
24,blue-collar,single,tertiary,no,1715.0,no,no,cellular,3,365,2,other,282.0,yes
62,management,single,secondary,no,-500.0,no,no,cellular,3,-1,2,unknown,221.0,no
55,technician,married,primary,no,1224.0,yes,no,cellular,2,180,0,unknown,294.0,yes
29,self-employed,married,secondary,no,-500.0,yes,no,unknown,5,90,0,unknown,191.0,no
22,housemaid,married,secondary,no,2202.0,no,no,cellular,4,-1,0,unknown,186.0,no
64,retired,divorced,tertiary,no,645.0,yes,yes,cellular,1,-1,1,unknown,442.0,no
32,technician,married,secondary,no,292.0,no,no,telephone,1,90,1,failure,483.0,no
48,technician,married,tertiary,no,2580.0,yes,no,cellular,4,-1,0,other,76.0,no
21,entrepreneur,married,secondary,no,-500.0,yes,no,cellular,4,-1,1,unknown,18.0,no
77,self-employed,divorced,secondary,no,1602.0,no,no,cellular,5,-1,0,unknown,44.0,no
52,blue-collar,single,secondary,no,788.0,yes,no,telephone,2,30,0,unknown,64.0,no
75,management,married,secondary,no,1075.0,yes,no,unknown,3,-1,0,unknown,104.0,no
27,blue-collar,single,primary,no,1912.0,no,no,cellular,3,60,0,success,90.0,no
30,retired,married,secondary,no,4682.0,no,no,unknown,3,-1,0,unknown,495.0,yes
55,retired,single,secondary,yes,2117.0,yes,no,cellular,2,-1,0,unknown,211.0,no
55,blue-collar,divorced,primary,no,3845.0,yes,no,cellular,2,-1,1,unknown,126.0,no
67,blue-collar,single,tertiary,no,3912.0,yes,no,cellular,2,30,0,unknown,292.0,no
75,blue-collar,single,secondary,no,2785.0,no,no,cellular,3,-1,1,unknown,190.0,no
68,blue-collar,married,primary,no,-500.0,yes,no,cellular,2,-1,0,failure,161.0,no
26,services,married,tertiary,no,969.0,no,no,unknown,5,-1,1,unknown,74.0,no
37,blue-collar,single,primary,no,-500.0,no,no,unknown,2,-1,0,unknown,99.0,no
74,blue-collar,single,secondary,no,6555.0,yes,no,cellular,5,-1,0,unknown,112.0,no
52,unemployed,married,secondary,no,-407.0,yes,no,cellular,2,60,1,unknown,58.0,no
71,blue-collar,married,secondary,no,-500.0,no,no,cellular,5,365,2,unknown,235.0,no
52,technician,married,tertiary,no,-500.0,no,no,cellular,4,120,0,unknown,194.0,yes
21,self-employed,married,secondary,no,-465.0,no,no,cellular,8,-1,1,unknown,101.0,yes
47,services,divorced,secondary,no,1621.0,yes,no,cellular,3,-1,2,unknown,179.0,no
69,retired,married,secondary,no,3357.0,yes,no,unknown,3,-1,0,unknown,408.0,no
58,blue-collar,single,secondary,no,-500.0,yes,no,telephone,4,-1,0,failure,294.0,no
26,technician,married,primary,no,3509.0,no,no,cellular,4,-1,0,unknown,223.0,no
31,technician,single,secondary,no,1285.0,no,no,telephone,6,-1,0,unknown,73.0,no
70,blue-collar,divorced,secondary,no,526.0,yes,no,cellular,2,30,0,unknown,514.0,no
78,student,single,secondary,no,1711.0,no,no,cellular,3,-1,1,failure,137.0,no
64,retired,single,secondary,no,3952.0,no,no,cellular,4,-1,1,unknown,343.0,no
24,technician,married,tertiary,no,1492.0,no,no,cellular,4,-1,1,unknown,247.0,no
56,technician,married,tertiary,no,-500.0,yes,no,cellular,3,-1,0,unknown,135.0,no
69,admin.,single,secondary,no,2163.0,yes,yes,telephone,2,120,0,unknown,66.0,no
57,technician,single,tertiary,no,2135.0,no,no,unknown,4,-1,0,unknown,303.0,no
54,technician,single,secondary,no,1058.0,no,yes,cellular,7,-1,1,unknown,208.0,no
46,services,single,tertiary,no,3239.0,yes,no,cellular,8,-1,0,unknown,37.0,no
33,blue-collar,married,tertiary,no,-500.0,yes,no,cellular,2,-1,1,failure,173.0,no
35,technician,married,tertiary,no,2043.0,yes,no,cellular,3,-1,0,unknown,104.0,no
64,services,divorced,tertiary,no,2812.0,no,no,unknown,4,-1,0,unknown,160.0,no
22,blue-collar,married,tertiary,no,-500.0,yes,no,telephone,5,-1,1,success,227.0,no
23,technician,single,secondary,no,-500.0,yes,no,cellular,4,90,2,unknown,72.0,no
42,retired,married,tertiary,no,3197.0,yes,no,cellular,3,-1,2,success,269.0,no
66,technician,divorced,secondary,no,3514.0,yes,no,telephone,4,365,0,unknown,53.0,no
58,services,single,primary,no,3848.0,yes,no,unknown,2,30,0,failure,301.0,no
54,blue-collar,married,secondary,no,153.0,no,yes,cellular,2,-1,0,unknown,296.0,no
51,technician,divorced,secondary,no,1762.0,no,no,unknown,1,-1,0,unknown,275.0,no
24,retired,married,primary,no,2000.0,yes,no,telephone,2,-1,1,unknown,34.0,no
38,management,married,primary,no,-500.0,yes,no,cellular,3,-1,1,unknown,32.0,no
22,housemaid,single,secondary,no,1683.0,no,no,cellular,3,-1,0,failure,30.0,no
65,blue-collar,married,secondary,no,1650.0,yes,no,cellular,3,-1,0,other,40.0,no
64,services,married,secondary,no,2742.0,yes,no,cellular,3,365,0,failure,181.0,no
34,management,single,secondary,no,371.0,no,no,cellular,4,-1,1,unknown,245.0,no
36,technician,divorced,secondary,no,3651.0,no,yes,cellular,4,120,1,unknown,132.0,no
37,technician,married,tertiary,no,1545.0,yes,no,cellular,3,90,0,unknown,197.0,no
73,student,single,secondary,no,4477.0,no,no,cellular,1,60,0,unknown,183.0,no
48,blue-collar,married,secondary,no,2744.0,yes,no,cellular,3,30,0,unknown,166.0,no
65,services,married,tertiary,no,1900.0,yes,no,cellular,4,-1,0,unknown,181.0,no
45,admin.,single,tertiary,no,-500.0,yes,no,cellular,4,-1,0,unknown,217.0,no
61,technician,married,secondary,no,-500.0,no,no,cellular,6,-1,0,failure,277.0,no
50,management,single,primary,no,4282.0,yes,no,cellular,5,30,1,unknown,429.0,no
35,technician,single,secondary,no,2980.0,yes,no,unknown,1,90,1,success,33.0,no
72,entrepreneur,divorced,tertiary,no,887.0,no,no,cellular,4,365,1,unknown,281.0,yes
61,blue-collar,single,tertiary,no,650.0,no,yes,cellular,1,-1,0,other,153.0,no
65,unemployed,married,tertiary,no,1799.0,yes,no,cellular,3,-1,0,success,416.0,no
76,retired,single,tertiary,no,-500.0,no,no,cellular,5,-1,0,unknown,355.0,no
33,technician,single,tertiary,no,558.0,yes,yes,telephone,6,-1,1,unknown,22.0,yes
23,technician,married,secondary,no,2503.0,no,no,cellular,3,-1,0,unknown,77.0,no
54,retired,single,primary,no,2743.0,no,yes,unknown,1,-1,1,success,185.0,no
38,management,single,primary,no,737.0,no,no,cellular,3,120,1,unknown,185.0,no
45,retired,married,secondary,no,4280.0,yes,no,cellular,2,-1,0,unknown,73.0,yes
32,technician,married,primary,no,3281.0,no,no,unknown,1,-1,1,unknown,418.0,no
42,technician,married,secondary,no,16.0,yes,no,unknown,4,-1,0,unknown,115.0,no
42,blue-collar,married,tertiary,no,-500.0,yes,no,cellular,3,-1,1,failure,115.0,no
39,services,single,primary,no,2470.0,no,no,cellular,5,30,1,unknown,42.0,no
64,blue-collar,married,tertiary,no,590.0,yes,yes,telephone,5,-1,0,failure,162.0,no
54,self-employed,single,tertiary,no,248.0,yes,no,cellular,2,-1,0,failure,115.0,no
47,technician,single,primary,no,1801.0,no,no,unknown,7,365,2,unknown,310.0,no
24,technician,married,primary,no,2695.0,yes,no,unknown,2,-1,0,unknown,104.0,no
53,management,married,secondary,no,2825.0,yes,yes,telephone,2,-1,1,unknown,58.0,no
28,entrepreneur,married,tertiary,no,1499.0,no,no,cellular,3,-1,0,failure,150.0,no
37,blue-collar,married,tertiary,no,-500.0,yes,no,unknown,4,-1,0,success,104.0,no
43,blue-collar,married,primary,no,3118.0,yes,no,cellular,1,-1,0,unknown,133.0,no
26,blue-collar,married,secondary,no,-51.0,yes,no,cellular,4,60,0,unknown,168.0,no
42,technician,single,tertiary,yes,1955.0,yes,yes,telephone,2,-1,0,failure,168.0,no
34,housemaid,single,secondary,no,1180.0,yes,no,cellular,4,90,0,unknown,89.0,no
70,blue-collar,married,secondary,no,5439.0,yes,no,unknown,1,60,1,unknown,193.0,no
71,services,married,secondary,no,5104.0,yes,no,cellular,4,-1,0,unknown,288.0,yes
18,blue-collar,single,secondary,no,573.0,no,no,cellular,3,-1,1,unknown,143.0,no
55,blue-collar,married,tertiary,no,-500.0,yes,yes,telephone,6,-1,0,success,236.0,no
57,technician,single,secondary,no,-500.0,yes,no,unknown,2,-1,1,unknown,171.0,no
41,admin.,married,tertiary,no,1889.0,yes,yes,cellular,3,120,0,unknown,159.0,no
47,housemaid,divorced,tertiary,no,428.0,yes,no,cellular,3,180,0,other,96.0,no
66,retired,married,secondary,no,-500.0,no,yes,cellular,3,365,0,unknown,118.0,no
41,blue-collar,married,tertiary,no,457.0,yes,no,cellular,5,-1,1,success,584.0,no
21,blue-collar,married,primary,no,2212.0,no,no,cellular,4,180,0,unknown,538.0,no
41,blue-collar,married,secondary,no,1259.0,yes,no,cellular,4,-1,2,unknown,453.0,no
33,blue-collar,single,secondary,no,532.0,yes,no,unknown,3,-1,0,unknown,174.0,no
41,technician,married,tertiary,no,758.0,yes,yes,cellular,4,-1,0,unknown,181.0,no
32,management,married,tertiary,no,1109.0,yes,yes,cellular,4,-1,2,unknown,501.0,no
27,housemaid,married,secondary,yes,1801.0,no,no,cellular,1,-1,0,unknown,94.0,no
79,entrepreneur,single,secondary,no,1906.0,yes,no,cellular,2,-1,0,unknown,126.0,no
25,technician,divorced,tertiary,no,-500.0,no,no,unknown,2,90,0,unknown,249.0,no
61,blue-collar,married,secondary,no,1700.0,yes,no,cellular,3,-1,1,unknown,262.0,no
62,technician,single,primary,no,748.0,yes,no,unknown,2,60,2,unknown,161.0,no
56,blue-collar,single,secondary,no,-425.0,no,yes,cellular,3,30,2,success,20.0,no
74,technician,married,secondary,no,729.0,no,no,cellular,6,-1,0,unknown,147.0,no
18,blue-collar,married,secondary,no,3481.0,yes,no,unknown,1,-1,2,success,78.0,no
36,admin.,married,secondary,no,2856.0,yes,no,cellular,3,-1,1,unknown,181.0,no
29,retired,married,tertiary,no,1575.0,no,no,cellular,5,60,1,other,123.0,no
53,blue-collar,single,tertiary,no,-215.0,no,no,cellular,1,-1,0,other,42.0,no
57,student,married,secondary,no,-500.0,no,no,cellular,4,-1,1,unknown,37.0,no
73,services,married,tertiary,no,-295.0,yes,yes,cellular,1,-1,0,unknown,87.0,no
41,services,single,secondary,no,1422.0,yes,yes,cellular,4,-1,1,unknown,345.0,no
32,blue-collar,married,tertiary,no,1460.0,no,no,cellular,5,-1,0,unknown,558.0,no
75,services,single,primary,no,228.0,yes,no,cellular,3,-1,2,unknown,297.0,no
59,blue-collar,single,secondary,no,2980.0,yes,yes,cellular,4,-1,0,unknown,370.0,no
65,unemployed,married,secondary,no,2092.0,yes,yes,telephone,4,90,0,unknown,157.0,no
45,services,married,secondary,no,-500.0,yes,no,unknown,4,365,0,success,107.0,no
45,self-employed,married,tertiary,no,1597.0,no,no,cellular,4,-1,0,failure,17.0,no
42,technician,divorced,secondary,no,2760.0,no,no,unknown,4,-1,0,success,250.0,no
64,self-employed,married,secondary,no,1764.0,yes,yes,cellular,5,-1,0,unknown,221.0,no
31,retired,divorced,secondary,no,2447.0,no,no,cellular,3,-1,0,unknown,345.0,no
78,blue-collar,divorced,tertiary,no,926.0,yes,yes,cellular,3,-1,0,unknown,153.0,no
28,services,married,secondary,no,1283.0,yes,no,cellular,5,-1,0,unknown,77.0,no
46,entrepreneur,single,tertiary,no,1320.0,yes,no,unknown,4,-1,0,unknown,130.0,no
37,admin.,married,tertiary,no,1731.0,yes,no,cellular,4,-1,0,success,117.0,yes
57,technician,married,tertiary,no,358.0,yes,no,cellular,3,-1,1,unknown,217.0,yes
60,admin.,divorced,secondary,no,3366.0,no,yes,unknown,2,180,1,other,162.0,no
74,services,married,tertiary,no,3961.0,yes,no,unknown,3,30,0,other,246.0,no
66,blue-collar,divorced,secondary,no,444.0,yes,no,cellular,3,-1,0,unknown,228.0,no
33,management,single,secondary,no,-500.0,no,yes,cellular,5,60,0,unknown,659.0,no
30,technician,married,tertiary,no,-500.0,yes,no,cellular,4,-1,0,unknown,81.0,no
72,admin.,married,secondary,no,2129.0,no,no,telephone,3,-1,0,failure,208.0,no
48,services,married,secondary,no,2458.0,no,no,cellular,3,365,0,unknown,111.0,no
24,self-employed,married,secondary,no,2137.0,yes,no,cellular,3,-1,0,other,114.0,no
69,technician,single,tertiary,no,2291.0,no,no,unknown,2,-1,1,success,291.0,no
58,blue-collar,married,secondary,no,377.0,no,no,unknown,3,-1,1,unknown,231.0,no
19,technician,divorced,tertiary,no,-500.0,yes,no,cellular,5,365,1,unknown,305.0,no
66,management,married,primary,no,505.0,yes,no,unknown,5,-1,2,unknown,280.0,no
55,management,married,secondary,no,4377.0,yes,no,cellular,3,60,0,unknown,327.0,no
56,blue-collar,married,primary,no,1877.0,no,no,cellular,4,-1,0,unknown,169.0,no
71,entrepreneur,married,tertiary,no,2164.0,yes,yes,cellular,5,-1,2,other,170.0,no
48,retired,married,primary,no,3029.0,no,no,cellular,3,-1,0,success,270.0,yes
46,admin.,married,tertiary,no,-112.0,no,no,telephone,5,-1,0,unknown,112.0,no
56,housemaid,single,secondary,no,1802.0,no,no,unknown,4,-1,1,success,40.0,no
30,services,married,tertiary,no,2322.0,no,no,cellular,2,-1,1,unknown,111.0,yes
27,management,married,secondary,no,-279.0,yes,yes,telephone,2,-1,0,unknown,176.0,no
70,blue-collar,married,secondary,no,2055.0,no,yes,cellular,6,-1,0,unknown,220.0,no
31,blue-collar,married,primary,no,3732.0,yes,no,unknown,3,-1,1,unknown,91.0,no
49,management,married,secondary,no,679.0,yes,no,telephone,1,-1,0,unknown,97.0,no
34,services,single,secondary,no,-500.0,no,no,unknown,6,-1,0,failure,47.0,no
32,technician,married,primary,no,1711.0,yes,no,unknown,4,-1,0,unknown,75.0,no
55,retired,married,tertiary,no,218.0,yes,no,cellular,4,-1,2,unknown,253.0,yes
67,services,married,primary,no,1726.0,yes,no,telephone,7,365,0,unknown,384.0,no
45,admin.,married,secondary,yes,-116.0,no,no,cellular,3,30,2,unknown,80.0,no
26,technician,divorced,secondary,no,1510.0,no,no,cellular,3,30,0,unknown,266.0,no
33,blue-collar,single,secondary,no,3609.0,yes,no,cellular,3,-1,0,unknown,374.0,no
28,blue-collar,single,secondary,no,1350.0,no,yes,cellular,3,-1,2,unknown,56.0,no
72,blue-collar,married,tertiary,no,-500.0,no,yes,unknown,4,-1,0,unknown,481.0,no
37,admin.,married,secondary,no,2076.0,no,no,cellular,4,-1,0,unknown,245.0,no
41,technician,married,secondary,no,1436.0,no,no,unknown,8,30,1,unknown,140.0,no
22,blue-collar,single,primary,no,1784.0,yes,no,unknown,3,90,0,unknown,180.0,no
45,blue-collar,married,primary,no,3152.0,no,yes,cellular,4,30,0,unknown,138.0,no
74,blue-collar,married,secondary,no,455.0,no,no,cellular,6,-1,0,unknown,137.0,no
43,technician,single,tertiary,no,882.0,yes,no,cellular,2,180,0,success,125.0,no
58,student,single,secondary,yes,-453.0,yes,no,cellular,5,-1,0,failure,84.0,no
29,technician,married,secondary,no,1748.0,yes,no,cellular,4,-1,1,unknown,299.0,no
26,technician,married,primary,no,1701.0,yes,no,cellular,5,-1,0,other,73.0,no
63,technician,divorced,tertiary,no,932.0,no,no,cellular,3,-1,2,unknown,155.0,no
22,management,married,secondary,no,2745.0,yes,no,cellular,1,-1,0,unknown,95.0,no
45,blue-collar,divorced,secondary,no,-466.0,no,no,unknown,7,-1,1,unknown,50.0,no
37,blue-collar,married,primary,no,1629.0,yes,no,unknown,2,-1,0,unknown,58.0,no
19,blue-collar,divorced,primary,no,2482.0,yes,yes,cellular,3,-1,0,other,306.0,no
50,services,divorced,secondary,no,424.0,yes,no,unknown,8,-1,1,unknown,192.0,no
77,admin.,married,primary,no,-500.0,no,yes,cellular,6,180,0,unknown,312.0,no
22,blue-collar,single,secondary,no,-500.0,yes,no,telephone,6,60,0,failure,13.0,no
68,services,married,secondary,no,1680.0,yes,no,cellular,4,180,0,unknown,113.0,no
51,blue-collar,married,tertiary,no,4449.0,yes,no,cellular,4,-1,0,unknown,142.0,no
62,admin.,married,primary,no,303.0,yes,no,cellular,4,-1,0,unknown,152.0,no
23,admin.,single,secondary,no,2212.0,no,no,cellular,4,-1,0,success,147.0,yes
71,services,married,secondary,no,-500.0,no,no,cellular,7,-1,2,unknown,452.0,no
18,blue-collar,married,secondary,no,2072.0,no,no,cellular,2,-1,1,unknown,175.0,no
74,blue-collar,divorced,primary,no,-500.0,no,no,cellular,5,180,0,other,125.0,no
58,blue-collar,single,primary,no,692.0,yes,no,telephone,4,180,1,unknown,194.0,no
38,student,married,primary,no,1542.0,yes,no,cellular,6,-1,0,success,175.0,no
18,blue-collar,married,secondary,no,-500.0,no,no,telephone,4,-1,0,unknown,152.0,no
55,admin.,married,primary,no,7062.0,no,no,cellular,4,90,1,unknown,314.0,no
23,technician,married,secondary,no,310.0,no,no,unknown,4,-1,0,unknown,248.0,yes
55,technician,divorced,secondary,no,2493.0,yes,yes,cellular,3,-1,0,unknown,110.0,no
65,blue-collar,divorced,secondary,no,4087.0,yes,no,unknown,2,-1,0,unknown,324.0,no
34,blue-collar,married,secondary,no,1928.0,yes,no,cellular,3,-1,0,unknown,23.0,no
32,blue-collar,married,secondary,no,-500.0,yes,no,cellular,3,60,1,unknown,270.0,no
31,services,married,secondary,no,1585.0,yes,no,cellular,3,-1,0,unknown,268.0,no
31,blue-collar,married,tertiary,no,-500.0,yes,no,unknown,2,90,0,unknown,281.0,no
25,technician,married,primary,no,804.0,no,yes,telephone,5,-1,0,other,189.0,no
33,technician,married,primary,no,4418.0,yes,yes,cellular,3,30,0,unknown,587.0,no
58,self-employed,married,tertiary,no,-500.0,yes,no,cellular,4,-1,1,unknown,33.0,no
36,admin.,married,secondary,no,-84.0,no,no,unknown,3,-1,0,failure,107.0,no
66,technician,single,secondary,no,4736.0,yes,no,unknown,3,120,0,unknown,79.0,no
68,services,single,tertiary,no,1086.0,yes,no,cellular,2,180,1,unknown,183.0,no
65,technician,married,secondary,no,-209.0,no,no,cellular,4,-1,2,unknown,365.0,no
51,admin.,married,secondary,no,2101.0,no,yes,unknown,6,-1,1,unknown,59.0,no
37,services,single,primary,no,556.0,yes,no,cellular,5,365,0,success,119.0,no
75,technician,married,secondary,no,-500.0,no,no,cellular,3,-1,1,unknown,372.0,yes
30,technician,divorced,secondary,no,-500.0,yes,no,unknown,4,-1,0,unknown,19.0,no
46,retired,married,tertiary,no,5103.0,no,no,telephone,5,-1,0,unknown,143.0,no
46,management,divorced,secondary,no,1991.0,yes,no,cellular,3,-1,0,unknown,385.0,no
64,management,married,secondary,no,4035.0,yes,yes,cellular,9,60,0,other,130.0,no
51,services,single,tertiary,no,-453.0,no,no,cellular,5,-1,0,unknown,167.0,no
67,technician,married,tertiary,no,1301.0,yes,yes,cellular,2,-1,1,unknown,130.0,no
74,self-employed,single,primary,no,1096.0,no,yes,telephone,1,-1,1,unknown,216.0,no
42,blue-collar,married,secondary,no,415.0,yes,no,cellular,2,30,1,unknown,346.0,no
72,admin.,married,tertiary,no,1778.0,yes,no,cellular,6,365,0,success,143.0,no
28,self-employed,single,tertiary,no,-500.0,yes,no,cellular,1,120,0,failure,714.0,yes
74,technician,married,tertiary,no,3577.0,yes,no,cellular,3,-1,1,unknown,164.0,no
29,admin.,married,tertiary,no,2241.0,yes,yes,cellular,4,-1,0,unknown,169.0,no
70,entrepreneur,married,tertiary,no,1087.0,yes,no,unknown,4,30,1,unknown,251.0,yes
42,technician,single,primary,no,1640.0,no,yes,cellular,4,-1,0,unknown,252.0,yes
77,management,single,secondary,no,856.0,no,no,unknown,3,-1,0,unknown,96.0,no
26,blue-collar,married,secondary,no,-500.0,no,no,cellular,4,30,1,other,166.0,no
46,blue-collar,single,tertiary,no,-383.0,yes,no,unknown,2,-1,3,other,62.0,no
73,housemaid,divorced,secondary,no,1076.0,no,no,cellular,2,-1,2,unknown,167.0,no
20,blue-collar,single,secondary,no,765.0,yes,no,unknown,1,-1,0,success,26.0,no
34,services,married,secondary,no,2566.0,no,no,unknown,2,30,0,unknown,138.0,no
23,self-employed,married,tertiary,no,2409.0,yes,no,cellular,3,120,2,unknown,244.0,no
37,services,married,secondary,no,392.0,no,no,cellular,1,-1,0,failure,5.0,no
42,self-employed,married,tertiary,no,-323.0,yes,yes,unknown,3,-1,0,other,97.0,yes
56,admin.,married,secondary,no,2759.0,no,no,cellular,4,-1,0,unknown,417.0,no
33,blue-collar,single,secondary,no,1741.0,yes,no,cellular,3,365,1,unknown,50.0,no
27,blue-collar,single,secondary,no,281.0,no,yes,cellular,5,30,0,unknown,217.0,no
28,admin.,single,secondary,no,-500.0,yes,no,cellular,5,30,2,unknown,73.0,no
76,services,married,tertiary,no,183.0,no,no,cellular,4,-1,1,other,93.0,no
77,blue-collar,married,primary,no,2106.0,yes,no,unknown,3,90,0,unknown,344.0,no
31,services,single,tertiary,no,4436.0,yes,no,cellular,3,-1,0,success,271.0,no
30,blue-collar,married,tertiary,no,1019.0,yes,no,cellular,2,120,1,unknown,86.0,no
21,blue-collar,divorced,secondary,no,-99.0,no,no,cellular,1,-1,2,failure,94.0,no
77,blue-collar,married,primary,no,5283.0,no,no,unknown,2,-1,1,unknown,92.0,no
61,management,married,primary,no,731.0,yes,no,cellular,3,-1,0,unknown,146.0,no
65,services,single,primary,no,-29.0,yes,no,unknown,4,-1,0,unknown,82.0,no
36,technician,single,primary,no,667.0,yes,no,cellular,2,-1,1,unknown,377.0,no
57,blue-collar,married,primary,no,577.0,no,no,unknown,4,-1,0,unknown,73.0,no
21,self-employed,single,tertiary,no,3687.0,yes,no,unknown,5,-1,0,unknown,66.0,no
59,student,married,secondary,no,-500.0,no,no,unknown,3,-1,1,failure,194.0,no
53,blue-collar,married,tertiary,no,2470.0,yes,yes,cellular,2,-1,0,unknown,324.0,yes
38,admin.,married,secondary,no,1380.0,no,yes,cellular,4,-1,0,unknown,138.0,no
62,blue-collar,single,secondary,no,398.0,yes,no,unknown,4,-1,1,failure,196.0,no
58,admin.,single,tertiary,no,795.0,no,no,unknown,3,-1,2,unknown,202.0,yes
45,technician,married,secondary,no,949.0,no,yes,unknown,2,-1,0,other,309.0,no
29,entrepreneur,single,tertiary,no,1559.0,no,no,telephone,3,-1,0,unknown,216.0,yes
19,retired,single,tertiary,no,588.0,yes,yes,unknown,4,-1,0,unknown,64.0,no
76,student,married,tertiary,no,1282.0,yes,yes,cellular,6,90,0,unknown,50.0,no
35,entrepreneur,married,secondary,no,1.0,yes,no,cellular,3,-1,0,unknown,92.0,no
36,services,married,tertiary,no,5327.0,yes,no,telephone,3,-1,0,other,143.0,no
60,admin.,married,secondary,no,3217.0,no,no,unknown,1,90,1,unknown,101.0,no
33,management,divorced,secondary,no,2279.0,yes,no,cellular,3,-1,0,unknown,229.0,no
41,admin.,single,secondary,no,601.0,yes,no,unknown,6,-1,0,unknown,176.0,yes
62,blue-collar,married,secondary,no,2879.0,yes,no,cellular,3,-1,2,unknown,190.0,no
54,blue-collar,married,secondary,no,1939.0,yes,no,telephone,6,90,2,failure,43.0,no
58,services,married,primary,no,1614.0,yes,no,cellular,1,-1,1,unknown,244.0,no
18,services,married,primary,no,441.0,yes,no,unknown,5,365,0,unknown,59.0,no
45,services,married,tertiary,no,1894.0,no,no,cellular,6,120,0,unknown,185.0,no
47,admin.,married,tertiary,no,4430.0,yes,no,cellular,2,-1,0,unknown,99.0,no
57,unemployed,married,tertiary,no,1545.0,yes,no,unknown,3,-1,2,unknown,264.0,no
27,admin.,married,secondary,no,925.0,no,yes,unknown,3,-1,0,unknown,148.0,no
27,technician,married,tertiary,no,1579.0,no,no,cellular,4,365,0,failure,159.0,no
65,services,married,secondary,no,1479.0,yes,no,unknown,4,-1,0,unknown,449.0,no
59,self-employed,married,secondary,no,415.0,yes,no,cellular,3,30,0,unknown,471.0,no
68,management,married,secondary,no,66.0,yes,no,cellular,6,-1,0,unknown,74.0,no
34,student,married,secondary,no,2828.0,yes,no,cellular,3,-1,0,unknown,218.0,no
79,services,married,secondary,no,3570.0,yes,no,telephone,2,90,0,unknown,386.0,no
34,blue-collar,divorced,secondary,no,5478.0,no,no,cellular,5,-1,0,unknown,148.0,no
58,technician,married,tertiary,no,2225.0,no,no,cellular,2,90,0,unknown,27.0,no
28,admin.,married,secondary,no,1610.0,yes,no,cellular,5,-1,2,unknown,250.0,no
74,management,married,primary,no,3023.0,no,yes,cellular,1,-1,1,success,64.0,yes
38,services,married,secondary,no,-234.0,yes,yes,telephone,2,-1,3,unknown,327.0,no
67,technician,married,secondary,no,2557.0,yes,no,unknown,2,-1,2,unknown,71.0,no
38,management,single,tertiary,no,3270.0,no,no,unknown,7,90,2,unknown,138.0,no
67,blue-collar,divorced,secondary,no,3244.0,no,no,unknown,3,-1,0,unknown,162.0,no
46,management,married,secondary,no,4401.0,yes,yes,cellular,3,-1,0,unknown,167.0,no
21,blue-collar,married,secondary,no,323.0,no,no,unknown,7,30,0,unknown,142.0,no
29,retired,single,secondary,no,514.0,no,no,telephone,7,-1,0,success,694.0,yes
60,management,married,secondary,no,1013.0,no,no,unknown,4,60,1,other,137.0,no
29,student,married,secondary,no,-500.0,yes,no,cellular,4,-1,0,failure,289.0,no
35,blue-collar,single,secondary,no,2369.0,yes,no,cellular,2,-1,1,unknown,432.0,no
51,blue-collar,married,secondary,no,2615.0,no,no,telephone,4,-1,0,unknown,213.0,no
33,management,married,tertiary,yes,2411.0,yes,no,cellular,5,-1,1,success,70.0,no
25,admin.,married,secondary,no,1669.0,yes,no,unknown,3,180,0,unknown,101.0,no
56,blue-collar,married,secondary,no,3210.0,yes,no,telephone,4,-1,0,success,202.0,no
60,blue-collar,divorced,tertiary,no,2435.0,no,yes,cellular,3,30,1,unknown,546.0,no
63,management,married,secondary,no,315.0,no,no,cellular,3,365,0,unknown,134.0,no
76,blue-collar,married,secondary,no,-500.0,yes,no,cellular,3,180,1,unknown,319.0,no
25,retired,married,secondary,no,804.0,no,no,cellular,2,120,0,unknown,49.0,no
44,technician,married,secondary,no,1470.0,yes,no,cellular,8,120,2,failure,286.0,no
32,retired,married,secondary,no,1485.0,yes,no,cellular,3,-1,0,unknown,69.0,yes
73,blue-collar,married,secondary,no,1077.0,no,no,cellular,2,-1,0,other,77.0,yes
51,admin.,married,secondary,no,434.0,yes,no,cellular,5,365,1,unknown,200.0,no
24,blue-collar,married,tertiary,no,-124.0,no,no,cellular,3,-1,2,failure,295.0,no
60,retired,single,secondary,no,-459.0,yes,no,cellular,1,-1,0,unknown,129.0,no
20,services,married,tertiary,no,2183.0,no,no,cellular,3,120,1,unknown,175.0,yes
34,admin.,divorced,secondary,no,3359.0,yes,no,unknown,2,-1,0,unknown,243.0,no
62,blue-collar,married,secondary,no,-500.0,yes,no,cellular,2,-1,1,success,103.0,no
49,blue-collar,married,secondary,no,1290.0,yes,yes,telephone,3,-1,2,other,280.0,no
65,blue-collar,divorced,secondary,no,2820.0,yes,no,cellular,3,-1,1,unknown,178.0,no
53,technician,single,tertiary,no,1060.0,yes,no,cellular,5,365,0,unknown,329.0,no
70,blue-collar,married,secondary,no,2689.0,yes,no,cellular,3,-1,0,unknown,261.0,no
52,admin.,married,secondary,no,3341.0,yes,no,cellular,2,-1,1,failure,110.0,no
21,blue-collar,single,secondary,no,2110.0,yes,no,cellular,3,-1,1,failure,309.0,no
22,blue-collar,married,secondary,no,508.0,no,no,cellular,5,-1,1,unknown,113.0,yes
66,blue-collar,married,tertiary,yes,3767.0,no,no,cellular,3,-1,0,other,221.0,no
20,housemaid,married,tertiary,no,919.0,no,no,cellular,3,-1,1,unknown,65.0,no
41,blue-collar,single,primary,no,919.0,yes,no,unknown,3,30,0,unknown,178.0,no
18,admin.,married,tertiary,yes,2327.0,yes,no,cellular,4,-1,1,unknown,105.0,no
36,self-employed,married,tertiary,no,857.0,no,no,telephone,5,-1,2,failure,395.0,yes
54,management,divorced,secondary,no,997.0,no,yes,unknown,8,-1,0,failure,243.0,no
28,admin.,married,secondary,no,727.0,yes,no,unknown,2,-1,0,unknown,206.0,no
46,technician,single,tertiary,no,1075.0,yes,yes,cellular,5,-1,0,unknown,386.0,yes
79,blue-collar,married,tertiary,no,1755.0,yes,yes,cellular,3,-1,1,other,402.0,no
22,technician,single,secondary,no,-500.0,yes,yes,unknown,2,-1,1,failure,68.0,yes
21,technician,married,secondary,no,1224.0,yes,no,unknown,4,-1,0,unknown,245.0,no
34,management,married,tertiary,no,-500.0,yes,no,telephone,5,-1,2,unknown,372.0,no
69,blue-collar,married,tertiary,no,668.0,yes,yes,cellular,1,-1,0,unknown,125.0,no
43,technician,single,secondary,no,2009.0,yes,no,cellular,5,-1,1,unknown,195.0,no
57,blue-collar,married,tertiary,no,811.0,yes,no,cellular,2,90,0,unknown,193.0,no
20,blue-collar,married,secondary,no,2665.0,yes,no,cellular,1,-1,1,unknown,125.0,no
63,retired,married,secondary,no,2026.0,yes,no,cellular,2,-1,1,unknown,369.0,no
22,management,single,tertiary,no,-500.0,yes,no,cellular,4,-1,0,unknown,123.0,no
62,technician,single,primary,no,3556.0,yes,no,cellular,6,30,0,unknown,182.0,no
27,services,married,primary,no,1849.0,no,no,cellular,3,-1,0,unknown,217.0,no
71,technician,married,tertiary,no,375.0,yes,no,cellular,2,-1,0,unknown,89.0,no
36,services,single,secondary,no,554.0,yes,yes,cellular,3,-1,2,other,210.0,yes
29,services,married,secondary,no,-500.0,no,yes,cellular,7,90,0,unknown,807.0,yes
38,management,married,primary,no,1792.0,yes,no,cellular,4,-1,0,unknown,127.0,no
18,unemployed,married,secondary,no,2572.0,no,no,cellular,2,-1,1,unknown,327.0,no
28,technician,married,secondary,no,176.0,yes,no,cellular,6,90,0,other,92.0,no
55,technician,divorced,secondary,no,-229.0,no,no,cellular,5,-1,0,unknown,166.0,no
36,student,married,tertiary,no,1653.0,no,yes,unknown,5,-1,1,other,95.0,no
39,retired,married,secondary,no,3550.0,yes,no,telephone,4,-1,1,unknown,86.0,no
68,blue-collar,single,tertiary,no,3363.0,no,yes,unknown,4,-1,0,unknown,267.0,no
25,technician,married,primary,no,2892.0,yes,no,cellular,6,30,1,unknown,120.0,no
42,admin.,divorced,secondary,no,5036.0,no,no,unknown,4,-1,0,unknown,182.0,no
29,blue-collar,married,tertiary,no,3064.0,no,no,cellular,5,-1,0,unknown,74.0,no
47,housemaid,divorced,secondary,no,3482.0,no,no,cellular,9,-1,0,failure,76.0,yes
38,retired,single,tertiary,no,1557.0,no,no,cellular,4,-1,1,unknown,153.0,no
20,retired,single,secondary,no,776.0,yes,no,cellular,6,-1,0,unknown,130.0,no
22,blue-collar,married,secondary,no,3442.0,yes,no,unknown,5,-1,0,unknown,39.0,no
70,admin.,single,secondary,no,-366.0,yes,no,cellular,4,90,1,unknown,169.0,no
21,blue-collar,single,secondary,no,2163.0,no,no,cellular,3,-1,2,unknown,145.0,yes
66,blue-collar,married,tertiary,no,306.0,no,no,cellular,1,-1,0,unknown,67.0,no
74,admin.,married,secondary,no,2011.0,yes,yes,cellular,6,-1,0,unknown,141.0,no
46,services,single,secondary,no,1882.0,no,no,cellular,3,-1,0,unknown,164.0,no
37,blue-collar,divorced,primary,no,1693.0,no,no,cellular,1,-1,0,unknown,78.0,no
66,blue-collar,single,secondary,no,1368.0,yes,no,cellular,1,-1,0,unknown,101.0,no
78,blue-collar,married,tertiary,no,2359.0,yes,no,unknown,5,-1,1,unknown,119.0,no
25,management,single,secondary,no,2647.0,no,no,cellular,5,-1,0,success,123.0,no
77,technician,married,tertiary,no,-500.0,yes,no,unknown,4,-1,1,unknown,137.0,no
76,blue-collar,married,secondary,no,1318.0,no,no,unknown,2,-1,1,failure,187.0,no
26,blue-collar,single,tertiary,no,647.0,no,no,unknown,3,120,1,failure,115.0,no
21,services,single,tertiary,no,1749.0,no,yes,cellular,3,-1,0,unknown,47.0,no
62,admin.,single,tertiary,no,651.0,yes,yes,cellular,4,-1,0,success,150.0,no
22,technician,married,tertiary,no,3695.0,no,no,unknown,3,30,0,unknown,230.0,no
55,technician,married,secondary,no,1277.0,no,no,cellular,5,-1,1,unknown,22.0,no
22,self-employed,single,secondary,no,3176.0,no,no,cellular,3,-1,0,success,129.0,no
60,technician,married,tertiary,no,-314.0,yes,no,unknown,6,90,0,unknown,39.0,no
32,housemaid,divorced,tertiary,no,895.0,no,no,cellular,2,-1,0,failure,126.0,no
23,housemaid,divorced,secondary,no,294.0,no,no,unknown,4,-1,0,other,202.0,no
22,admin.,divorced,tertiary,no,2109.0,yes,no,cellular,2,-1,0,unknown,123.0,no
29,admin.,divorced,secondary,no,-500.0,yes,no,cellular,3,-1,0,failure,159.0,no
51,blue-collar,married,secondary,no,-500.0,yes,no,cellular,2,90,0,unknown,182.0,no
22,management,married,primary,no,274.0,yes,no,cellular,1,-1,1,unknown,356.0,no
67,management,single,secondary,no,2410.0,yes,no,telephone,3,-1,0,unknown,38.0,no
55,blue-collar,married,secondary,no,-58.0,no,no,cellular,4,-1,0,unknown,366.0,yes
36,self-employed,single,secondary,no,1878.0,yes,no,cellular,4,-1,1,success,97.0,no
79,blue-collar,married,secondary,no,235.0,no,no,cellular,2,-1,0,unknown,86.0,yes
58,blue-collar,single,secondary,no,-500.0,yes,no,unknown,3,-1,1,other,394.0,no
59,blue-collar,married,secondary,no,2934.0,yes,no,unknown,4,-1,0,unknown,84.0,no
28,services,single,primary,no,2569.0,yes,yes,cellular,4,60,2,unknown,100.0,no
62,management,married,primary,no,1328.0,yes,no,telephone,3,180,1,unknown,116.0,no
52,services,single,secondary,no,1477.0,no,no,cellular,2,-1,1,unknown,67.0,no
79,admin.,divorced,tertiary,no,1026.0,yes,no,cellular,5,180,1,unknown,287.0,no
47,management,married,tertiary,no,-459.0,no,no,cellular,6,120,0,unknown,164.0,no
60,technician,married,primary,no,3751.0,no,yes,cellular,2,-1,0,failure,12.0,no
39,admin.,married,tertiary,no,1219.0,yes,yes,cellular,2,30,0,failure,84.0,no
20,housemaid,married,secondary,no,2051.0,yes,no,cellular,1,-1,0,unknown,29.0,no
25,admin.,single,secondary,no,502.0,yes,yes,cellular,2,-1,1,unknown,78.0,no
71,blue-collar,single,tertiary,no,2197.0,no,no,cellular,3,-1,0,unknown,239.0,no
63,management,married,tertiary,no,3461.0,no,no,unknown,1,-1,0,unknown,160.0,no
40,blue-collar,married,secondary,no,1700.0,no,no,cellular,6,-1,0,unknown,159.0,no
61,retired,divorced,secondary,no,2049.0,no,no,cellular,4,-1,0,unknown,259.0,yes
18,technician,single,secondary,no,2980.0,yes,no,cellular,4,-1,0,unknown,60.0,no
20,blue-collar,married,secondary,no,2673.0,no,no,unknown,4,-1,0,unknown,72.0,no
49,admin.,married,primary,no,3279.0,no,no,cellular,3,-1,0,unknown,120.0,no
56,technician,married,primary,no,1978.0,yes,no,unknown,5,-1,0,unknown,111.0,no
76,management,single,tertiary,no,1977.0,no,no,cellular,3,-1,0,unknown,36.0,no
65,technician,single,primary,no,1831.0,no,no,cellular,1,-1,1,other,407.0,no
33,blue-collar,single,secondary,no,2957.0,no,no,telephone,4,-1,1,unknown,197.0,no
68,self-employed,single,tertiary,no,623.0,no,no,cellular,2,-1,0,unknown,254.0,no
48,technician,single,tertiary,no,2355.0,no,no,cellular,3,-1,3,success,110.0,yes
69,blue-collar,married,secondary,no,5535.0,yes,yes,unknown,3,30,0,unknown,71.0,no
28,technician,married,primary,no,2046.0,yes,no,cellular,4,-1,1,unknown,55.0,no
19,self-employed,married,secondary,no,-500.0,yes,no,unknown,4,-1,0,unknown,220.0,no
21,technician,divorced,secondary,no,878.0,no,no,unknown,5,60,1,unknown,312.0,no
79,blue-collar,married,secondary,no,2517.0,no,yes,cellular,3,-1,0,other,702.0,no
22,management,married,secondary,no,193.0,yes,no,unknown,5,-1,0,failure,217.0,no
76,blue-collar,single,secondary,no,-360.0,no,no,telephone,4,-1,2,failure,828.0,yes
63,technician,married,secondary,no,-500.0,yes,yes,unknown,1,-1,2,unknown,233.0,no
27,admin.,married,secondary,no,1025.0,no,no,cellular,3,-1,0,failure,80.0,no
71,admin.,single,tertiary,no,4301.0,yes,no,cellular,3,-1,0,unknown,142.0,no
26,technician,divorced,tertiary,no,444.0,yes,no,cellular,5,365,0,unknown,201.0,no
26,blue-collar,married,secondary,no,2976.0,yes,no,cellular,2,-1,0,unknown,336.0,no
53,self-employed,married,secondary,no,898.0,no,no,telephone,3,-1,1,unknown,35.0,no
35,blue-collar,divorced,secondary,no,703.0,yes,no,unknown,3,60,1,success,356.0,no
36,services,single,primary,yes,2331.0,yes,no,unknown,3,365,0,other,113.0,no
30,blue-collar,single,tertiary,no,-500.0,yes,no,cellular,2,30,0,unknown,482.0,yes
55,management,married,secondary,no,4405.0,yes,no,cellular,2,-1,1,unknown,151.0,no
19,retired,married,secondary,no,2367.0,no,no,cellular,3,365,0,failure,60.0,yes
33,blue-collar,married,secondary,no,3293.0,yes,no,cellular,2,-1,0,other,26.0,no
52,blue-collar,married,tertiary,no,936.0,yes,yes,cellular,2,90,1,unknown,73.0,yes
48,blue-collar,single,tertiary,yes,2293.0,yes,no,cellular,5,-1,0,unknown,75.0,no
61,services,single,tertiary,no,3079.0,no,no,cellular,3,-1,1,unknown,160.0,no
31,blue-collar,single,secondary,no,1237.0,yes,no,cellular,3,-1,1,success,196.0,no
58,blue-collar,married,secondary,no,-172.0,no,no,cellular,5,365,1,unknown,204.0,no
65,blue-collar,married,secondary,no,-298.0,yes,no,cellular,4,-1,0,unknown,262.0,no
42,management,single,tertiary,no,639.0,yes,no,cellular,2,-1,0,unknown,281.0,yes
33,services,married,secondary,no,1809.0,yes,no,cellular,2,30,1,unknown,178.0,no
52,management,married,secondary,yes,1107.0,no,no,telephone,6,-1,1,unknown,180.0,no
53,technician,married,tertiary,no,519.0,no,no,unknown,5,-1,0,unknown,125.0,no
23,services,married,secondary,no,2620.0,no,yes,cellular,10,90,1,failure,240.0,no
53,technician,married,secondary,no,570.0,no,yes,cellular,3,-1,0,unknown,231.0,no
27,services,married,primary,no,324.0,no,yes,telephone,5,-1,0,unknown,67.0,no
53,blue-collar,single,tertiary,no,3091.0,yes,no,cellular,4,120,0,failure,302.0,no
75,unemployed,married,secondary,no,2391.0,yes,no,unknown,2,-1,1,unknown,468.0,no
51,technician,married,tertiary,no,-500.0,yes,no,cellular,4,-1,0,other,95.0,no
65,retired,married,primary,no,-500.0,yes,no,unknown,3,-1,2,unknown,338.0,no
37,blue-collar,married,secondary,no,-500.0,no,no,cellular,2,30,1,failure,43.0,no
75,blue-collar,married,secondary,no,1345.0,yes,no,unknown,7,365,0,other,206.0,no
68,self-employed,married,tertiary,no,3521.0,no,no,cellular,1,-1,0,unknown,286.0,yes
74,housemaid,married,primary,no,4005.0,no,no,unknown,4,-1,0,unknown,123.0,no
63,services,married,secondary,no,2751.0,no,no,cellular,2,-1,0,unknown,250.0,no
58,entrepreneur,divorced,primary,no,4843.0,yes,yes,cellular,3,-1,0,unknown,131.0,no
50,management,married,tertiary,no,1763.0,yes,no,cellular,4,-1,0,unknown,169.0,no
75,blue-collar,married,secondary,no,3396.0,no,yes,cellular,2,-1,0,unknown,131.0,no
70,blue-collar,divorced,secondary,no,372.0,yes,no,cellular,5,365,0,unknown,244.0,no
43,admin.,single,secondary,no,-500.0,yes,no,cellular,2,180,0,unknown,115.0,no
23,technician,single,secondary,no,844.0,yes,no,cellular,4,30,1,unknown,147.0,no
18,retired,married,primary,no,1175.0,no,no,telephone,2,-1,0,failure,107.0,no
32,technician,divorced,secondary,no,6053.0,no,no,cellular,3,180,0,unknown,52.0,no
21,student,married,primary,no,1399.0,no,yes,telephone,2,-1,0,unknown,38.0,no
31,student,single,tertiary,no,-432.0,no,no,cellular,2,-1,0,unknown,134.0,no
24,management,single,secondary,no,3136.0,yes,no,telephone,6,90,0,unknown,295.0,no
78,technician,married,secondary,no,33.0,no,no,cellular,4,-1,3,unknown,328.0,no
23,technician,divorced,secondary,no,1658.0,no,no,cellular,5,30,0,unknown,167.0,no
56,services,divorced,secondary,no,2979.0,no,no,cellular,2,-1,2,unknown,136.0,no
39,admin.,married,tertiary,no,-277.0,yes,yes,cellular,4,-1,0,other,93.0,no
28,services,married,tertiary,no,4131.0,no,no,cellular,8,30,0,unknown,180.0,no
61,blue-collar,single,secondary,no,3428.0,no,no,cellular,4,-1,0,unknown,213.0,no
78,admin.,married,tertiary,no,2036.0,no,no,cellular,7,-1,0,unknown,78.0,no
67,services,married,secondary,no,4553.0,yes,yes,cellular,4,-1,0,unknown,185.0,no
78,technician,married,tertiary,no,712.0,yes,no,cellular,4,-1,0,unknown,241.0,no
54,blue-collar,single,secondary,no,2830.0,yes,no,cellular,2,-1,0,unknown,208.0,no
59,admin.,divorced,tertiary,no,1902.0,yes,no,unknown,2,-1,0,unknown,73.0,no
27,technician,married,tertiary,no,252.0,yes,no,unknown,3,-1,0,failure,361.0,no
70,blue-collar,single,secondary,no,306.0,no,no,unknown,3,-1,1,unknown,100.0,no
64,admin.,single,secondary,no,5056.0,yes,no,cellular,4,-1,1,unknown,256.0,no
33,services,married,tertiary,no,3307.0,no,no,cellular,1,-1,0,unknown,571.0,no
39,technician,married,primary,no,3001.0,yes,yes,unknown,2,-1,0,unknown,68.0,no
55,management,married,secondary,no,275.0,yes,no,cellular,3,180,0,success,284.0,no
18,retired,single,secondary,no,2674.0,yes,no,unknown,4,-1,0,unknown,37.0,no
68,blue-collar,married,secondary,no,738.0,yes,no,cellular,4,-1,0,unknown,22.0,no
35,blue-collar,married,secondary,no,4456.0,no,no,unknown,2,-1,0,failure,302.0,no
22,student,married,tertiary,no,3583.0,yes,no,unknown,5,-1,1,unknown,186.0,no
38,technician,married,tertiary,no,3055.0,no,yes,telephone,2,-1,0,failure,48.0,no
69,blue-collar,married,secondary,no,2872.0,yes,yes,cellular,4,-1,0,unknown,231.0,no
35,blue-collar,single,tertiary,no,1242.0,no,no,unknown,3,-1,2,failure,81.0,no
51,blue-collar,married,primary,no,2277.0,yes,no,cellular,3,365,0,unknown,157.0,no
68,admin.,single,secondary,no,4174.0,no,no,telephone,2,-1,1,unknown,63.0,no
20,blue-collar,single,primary,no,2240.0,yes,no,cellular,5,30,0,unknown,296.0,no
65,admin.,single,secondary,no,-113.0,yes,no,cellular,3,-1,0,success,161.0,no
35,technician,married,secondary,no,3659.0,yes,no,cellular,3,-1,0,unknown,175.0,no
61,blue-collar,single,secondary,no,177.0,yes,no,cellular,6,-1,0,unknown,232.0,no
29,services,single,secondary,no,1347.0,yes,no,unknown,5,-1,0,unknown,94.0,no
26,retired,married,tertiary,no,547.0,no,no,unknown,2,-1,0,unknown,27.0,no
66,technician,married,secondary,no,-500.0,no,no,cellular,4,30,0,other,13.0,no
68,technician,married,secondary,no,1715.0,yes,no,cellular,6,-1,1,failure,403.0,no
78,blue-collar,single,secondary,no,5311.0,yes,no,cellular,4,-1,1,unknown,118.0,no
59,admin.,married,tertiary,no,1976.0,yes,no,telephone,3,180,1,unknown,185.0,no
46,student,divorced,tertiary,no,6734.0,yes,no,cellular,2,180,0,unknown,105.0,no
30,admin.,single,tertiary,no,1124.0,yes,no,cellular,3,-1,0,unknown,129.0,no
36,blue-collar,single,tertiary,no,1799.0,no,yes,unknown,5,30,0,unknown,471.0,no
58,admin.,divorced,tertiary,no,1212.0,no,no,unknown,3,180,0,unknown,101.0,no
39,technician,single,primary,no,1509.0,yes,no,cellular,2,180,1,other,162.0,no
47,admin.,married,secondary,no,2066.0,no,no,cellular,2,-1,2,unknown,120.0,no
28,management,married,secondary,yes,4119.0,no,no,cellular,4,-1,0,unknown,250.0,no
45,housemaid,single,primary,no,-110.0,no,no,telephone,7,60,0,success,67.0,no
32,services,married,secondary,no,1416.0,yes,no,unknown,4,-1,1,unknown,245.0,no
24,blue-collar,divorced,secondary,no,2508.0,yes,no,cellular,3,-1,1,unknown,176.0,no
26,technician,married,secondary,no,3704.0,no,no,cellular,2,180,0,unknown,202.0,yes
50,services,married,tertiary,no,-500.0,no,no,unknown,5,-1,1,unknown,263.0,no
40,management,single,secondary,no,-500.0,yes,no,cellular,7,-1,1,unknown,125.0,no
24,blue-collar,single,tertiary,no,1473.0,yes,no,cellular,3,-1,1,unknown,262.0,no
49,technician,single,tertiary,no,3415.0,yes,no,unknown,2,-1,1,unknown,118.0,no
28,student,married,tertiary,no,535.0,no,no,cellular,5,-1,1,unknown,127.0,no
18,entrepreneur,married,primary,no,2604.0,yes,yes,unknown,2,-1,1,unknown,293.0,no
26,blue-collar,single,tertiary,no,4960.0,no,no,cellular,1,-1,1,unknown,252.0,no
45,admin.,divorced,primary,no,1419.0,yes,no,cellular,4,365,0,success,326.0,no
77,admin.,married,tertiary,no,989.0,yes,no,unknown,7,-1,1,unknown,98.0,no
32,admin.,single,primary,no,2249.0,no,no,cellular,2,180,3,success,245.0,no
35,admin.,married,secondary,no,1724.0,no,no,cellular,2,-1,1,unknown,47.0,no
33,blue-collar,single,secondary,no,1859.0,no,no,cellular,5,365,0,unknown,293.0,no
40,technician,married,tertiary,no,1074.0,no,no,cellular,3,-1,1,unknown,141.0,no
62,technician,divorced,tertiary,no,937.0,yes,no,cellular,4,-1,0,unknown,285.0,no
37,technician,married,secondary,no,-408.0,no,no,cellular,3,-1,0,unknown,275.0,no
58,self-employed,single,tertiary,no,2504.0,no,no,cellular,4,-1,1,unknown,160.0,no
73,self-employed,single,secondary,no,-472.0,no,no,cellular,3,-1,0,unknown,214.0,no
76,blue-collar,married,tertiary,no,-71.0,yes,no,cellular,3,-1,1,unknown,161.0,no
52,services,married,secondary,no,-500.0,no,no,cellular,3,-1,0,unknown,107.0,no
62,blue-collar,married,tertiary,no,813.0,no,no,cellular,4,-1,0,unknown,120.0,no
74,retired,single,tertiary,no,1447.0,no,yes,cellular,3,-1,0,unknown,114.0,no
66,technician,single,secondary,no,-500.0,no,yes,unknown,2,-1,1,unknown,156.0,no
36,technician,married,secondary,no,921.0,no,no,cellular,3,-1,0,unknown,110.0,no
26,blue-collar,married,secondary,no,1691.0,yes,no,cellular,6,-1,0,unknown,121.0,no
25,services,divorced,tertiary,no,-500.0,yes,no,telephone,3,60,2,unknown,147.0,no
72,admin.,married,secondary,no,33.0,no,no,cellular,3,-1,0,unknown,76.0,no
52,admin.,married,tertiary,no,4648.0,no,no,cellular,2,30,0,unknown,435.0,yes
36,admin.,divorced,tertiary,no,124.0,no,no,cellular,5,-1,1,unknown,15.0,no
39,blue-collar,divorced,secondary,no,2675.0,no,no,cellular,2,-1,1,unknown,68.0,no
35,services,married,secondary,no,486.0,yes,no,unknown,2,60,1,other,230.0,no
67,blue-collar,married,secondary,no,1760.0,yes,yes,cellular,3,-1,1,unknown,334.0,no
55,admin.,single,secondary,no,-35.0,no,no,cellular,2,30,1,unknown,297.0,no
72,unemployed,married,tertiary,no,-500.0,no,no,telephone,3,-1,1,unknown,295.0,yes
36,retired,single,secondary,no,606.0,no,no,cellular,4,-1,0,success,72.0,no
47,entrepreneur,married,tertiary,no,2195.0,no,no,cellular,2,120,3,other,185.0,yes
25,retired,married,secondary,no,2621.0,yes,no,cellular,5,180,1,unknown,69.0,no
78,retired,married,tertiary,no,1657.0,yes,no,unknown,3,-1,2,unknown,259.0,no
49,management,single,secondary,no,1.0,no,no,cellular,6,-1,0,other,265.0,no
52,self-employed,single,secondary,no,3056.0,no,yes,cellular,5,-1,0,success,30.0,no
43,technician,married,secondary,no,100.0,yes,no,cellular,4,-1,1,success,92.0,no
34,blue-collar,married,tertiary,no,211.0,yes,no,cellular,2,-1,0,unknown,331.0,no
76,management,married,secondary,no,-364.0,no,no,unknown,3,-1,0,unknown,55.0,no
48,admin.,single,secondary,no,639.0,yes,no,cellular,3,-1,1,other,87.0,no
59,technician,single,tertiary,no,868.0,yes,no,cellular,7,30,0,success,307.0,no
20,blue-collar,single,secondary,no,1928.0,no,yes,cellular,2,60,0,unknown,179.0,no
35,blue-collar,divorced,secondary,no,-500.0,yes,no,cellular,3,-1,0,unknown,57.0,no
67,unemployed,married,secondary,no,571.0,yes,no,cellular,4,-1,2,other,173.0,no
23,retired,divorced,secondary,no,-41.0,no,no,cellular,3,-1,0,unknown,260.0,no
24,blue-collar,married,secondary,no,2170.0,yes,no,cellular,2,-1,0,success,179.0,no
68,blue-collar,married,secondary,no,1945.0,no,yes,unknown,3,-1,1,other,145.0,no
37,blue-collar,married,secondary,no,-453.0,no,yes,unknown,3,180,0,unknown,64.0,no
34,unemployed,single,secondary,no,2286.0,yes,no,cellular,2,365,0,unknown,81.0,no
53,management,single,secondary,no,1306.0,no,no,cellular,5,-1,1,unknown,403.0,no
30,blue-collar,married,secondary,no,2828.0,no,no,cellular,2,30,0,unknown,125.0,no
20,retired,divorced,secondary,no,237.0,yes,yes,cellular,6,-1,0,unknown,263.0,no
18,housemaid,divorced,secondary,no,2463.0,yes,no,unknown,3,-1,0,other,435.0,no
22,admin.,divorced,secondary,yes,2957.0,no,no,cellular,2,-1,0,success,433.0,no
27,technician,married,tertiary,no,1524.0,yes,no,unknown,4,30,0,success,121.0,no
61,admin.,divorced,secondary,no,5176.0,no,no,cellular,3,-1,0,success,156.0,no
36,technician,single,tertiary,no,2285.0,no,yes,cellular,3,-1,1,success,224.0,no
22,technician,single,secondary,no,4573.0,yes,no,cellular,3,30,0,unknown,31.0,no
18,admin.,married,secondary,no,5939.0,yes,no,telephone,3,-1,0,unknown,343.0,no
47,services,single,tertiary,no,-500.0,yes,no,cellular,3,30,1,success,96.0,no
70,student,single,secondary,no,3473.0,yes,no,cellular,4,-1,0,unknown,82.0,no
38,self-employed,married,tertiary,no,2329.0,yes,no,telephone,5,-1,1,unknown,178.0,no
21,retired,divorced,secondary,no,1838.0,no,no,cellular,3,-1,0,unknown,296.0,no
32,admin.,married,primary,no,210.0,yes,no,telephone,5,-1,1,unknown,145.0,no
48,admin.,single,secondary,no,-204.0,yes,no,cellular,2,90,1,unknown,261.0,no
29,services,married,tertiary,no,-496.0,yes,no,unknown,3,90,0,unknown,42.0,no
78,admin.,married,primary,no,5402.0,yes,no,cellular,2,120,2,unknown,321.0,yes
65,blue-collar,married,secondary,no,2277.0,no,no,telephone,2,60,1,unknown,163.0,no
39,management,married,tertiary,no,-500.0,yes,no,cellular,3,120,1,unknown,227.0,no
76,blue-collar,married,secondary,no,-495.0,yes,yes,cellular,5,365,1,success,91.0,no
38,technician,married,primary,yes,-500.0,yes,no,cellular,2,60,1,unknown,89.0,no
26,technician,married,primary,yes,3544.0,no,no,cellular,3,-1,1,failure,294.0,no
76,technician,single,secondary,no,1482.0,yes,no,cellular,2,30,1,success,135.0,no
77,admin.,married,secondary,no,2317.0,yes,no,cellular,1,-1,1,unknown,278.0,no
37,management,married,secondary,no,1404.0,yes,no,cellular,4,-1,3,unknown,66.0,no
54,technician,married,tertiary,no,3106.0,yes,no,cellular,3,90,1,unknown,169.0,yes
28,blue-collar,married,primary,no,686.0,no,no,unknown,3,-1,0,unknown,110.0,no
57,services,married,secondary,yes,1932.0,yes,no,cellular,5,-1,0,other,60.0,no
60,self-employed,divorced,secondary,no,1893.0,yes,no,unknown,6,90,0,unknown,89.0,no
62,blue-collar,married,secondary,no,-500.0,yes,yes,cellular,3,-1,0,unknown,285.0,no
53,blue-collar,married,primary,no,99.0,no,no,telephone,4,-1,0,unknown,251.0,no
61,services,married,secondary,no,855.0,no,no,unknown,2,-1,0,success,249.0,no
52,blue-collar,married,tertiary,no,1978.0,yes,no,cellular,5,-1,0,unknown,53.0,no
68,technician,single,secondary,no,3899.0,no,no,cellular,2,-1,0,unknown,33.0,yes
29,retired,divorced,tertiary,no,1608.0,yes,no,cellular,4,-1,0,unknown,113.0,no
47,admin.,married,tertiary,no,1242.0,yes,no,unknown,3,-1,0,unknown,173.0,no
43,services,married,secondary,no,1958.0,no,yes,cellular,6,30,0,other,240.0,no
51,management,single,tertiary,no,1117.0,no,no,cellular,4,-1,0,unknown,191.0,no
26,blue-collar,married,tertiary,no,1359.0,no,no,cellular,3,-1,0,unknown,135.0,no
38,technician,married,secondary,no,4129.0,no,yes,unknown,2,-1,0,unknown,189.0,no
77,services,single,secondary,no,998.0,no,no,cellular,1,-1,0,success,413.0,no
24,self-employed,single,primary,no,1871.0,yes,no,telephone,4,30,1,failure,95.0,no
57,technician,married,secondary,no,239.0,yes,no,cellular,3,-1,1,unknown,223.0,no
59,retired,single,tertiary,no,3670.0,yes,no,unknown,2,-1,0,unknown,165.0,no
47,management,married,secondary,no,-241.0,yes,no,cellular,2,90,0,success,117.0,no
20,blue-collar,married,secondary,no,1271.0,yes,no,unknown,3,-1,0,success,192.0,no
20,blue-collar,single,secondary,no,3168.0,no,no,cellular,3,-1,2,other,44.0,no
35,management,single,tertiary,no,-159.0,yes,no,unknown,2,-1,0,unknown,107.0,no
24,management,single,primary,no,2962.0,no,no,cellular,7,-1,0,unknown,111.0,no
23,services,single,secondary,no,-500.0,yes,no,unknown,3,-1,0,unknown,137.0,no
27,management,single,primary,no,-500.0,yes,no,cellular,4,90,0,unknown,343.0,no
29,self-employed,single,tertiary,no,1230.0,no,no,unknown,4,-1,0,unknown,216.0,no
69,technician,married,secondary,no,5737.0,yes,no,cellular,2,-1,0,failure,141.0,no
57,unemployed,married,primary,no,1662.0,yes,no,cellular,4,-1,1,unknown,237.0,no
19,blue-collar,single,secondary,no,1700.0,yes,no,unknown,2,-1,2,success,215.0,no
56,technician,married,secondary,no,3466.0,yes,no,cellular,2,180,0,unknown,146.0,no
26,technician,single,primary,no,-500.0,no,no,cellular,6,-1,0,failure,157.0,no
44,admin.,married,tertiary,no,-500.0,no,no,cellular,8,90,0,unknown,191.0,no
20,blue-collar,married,tertiary,no,4521.0,no,no,cellular,4,365,0,unknown,214.0,no
23,blue-collar,single,primary,no,2488.0,yes,yes,telephone,6,30,1,unknown,119.0,no
26,services,single,tertiary,no,599.0,no,no,cellular,4,-1,0,unknown,213.0,no
44,retired,married,primary,no,1503.0,no,no,telephone,2,180,0,other,78.0,yes
46,management,married,primary,no,3294.0,no,no,unknown,1,90,2,unknown,102.0,no
39,student,single,secondary,no,1167.0,no,yes,cellular,3,-1,0,other,100.0,no
56,blue-collar,divorced,primary,no,1661.0,no,no,unknown,3,-1,0,other,74.0,no
62,entrepreneur,married,secondary,no,5064.0,no,no,cellular,7,-1,1,unknown,157.0,no
63,technician,married,secondary,no,-500.0,no,no,telephone,5,30,1,unknown,302.0,no
53,technician,married,secondary,no,2331.0,yes,yes,telephone,3,-1,0,unknown,324.0,no
51,student,married,tertiary,no,-500.0,no,yes,cellular,2,-1,1,unknown,63.0,no
48,blue-collar,married,secondary,no,4214.0,no,no,cellular,2,90,0,success,359.0,no
32,admin.,single,secondary,no,1928.0,yes,no,cellular,3,180,0,unknown,456.0,no
48,blue-collar,married,secondary,no,164.0,no,no,cellular,3,-1,0,unknown,173.0,no
18,housemaid,married,tertiary,no,-500.0,yes,yes,cellular,2,-1,1,failure,211.0,no
77,blue-collar,married,secondary,no,770.0,yes,no,cellular,3,-1,0,unknown,678.0,yes
40,technician,married,primary,no,1734.0,yes,yes,cellular,4,30,0,failure,196.0,no
64,services,married,tertiary,no,3485.0,no,no,unknown,5,-1,0,unknown,232.0,yes
77,housemaid,married,secondary,no,-500.0,no,no,cellular,3,60,0,other,165.0,no
48,blue-collar,married,tertiary,no,-84.0,yes,yes,unknown,2,-1,0,unknown,194.0,no
71,entrepreneur,single,secondary,no,505.0,no,no,cellular,5,-1,1,other,109.0,no
47,management,married,tertiary,no,5.0,no,no,telephone,1,-1,0,unknown,144.0,no
26,services,married,primary,no,474.0,yes,no,cellular,3,-1,0,unknown,302.0,no
19,admin.,divorced,tertiary,no,-301.0,no,no,unknown,2,-1,0,unknown,101.0,no
26,technician,married,secondary,no,2151.0,yes,no,telephone,3,-1,0,unknown,192.0,no
76,blue-collar,married,primary,no,531.0,yes,yes,cellular,4,120,1,unknown,354.0,no
47,blue-collar,single,tertiary,no,1419.0,yes,no,cellular,1,120,1,unknown,25.0,no
37,unemployed,married,secondary,no,1948.0,no,no,cellular,5,30,0,failure,370.0,yes
45,blue-collar,married,secondary,yes,-500.0,no,yes,unknown,5,-1,0,unknown,101.0,no
33,admin.,single,secondary,no,2469.0,no,yes,unknown,4,60,1,unknown,270.0,no
71,services,married,primary,no,1777.0,no,no,cellular,3,-1,0,unknown,395.0,no
79,entrepreneur,divorced,secondary,no,1779.0,yes,yes,cellular,2,-1,1,success,385.0,no
23,admin.,married,secondary,no,1160.0,yes,no,cellular,5,-1,0,unknown,126.0,no
62,admin.,married,secondary,no,915.0,no,no,cellular,2,30,1,other,126.0,no
38,admin.,married,secondary,no,1497.0,no,no,unknown,3,-1,0,unknown,399.0,no
20,retired,married,tertiary,no,1572.0,yes,no,cellular,3,90,1,unknown,354.0,no
75,blue-collar,married,secondary,yes,-500.0,no,no,cellular,4,-1,0,unknown,48.0,no
21,student,married,secondary,no,4236.0,no,no,cellular,5,-1,1,unknown,106.0,no
30,technician,married,secondary,no,148.0,yes,no,cellular,3,-1,1,unknown,82.0,no
19,blue-collar,married,secondary,no,1520.0,yes,no,cellular,3,-1,1,unknown,38.0,no
47,blue-collar,married,primary,no,3497.0,no,no,cellular,3,-1,0,unknown,320.0,no
55,blue-collar,married,secondary,no,785.0,yes,no,cellular,3,-1,0,unknown,389.0,no
37,blue-collar,single,secondary,no,1827.0,yes,no,unknown,4,-1,0,unknown,21.0,no
22,blue-collar,married,tertiary,no,-500.0,yes,no,unknown,3,-1,0,unknown,38.0,no
25,technician,single,primary,no,-500.0,no,no,cellular,4,365,0,unknown,243.0,no
75,blue-collar,married,primary,no,1354.0,yes,no,cellular,5,-1,0,unknown,390.0,no
67,management,married,secondary,no,1741.0,yes,no,cellular,4,-1,0,unknown,617.0,no
76,services,divorced,secondary,no,3391.0,no,no,unknown,5,60,1,unknown,139.0,no
50,technician,divorced,tertiary,no,2842.0,no,yes,cellular,5,-1,0,unknown,111.0,no
51,blue-collar,married,tertiary,no,-500.0,yes,no,cellular,3,-1,0,unknown,137.0,no
66,blue-collar,married,tertiary,no,3683.0,yes,no,cellular,4,-1,1,unknown,132.0,no
56,unemployed,single,secondary,no,-500.0,yes,no,cellular,4,-1,0,unknown,300.0,no
45,blue-collar,married,primary,no,2953.0,no,no,cellular,2,365,0,unknown,121.0,no
36,services,married,tertiary,no,587.0,no,no,unknown,6,-1,2,failure,313.0,no
48,services,married,tertiary,no,6288.0,no,no,unknown,2,-1,0,success,220.0,no
21,management,married,primary,no,337.0,no,yes,unknown,3,-1,1,unknown,269.0,no
29,blue-collar,single,primary,no,1267.0,yes,no,unknown,4,60,0,unknown,191.0,yes
63,blue-collar,single,secondary,no,1685.0,yes,no,cellular,3,-1,0,unknown,118.0,no
71,management,married,secondary,no,963.0,no,no,cellular,3,-1,0,unknown,171.0,no
24,management,married,secondary,no,-395.0,yes,no,cellular,8,-1,0,unknown,51.0,no
24,student,married,secondary,no,5367.0,yes,yes,unknown,5,180,0,success,121.0,no
23,services,single,tertiary,no,301.0,yes,yes,cellular,6,-1,1,unknown,131.0,no
67,technician,divorced,secondary,no,236.0,yes,no,cellular,1,-1,1,other,327.0,no
37,technician,married,tertiary,no,1203.0,no,yes,unknown,1,-1,1,unknown,148.0,no
38,services,single,primary,no,1748.0,yes,no,cellular,4,30,1,unknown,279.0,no
18,admin.,married,secondary,no,167.0,no,no,cellular,5,-1,1,unknown,361.0,no
78,housemaid,married,tertiary,no,3116.0,yes,no,cellular,6,-1,0,unknown,219.0,no
44,self-employed,married,primary,no,1675.0,yes,no,cellular,1,-1,0,unknown,202.0,no
67,self-employed,married,secondary,no,1436.0,no,no,unknown,3,-1,0,failure,117.0,no
61,blue-collar,married,secondary,no,2405.0,no,no,cellular,3,-1,1,unknown,184.0,no
26,retired,single,secondary,no,-127.0,yes,no,unknown,2,60,0,failure,397.0,yes
67,blue-collar,married,tertiary,no,347.0,no,yes,cellular,2,-1,0,unknown,96.0,no
52,blue-collar,married,tertiary,no,1360.0,no,no,cellular,2,-1,0,unknown,257.0,no
55,technician,single,tertiary,no,3074.0,yes,no,unknown,5,-1,1,unknown,96.0,no
30,housemaid,single,secondary,no,961.0,yes,no,cellular,4,-1,0,unknown,320.0,no
70,retired,married,tertiary,no,829.0,yes,yes,cellular,5,180,2,unknown,122.0,no
75,retired,married,secondary,no,-500.0,no,no,telephone,3,30,0,success,244.0,no
43,retired,single,primary,no,152.0,no,no,cellular,3,-1,0,failure,166.0,no
23,blue-collar,married,tertiary,no,-500.0,no,yes,cellular,2,-1,0,unknown,84.0,no
70,self-employed,married,primary,no,-500.0,no,no,unknown,3,180,1,success,220.0,no
73,blue-collar,married,primary,no,2058.0,no,no,telephone,2,-1,1,unknown,258.0,no
49,services,married,tertiary,no,7374.0,yes,no,cellular,2,-1,0,unknown,181.0,no
53,blue-collar,single,primary,no,1750.0,no,no,cellular,4,-1,1,unknown,91.0,no
31,unemployed,single,primary,no,1999.0,no,no,cellular,4,-1,0,unknown,107.0,no
22,student,married,primary,no,31.0,yes,no,cellular,3,-1,0,unknown,80.0,no
76,housemaid,divorced,tertiary,no,-487.0,yes,no,unknown,4,-1,1,unknown,86.0,no
47,blue-collar,married,primary,no,5101.0,yes,no,cellular,2,120,1,unknown,83.0,no
35,entrepreneur,single,secondary,no,-50.0,no,no,unknown,4,-1,0,unknown,281.0,no
60,services,married,secondary,no,-500.0,no,no,cellular,2,-1,1,other,335.0,yes
19,services,married,secondary,no,1842.0,yes,no,cellular,5,-1,0,unknown,223.0,no
22,services,married,secondary,no,626.0,yes,no,unknown,3,-1,0,unknown,67.0,no
33,technician,single,tertiary,no,2473.0,no,no,cellular,2,-1,1,unknown,91.0,no
45,management,married,tertiary,yes,4222.0,yes,no,cellular,6,60,0,unknown,21.0,no
40,services,married,tertiary,no,2064.0,yes,yes,cellular,4,-1,0,success,102.0,no
29,management,married,tertiary,no,1808.0,no,no,unknown,2,120,0,failure,105.0,no
39,services,married,secondary,no,2587.0,yes,no,cellular,2,-1,1,unknown,202.0,no
38,management,married,secondary,no,6268.0,no,yes,cellular,3,-1,0,unknown,261.0,no
50,student,married,secondary,no,5501.0,no,no,telephone,5,-1,0,unknown,347.0,no
52,admin.,married,secondary,no,831.0,no,no,cellular,4,-1,1,success,92.0,no
72,blue-collar,single,secondary,no,3110.0,no,no,cellular,3,-1,0,unknown,132.0,no
68,blue-collar,single,primary,no,4615.0,no,no,unknown,4,60,1,unknown,142.0,no
36,technician,married,tertiary,no,2648.0,yes,no,cellular,2,30,0,unknown,53.0,no
73,management,married,secondary,no,1281.0,yes,no,telephone,4,365,0,unknown,215.0,no
50,blue-collar,married,secondary,no,504.0,no,no,cellular,4,-1,0,other,58.0,no
29,housemaid,married,tertiary,no,1578.0,no,no,cellular,3,-1,1,unknown,207.0,yes
39,management,single,secondary,no,-500.0,yes,yes,unknown,1,-1,0,unknown,569.0,no
63,technician,married,primary,no,3012.0,no,no,cellular,2,-1,1,failure,322.0,no
68,technician,single,secondary,no,3904.0,no,yes,cellular,5,-1,2,failure,298.0,no
41,technician,married,secondary,no,685.0,no,no,cellular,4,-1,0,unknown,208.0,no
27,technician,divorced,secondary,no,589.0,yes,no,unknown,2,-1,1,failure,182.0,no
29,blue-collar,single,tertiary,no,-500.0,yes,yes,cellular,6,-1,0,unknown,190.0,no
24,blue-collar,single,tertiary,no,2240.0,yes,no,cellular,2,-1,0,unknown,120.0,no
61,self-employed,divorced,tertiary,no,1380.0,yes,no,cellular,5,365,0,unknown,119.0,no
49,services,married,tertiary,no,-500.0,yes,no,cellular,4,-1,0,unknown,209.0,no
45,blue-collar,married,secondary,no,6647.0,yes,yes,cellular,3,-1,2,unknown,43.0,no
59,services,married,tertiary,no,-500.0,yes,no,cellular,4,-1,1,unknown,307.0,yes
69,blue-collar,single,secondary,no,-500.0,no,no,cellular,6,-1,0,failure,202.0,no
67,blue-collar,single,secondary,no,3091.0,no,no,cellular,4,-1,0,unknown,46.0,no
26,blue-collar,married,tertiary,no,2583.0,no,no,unknown,4,-1,1,success,139.0,no
54,technician,single,secondary,yes,114.0,no,no,cellular,2,180,1,success,232.0,no
72,services,married,primary,no,-2.0,yes,no,unknown,6,90,0,other,623.0,no
65,retired,married,tertiary,no,2224.0,no,yes,unknown,5,-1,0,unknown,227.0,no
38,technician,married,secondary,no,2081.0,yes,no,cellular,1,120,1,unknown,129.0,no
42,technician,married,secondary,no,133.0,no,no,cellular,7,-1,0,success,48.0,no
73,entrepreneur,married,secondary,no,3189.0,yes,yes,telephone,9,-1,1,unknown,105.0,no
20,student,single,secondary,no,2429.0,no,no,unknown,1,60,0,failure,187.0,no
50,blue-collar,married,secondary,no,3806.0,yes,no,cellular,3,-1,2,success,514.0,yes
25,management,married,primary,no,1310.0,yes,no,cellular,2,-1,0,unknown,249.0,no
73,blue-collar,married,secondary,no,2858.0,yes,yes,cellular,5,30,1,unknown,223.0,no
20,management,married,secondary,no,989.0,no,no,unknown,4,365,0,success,188.0,no
19,retired,single,secondary,no,2374.0,yes,no,cellular,3,-1,0,unknown,450.0,no
38,admin.,single,secondary,yes,2044.0,yes,no,cellular,2,90,1,unknown,148.0,no
30,management,married,primary,no,2927.0,yes,no,cellular,2,-1,0,success,472.0,no
48,services,single,secondary,no,2335.0,no,no,telephone,1,-1,0,unknown,383.0,no
36,self-employed,single,secondary,no,-500.0,no,no,cellular,4,30,0,unknown,61.0,no
40,admin.,single,secondary,no,272.0,yes,no,unknown,2,-1,0,unknown,24.0,no
53,admin.,married,tertiary,no,1550.0,no,no,cellular,5,-1,0,unknown,272.0,no
52,blue-collar,married,secondary,no,2239.0,yes,yes,telephone,4,90,0,unknown,373.0,no
75,technician,single,primary,no,2885.0,yes,no,unknown,1,-1,0,unknown,152.0,no
47,technician,married,primary,no,2388.0,no,no,unknown,3,-1,0,unknown,243.0,yes
52,blue-collar,married,secondary,no,132.0,no,no,cellular,5,-1,1,unknown,316.0,no
60,services,married,secondary,no,3053.0,yes,no,cellular,5,90,2,unknown,86.0,no
28,retired,married,secondary,no,-56.0,no,no,unknown,1,-1,1,unknown,178.0,no
59,unemployed,married,tertiary,no,3674.0,yes,no,unknown,5,-1,0,unknown,118.0,no
71,admin.,divorced,primary,no,3794.0,no,yes,unknown,1,-1,0,unknown,90.0,no
37,retired,married,secondary,no,1382.0,yes,no,unknown,4,-1,0,success,330.0,no
29,self-employed,married,tertiary,no,234.0,no,no,cellular,7,90,1,unknown,263.0,no
39,blue-collar,divorced,secondary,no,147.0,no,yes,cellular,2,-1,0,unknown,151.0,no
35,admin.,married,secondary,no,-500.0,no,no,unknown,3,-1,0,unknown,211.0,no
54,admin.,married,secondary,no,-261.0,no,no,unknown,5,-1,0,other,195.0,no
71,management,single,secondary,no,1075.0,yes,no,cellular,7,60,1,unknown,233.0,no
54,services,divorced,tertiary,no,393.0,no,no,unknown,1,-1,2,success,162.0,no
25,services,single,primary,yes,-500.0,no,no,cellular,3,-1,0,unknown,136.0,no
37,blue-collar,married,secondary,no,530.0,yes,yes,unknown,3,-1,0,unknown,200.0,no
60,technician,married,secondary,no,1567.0,no,no,cellular,4,30,1,unknown,107.0,no
38,entrepreneur,single,tertiary,yes,790.0,yes,no,cellular,3,60,0,unknown,282.0,yes
54,technician,divorced,primary,no,-211.0,no,no,unknown,4,-1,2,unknown,210.0,yes
61,blue-collar,married,secondary,no,-500.0,yes,no,cellular,5,60,0,unknown,94.0,no
38,technician,single,primary,no,3462.0,no,no,cellular,4,-1,1,unknown,535.0,yes
58,technician,single,secondary,no,1329.0,yes,no,cellular,2,120,0,unknown,292.0,no
42,technician,married,secondary,yes,1977.0,yes,no,cellular,4,-1,2,unknown,34.0,no
26,technician,married,secondary,no,1725.0,no,no,telephone,5,-1,0,success,18.0,no
41,blue-collar,married,tertiary,yes,2295.0,yes,no,unknown,4,-1,0,unknown,127.0,no
45,services,divorced,tertiary,no,1833.0,yes,no,cellular,2,-1,0,unknown,30.0,no
18,retired,married,secondary,no,1577.0,yes,no,cellular,2,-1,2,unknown,147.0,no
73,housemaid,single,tertiary,no,2774.0,no,no,cellular,7,-1,2,unknown,99.0,no
50,unemployed,married,secondary,no,3160.0,no,yes,telephone,6,-1,0,unknown,510.0,yes
20,blue-collar,single,tertiary,no,3890.0,yes,no,cellular,6,-1,0,unknown,124.0,no
71,housemaid,married,tertiary,no,-97.0,no,no,cellular,2,60,0,unknown,188.0,no
71,technician,divorced,tertiary,no,1849.0,yes,no,unknown,5,-1,2,success,415.0,yes
18,blue-collar,married,secondary,no,-500.0,yes,no,cellular,3,-1,2,unknown,286.0,no
28,blue-collar,single,tertiary,no,533.0,no,no,unknown,2,-1,1,unknown,45.0,yes
40,blue-collar,single,secondary,no,1045.0,no,no,cellular,5,180,1,unknown,78.0,no
49,student,married,secondary,yes,2734.0,no,no,cellular,5,-1,0,other,84.0,no
62,technician,divorced,tertiary,no,1188.0,yes,no,unknown,4,-1,0,failure,531.0,no
44,admin.,married,secondary,no,2611.0,yes,no,cellular,4,-1,1,failure,80.0,no
55,self-employed,divorced,secondary,no,779.0,yes,yes,telephone,2,-1,0,other,90.0,no
18,retired,married,secondary,no,360.0,no,no,cellular,2,-1,2,unknown,313.0,no
58,services,single,secondary,no,-44.0,yes,no,unknown,5,30,0,unknown,62.0,no
74,services,divorced,tertiary,no,2643.0,yes,no,unknown,2,-1,1,failure,263.0,no
50,technician,divorced,secondary,no,719.0,yes,no,cellular,4,-1,1,unknown,184.0,no
46,blue-collar,married,secondary,no,-500.0,no,no,unknown,6,-1,1,success,92.0,no
36,blue-collar,married,tertiary,no,2544.0,no,no,cellular,3,-1,1,other,382.0,no
77,retired,single,tertiary,no,-273.0,no,no,cellular,6,-1,1,unknown,303.0,yes
20,management,married,tertiary,no,1748.0,yes,no,unknown,3,365,2,success,187.0,no
35,management,divorced,primary,no,-500.0,yes,no,cellular,3,-1,0,failure,114.0,no
26,admin.,married,secondary,no,1427.0,yes,no,cellular,4,-1,0,unknown,226.0,no
71,blue-collar,married,tertiary,no,-500.0,yes,no,cellular,2,-1,0,unknown,224.0,no
47,technician,single,tertiary,no,1339.0,no,no,telephone,5,30,1,other,49.0,no
75,admin.,married,secondary,no,-175.0,no,no,cellular,4,365,0,success,167.0,no
59,self-employed,married,secondary,no,-500.0,no,no,cellular,2,30,0,unknown,467.0,no
52,student,married,secondary,no,2776.0,no,no,unknown,3,120,1,unknown,148.0,no
50,admin.,divorced,secondary,no,1186.0,no,no,cellular,2,-1,2,failure,286.0,no
30,blue-collar,married,secondary,no,961.0,no,no,cellular,3,-1,0,unknown,223.0,no
52,entrepreneur,divorced,primary,no,96.0,yes,yes,telephone,3,-1,3,other,346.0,no
60,management,married,primary,no,3010.0,no,no,telephone,2,-1,0,unknown,157.0,no
77,blue-collar,married,secondary,no,617.0,yes,no,cellular,2,-1,0,unknown,69.0,no
52,services,married,secondary,no,4078.0,no,yes,cellular,3,90,2,other,217.0,no
76,blue-collar,married,secondary,no,3613.0,yes,no,cellular,3,-1,0,unknown,100.0,no
76,admin.,married,tertiary,no,3966.0,yes,no,unknown,3,-1,0,unknown,118.0,no
50,admin.,married,secondary,no,3142.0,no,no,telephone,6,-1,1,unknown,90.0,no
45,blue-collar,married,tertiary,no,309.0,no,no,telephone,3,-1,0,unknown,38.0,no
26,blue-collar,single,tertiary,no,1494.0,yes,no,telephone,4,-1,3,unknown,107.0,no
34,technician,married,tertiary,no,1034.0,yes,no,cellular,3,90,0,unknown,333.0,no
72,admin.,married,tertiary,no,2909.0,yes,yes,cellular,2,-1,0,unknown,434.0,yes
26,retired,married,tertiary,no,1381.0,no,no,cellular,4,365,1,unknown,223.0,no
42,retired,married,secondary,no,962.0,yes,no,telephone,1,-1,0,unknown,137.0,no
61,services,single,secondary,no,4384.0,yes,no,unknown,4,30,0,other,95.0,no
32,services,single,tertiary,no,811.0,yes,no,cellular,4,60,0,unknown,177.0,yes
78,admin.,single,secondary,no,276.0,yes,no,unknown,3,-1,0,unknown,139.0,no
58,self-employed,married,secondary,no,676.0,yes,yes,cellular,4,-1,1,unknown,407.0,no
19,blue-collar,married,primary,no,3328.0,no,no,cellular,3,-1,3,unknown,143.0,no
33,student,single,secondary,no,1738.0,yes,no,cellular,4,60,0,unknown,71.0,no
63,blue-collar,divorced,primary,no,2225.0,no,no,cellular,3,180,1,unknown,260.0,no
71,services,married,secondary,no,1825.0,no,no,unknown,5,120,0,unknown,96.0,no
75,self-employed,married,secondary,no,-500.0,yes,no,cellular,4,-1,0,unknown,141.0,no
70,services,single,secondary,no,-500.0,yes,no,unknown,4,-1,0,other,87.0,no
22,blue-collar,divorced,secondary,no,898.0,yes,no,unknown,4,-1,0,unknown,339.0,no
63,services,married,tertiary,no,1967.0,yes,yes,cellular,3,60,1,failure,270.0,no
24,services,married,tertiary,no,-372.0,yes,no,cellular,4,60,1,unknown,15.0,no
22,management,single,primary,no,-427.0,yes,no,cellular,5,-1,0,success,575.0,no
60,blue-collar,single,secondary,no,838.0,no,no,telephone,1,365,0,unknown,157.0,no
47,blue-collar,married,tertiary,no,3787.0,yes,no,unknown,2,180,0,unknown,38.0,no
58,blue-collar,married,secondary,no,-500.0,yes,no,cellular,3,-1,1,unknown,123.0,yes
70,student,married,secondary,no,-500.0,no,no,unknown,3,-1,0,unknown,365.0,no
22,housemaid,single,secondary,no,4524.0,no,no,unknown,6,60,0,other,105.0,no
50,services,single,tertiary,no,-500.0,no,no,telephone,2,90,2,success,485.0,no
69,services,married,secondary,no,670.0,yes,yes,cellular,1,-1,0,unknown,71.0,no
45,services,married,secondary,no,-500.0,no,yes,unknown,2,-1,0,failure,315.0,no
50,services,single,primary,no,855.0,yes,no,unknown,3,-1,0,unknown,75.0,no
48,self-employed,married,tertiary,no,1155.0,yes,no,cellular,5,365,0,failure,138.0,no
74,retired,married,tertiary,no,4299.0,yes,no,cellular,6,-1,0,unknown,52.0,no
21,blue-collar,married,secondary,no,2697.0,no,no,unknown,6,-1,1,failure,90.0,no
72,technician,married,tertiary,no,-500.0,yes,no,cellular,2,-1,1,success,133.0,no
68,technician,single,secondary,no,-500.0,no,no,cellular,5,-1,0,unknown,236.0,no
68,management,married,tertiary,no,2299.0,yes,no,cellular,2,30,1,unknown,200.0,no
43,technician,single,tertiary,no,465.0,no,no,cellular,2,-1,1,unknown,247.0,no
49,unemployed,single,tertiary,no,98.0,yes,no,cellular,4,-1,0,unknown,88.0,no
40,management,married,tertiary,no,3533.0,yes,no,cellular,2,90,0,unknown,324.0,no
33,services,single,secondary,no,-500.0,no,no,cellular,2,-1,0,unknown,344.0,no
72,services,married,primary,no,741.0,yes,no,unknown,5,60,0,unknown,95.0,no
49,blue-collar,single,secondary,no,2535.0,yes,no,cellular,8,-1,0,unknown,94.0,no
62,admin.,married,tertiary,no,-500.0,yes,no,unknown,2,-1,0,failure,235.0,no
24,management,divorced,secondary,no,3737.0,yes,no,cellular,2,-1,0,other,114.0,no
66,technician,married,secondary,no,-421.0,yes,no,cellular,5,-1,0,unknown,61.0,no
58,blue-collar,married,primary,no,1273.0,no,no,cellular,1,-1,1,success,59.0,no
79,technician,married,secondary,no,152.0,yes,no,cellular,5,-1,0,unknown,29.0,no
26,services,married,secondary,no,-500.0,no,no,cellular,1,-1,0,unknown,133.0,no
51,services,married,secondary,no,643.0,no,no,unknown,4,-1,1,other,145.0,no
49,blue-collar,married,secondary,no,2826.0,no,no,telephone,4,-1,0,unknown,639.0,yes
51,management,married,primary,no,-462.0,yes,no,cellular,5,-1,2,unknown,151.0,no
21,blue-collar,married,primary,no,269.0,yes,no,cellular,2,-1,2,failure,117.0,no
47,blue-collar,single,tertiary,no,470.0,no,no,cellular,5,30,0,failure,144.0,no
36,admin.,married,secondary,no,2365.0,yes,no,cellular,3,365,0,unknown,109.0,no
56,blue-collar,married,secondary,no,752.0,yes,no,cellular,5,-1,0,unknown,113.0,no
32,blue-collar,divorced,tertiary,no,1442.0,yes,no,telephone,3,-1,0,unknown,204.0,no
44,retired,single,secondary,no,1465.0,yes,no,cellular,4,-1,0,unknown,226.0,no
56,management,married,secondary,no,458.0,yes,no,cellular,4,-1,1,success,54.0,no
21,blue-collar,married,secondary,no,4441.0,yes,no,cellular,3,-1,0,unknown,203.0,no
66,technician,married,secondary,no,-446.0,yes,no,telephone,6,-1,2,unknown,402.0,no
62,retired,married,secondary,no,2665.0,yes,no,cellular,4,-1,0,unknown,59.0,no
21,technician,single,tertiary,no,3696.0,no,no,cellular,1,-1,0,unknown,113.0,yes
22,services,married,secondary,no,1151.0,no,yes,cellular,4,-1,1,failure,91.0,no
70,admin.,divorced,secondary,no,1510.0,no,no,unknown,2,-1,1,unknown,336.0,no
35,technician,single,tertiary,no,2355.0,no,no,unknown,2,-1,0,other,82.0,no
71,technician,divorced,primary,no,732.0,yes,no,cellular,4,-1,0,unknown,136.0,no
48,services,married,secondary,no,-500.0,no,no,cellular,3,-1,2,unknown,101.0,no
39,retired,single,tertiary,no,951.0,yes,no,unknown,4,-1,0,failure,221.0,no
34,management,single,secondary,no,4362.0,yes,yes,cellular,2,-1,1,other,160.0,yes
58,management,single,secondary,no,2424.0,no,no,cellular,1,30,0,unknown,274.0,no
24,student,married,secondary,no,1539.0,yes,no,unknown,4,-1,0,unknown,197.0,no
42,management,married,tertiary,no,2761.0,yes,no,telephone,2,-1,2,other,332.0,yes
39,blue-collar,married,tertiary,no,1140.0,yes,yes,cellular,2,-1,0,unknown,293.0,no
27,admin.,married,tertiary,no,1453.0,yes,no,cellular,6,30,0,other,190.0,no
39,blue-collar,divorced,primary,no,624.0,yes,no,cellular,2,-1,0,failure,240.0,yes
50,blue-collar,single,secondary,no,2260.0,yes,no,cellular,2,365,0,unknown,136.0,no
60,blue-collar,married,secondary,no,435.0,yes,no,cellular,1,-1,1,unknown,182.0,no
23,technician,married,tertiary,no,832.0,yes,no,cellular,5,-1,0,success,260.0,no
72,blue-collar,married,primary,no,2982.0,yes,no,cellular,7,-1,1,unknown,266.0,no
72,blue-collar,single,primary,no,1050.0,yes,no,cellular,2,-1,0,unknown,296.0,no
60,blue-collar,divorced,primary,no,2417.0,no,no,cellular,2,-1,0,unknown,102.0,no
75,retired,married,secondary,no,2566.0,no,no,cellular,2,30,0,unknown,29.0,no
44,self-employed,married,tertiary,no,1262.0,yes,no,unknown,4,-1,0,unknown,163.0,no
68,retired,divorced,tertiary,no,771.0,yes,no,cellular,4,-1,1,success,82.0,no
63,technician,single,primary,no,-500.0,no,no,cellular,3,365,1,failure,144.0,no
52,unemployed,single,secondary,no,-500.0,yes,no,unknown,6,-1,0,failure,421.0,no
29,technician,married,secondary,no,2496.0,no,no,cellular,4,-1,0,unknown,483.0,no
52,technician,married,secondary,no,2463.0,yes,no,cellular,2,-1,0,unknown,77.0,no
73,blue-collar,single,primary,no,-382.0,yes,no,unknown,5,90,1,success,454.0,no
79,retired,married,secondary,no,2114.0,yes,no,cellular,4,-1,0,unknown,51.0,no
45,blue-collar,single,secondary,no,1789.0,yes,no,cellular,2,60,0,unknown,209.0,no
33,technician,single,tertiary,no,3084.0,no,no,cellular,2,-1,0,failure,147.0,no
64,blue-collar,married,secondary,no,5298.0,yes,no,telephone,6,-1,1,unknown,85.0,no
22,blue-collar,married,secondary,no,2435.0,yes,no,unknown,2,-1,0,unknown,168.0,no
27,admin.,single,secondary,no,157.0,no,no,cellular,3,30,0,success,74.0,no
52,self-employed,divorced,secondary,no,2738.0,yes,no,unknown,2,120,0,success,73.0,no
79,services,married,secondary,no,-475.0,no,no,cellular,5,-1,0,failure,119.0,no
38,admin.,single,primary,no,5399.0,yes,no,unknown,2,-1,0,failure,446.0,no
45,management,married,primary,no,-500.0,no,no,unknown,3,-1,0,other,307.0,no
37,entrepreneur,divorced,secondary,no,2189.0,yes,no,unknown,2,60,0,failure,337.0,no
45,technician,single,tertiary,no,1403.0,yes,no,cellular,1,60,0,unknown,57.0,yes
18,admin.,married,tertiary,no,655.0,yes,no,cellular,6,180,0,unknown,100.0,no
54,admin.,single,tertiary,no,542.0,yes,yes,cellular,4,-1,0,failure,206.0,no
54,self-employed,single,secondary,no,3851.0,no,no,cellular,2,365,1,other,139.0,no
37,self-employed,single,secondary,yes,2420.0,yes,no,cellular,4,365,0,unknown,386.0,no
34,technician,married,secondary,no,1126.0,yes,no,cellular,3,-1,0,unknown,70.0,no
65,self-employed,single,secondary,no,4518.0,no,no,cellular,1,-1,0,failure,254.0,no
29,technician,single,secondary,no,1186.0,no,no,telephone,4,-1,0,unknown,36.0,no
20,blue-collar,married,tertiary,no,2723.0,yes,no,cellular,5,-1,1,unknown,42.0,no
20,entrepreneur,married,tertiary,no,-500.0,yes,no,cellular,4,60,0,unknown,218.0,no
72,unemployed,divorced,secondary,no,-500.0,yes,no,cellular,1,30,0,success,360.0,no
40,admin.,single,secondary,no,2678.0,yes,no,cellular,5,-1,0,unknown,114.0,no
24,technician,married,tertiary,no,1955.0,yes,no,cellular,6,-1,0,unknown,102.0,no
72,admin.,single,tertiary,no,5264.0,yes,yes,cellular,2,-1,0,unknown,213.0,no
27,management,married,secondary,no,130.0,yes,no,unknown,2,-1,0,unknown,230.0,no
38,blue-collar,single,secondary,no,2616.0,no,no,cellular,4,365,1,unknown,83.0,no
19,self-employed,married,secondary,no,958.0,yes,no,cellular,3,-1,0,unknown,68.0,no
60,technician,married,secondary,no,2927.0,no,no,unknown,4,-1,0,unknown,160.0,no
61,admin.,divorced,secondary,no,2784.0,no,no,cellular,3,-1,2,unknown,62.0,no
64,blue-collar,single,primary,no,1350.0,yes,no,cellular,3,30,2,unknown,339.0,no
34,blue-collar,married,secondary,no,67.0,no,no,cellular,3,-1,2,unknown,257.0,no
38,blue-collar,divorced,secondary,no,789.0,yes,no,telephone,4,-1,0,unknown,292.0,no
76,entrepreneur,divorced,tertiary,no,-500.0,yes,no,cellular,4,120,0,unknown,288.0,no
68,technician,single,secondary,no,2057.0,yes,no,telephone,4,-1,0,unknown,556.0,no
20,admin.,married,secondary,yes,-500.0,yes,no,cellular,4,-1,1,unknown,52.0,no
60,housemaid,married,secondary,no,354.0,no,no,telephone,3,120,0,unknown,235.0,no
68,management,single,tertiary,no,3027.0,no,no,cellular,2,30,0,unknown,71.0,no
52,blue-collar,divorced,secondary,no,2984.0,no,no,telephone,6,-1,0,unknown,192.0,no
57,blue-collar,married,secondary,no,-500.0,no,no,cellular,3,-1,1,unknown,97.0,no
18,services,married,secondary,no,2449.0,yes,yes,unknown,5,30,0,unknown,275.0,no
19,self-employed,married,primary,no,-500.0,no,no,cellular,7,-1,0,unknown,81.0,no
20,technician,married,tertiary,no,719.0,no,no,telephone,5,60,2,unknown,13.0,no
27,housemaid,single,secondary,no,2779.0,no,no,unknown,2,90,0,unknown,28.0,no
79,self-employed,married,secondary,no,-355.0,no,no,cellular,2,30,0,unknown,253.0,no
57,technician,single,primary,no,3968.0,no,no,cellular,2,-1,0,success,160.0,no
66,technician,single,secondary,no,1862.0,no,no,cellular,6,180,3,unknown,254.0,no
36,technician,married,tertiary,no,2233.0,no,yes,cellular,2,-1,0,unknown,140.0,no
76,blue-collar,divorced,tertiary,no,3339.0,no,no,cellular,1,365,0,unknown,40.0,no
30,unemployed,married,tertiary,no,3003.0,yes,no,unknown,4,120,1,other,96.0,yes
73,technician,married,secondary,no,2846.0,no,yes,cellular,1,-1,0,unknown,318.0,no
19,technician,married,secondary,no,216.0,no,yes,cellular,4,-1,0,unknown,29.0,no
19,services,married,tertiary,no,-500.0,yes,no,telephone,5,-1,0,unknown,90.0,no
22,unemployed,married,secondary,no,892.0,yes,yes,cellular,5,30,3,other,593.0,no
67,management,divorced,tertiary,no,2254.0,yes,no,cellular,5,-1,0,failure,141.0,no
33,services,married,secondary,no,-500.0,no,no,unknown,7,-1,0,unknown,371.0,yes
45,services,married,secondary,no,2449.0,yes,no,unknown,3,-1,0,unknown,391.0,no
47,services,single,tertiary,no,2074.0,no,no,cellular,4,-1,0,unknown,94.0,no
66,student,divorced,secondary,no,1073.0,yes,no,cellular,1,-1,1,unknown,104.0,no
39,blue-collar,married,secondary,no,1511.0,yes,no,cellular,3,-1,1,unknown,85.0,no
18,blue-collar,married,secondary,no,1517.0,no,no,cellular,2,120,0,failure,76.0,yes
41,entrepreneur,married,secondary,no,2195.0,no,no,cellular,3,-1,1,unknown,31.0,yes
35,student,married,secondary,no,2744.0,no,yes,cellular,8,30,0,unknown,193.0,no
63,services,married,secondary,no,6569.0,yes,no,cellular,6,-1,1,unknown,142.0,no
64,technician,single,tertiary,no,1704.0,yes,yes,cellular,5,90,2,failure,307.0,no
23,technician,married,primary,no,241.0,yes,yes,cellular,2,-1,0,unknown,95.0,no
67,self-employed,married,secondary,no,-500.0,yes,no,cellular,5,-1,1,unknown,260.0,no
22,blue-collar,single,primary,no,-500.0,no,no,cellular,5,-1,1,unknown,153.0,no
56,services,married,tertiary,no,37.0,no,no,cellular,4,-1,1,unknown,87.0,no
42,technician,married,secondary,no,2641.0,yes,yes,unknown,5,-1,1,success,275.0,yes
36,services,single,secondary,no,689.0,no,no,unknown,4,-1,0,unknown,156.0,no
47,technician,married,tertiary,no,2132.0,no,no,cellular,3,-1,2,unknown,307.0,no
37,unemployed,married,tertiary,no,82.0,no,yes,cellular,5,-1,0,unknown,234.0,no
67,blue-collar,married,tertiary,yes,2220.0,no,no,cellular,1,-1,0,success,269.0,yes
77,services,married,tertiary,no,2970.0,yes,yes,cellular,6,-1,0,unknown,207.0,no
68,retired,single,secondary,yes,676.0,no,no,cellular,1,-1,1,failure,441.0,yes
45,management,married,tertiary,no,2183.0,no,yes,cellular,4,-1,0,unknown,59.0,no
49,blue-collar,married,primary,no,607.0,no,yes,unknown,9,-1,0,success,260.0,no
45,blue-collar,married,primary,no,-500.0,yes,no,cellular,4,60,0,unknown,177.0,no
67,blue-collar,married,secondary,no,2397.0,no,no,cellular,1,-1,0,unknown,58.0,no
52,self-employed,single,secondary,no,2143.0,yes,yes,cellular,5,-1,0,unknown,96.0,no
47,blue-collar,divorced,secondary,no,2468.0,yes,no,cellular,4,-1,0,other,411.0,no
43,management,married,secondary,no,3120.0,no,no,cellular,4,-1,0,other,296.0,no
41,retired,married,secondary,no,952.0,yes,no,unknown,3,120,0,unknown,328.0,no
52,management,single,tertiary,no,1085.0,no,no,cellular,6,30,1,unknown,228.0,no
60,technician,married,secondary,no,887.0,yes,yes,cellular,2,-1,0,unknown,222.0,no
44,management,married,secondary,no,2022.0,yes,no,cellular,4,-1,0,failure,116.0,no
68,admin.,divorced,primary,no,1150.0,no,no,cellular,1,-1,0,unknown,337.0,yes
69,unemployed,married,secondary,no,1627.0,yes,no,unknown,4,-1,0,unknown,353.0,no
44,technician,married,tertiary,no,103.0,no,no,telephone,3,-1,1,other,379.0,no
74,services,married,primary,no,-450.0,yes,yes,unknown,4,-1,0,unknown,81.0,no
28,student,married,secondary,no,-236.0,yes,no,cellular,2,90,1,unknown,143.0,no
75,blue-collar,married,secondary,no,2150.0,no,no,unknown,3,-1,0,unknown,43.0,no
36,student,married,secondary,no,1323.0,yes,no,cellular,4,-1,0,unknown,95.0,no
52,blue-collar,single,secondary,no,512.0,no,no,telephone,4,-1,1,unknown,77.0,no
35,management,married,tertiary,no,2594.0,no,yes,unknown,8,-1,1,unknown,103.0,no
45,blue-collar,divorced,tertiary,no,4024.0,no,no,cellular,5,-1,0,failure,195.0,no
39,student,married,secondary,no,509.0,no,yes,cellular,3,90,0,unknown,51.0,no
61,blue-collar,married,tertiary,no,-500.0,no,no,unknown,2,180,0,unknown,232.0,no
23,blue-collar,married,tertiary,no,3101.0,no,no,cellular,2,120,0,success,20.0,no
69,admin.,married,secondary,no,1428.0,yes,yes,unknown,2,180,1,unknown,74.0,no
74,services,single,tertiary,no,1070.0,yes,no,cellular,3,-1,0,unknown,167.0,no
52,blue-collar,married,secondary,no,3232.0,yes,no,unknown,6,-1,0,unknown,300.0,no
51,retired,married,tertiary,no,927.0,yes,no,unknown,3,-1,1,unknown,38.0,no
61,blue-collar,married,primary,no,2115.0,yes,no,cellular,4,-1,0,unknown,150.0,no
30,student,married,tertiary,no,1688.0,yes,yes,unknown,4,-1,2,unknown,121.0,no
64,blue-collar,married,tertiary,no,7240.0,no,no,unknown,2,-1,0,unknown,78.0,no
31,technician,married,tertiary,no,1158.0,yes,yes,unknown,3,-1,0,other,59.0,no
59,blue-collar,married,secondary,no,3086.0,no,no,cellular,2,-1,0,unknown,127.0,no
36,admin.,single,secondary,no,949.0,yes,no,telephone,3,30,0,unknown,137.0,no
64,blue-collar,single,tertiary,no,2210.0,yes,no,unknown,4,-1,0,unknown,92.0,no
67,admin.,married,secondary,no,1047.0,yes,no,cellular,3,-1,0,success,194.0,no
30,management,married,tertiary,no,2832.0,no,no,cellular,4,-1,1,success,209.0,yes
56,blue-collar,married,secondary,no,1228.0,no,no,cellular,1,365,0,unknown,104.0,yes
48,technician,married,secondary,no,2306.0,yes,no,unknown,3,90,1,unknown,395.0,no
36,management,married,tertiary,no,39.0,yes,no,cellular,1,60,0,success,162.0,no
54,blue-collar,married,tertiary,yes,-34.0,yes,no,telephone,3,60,3,failure,87.0,no
79,management,divorced,secondary,no,-500.0,no,no,unknown,3,-1,1,unknown,49.0,no
18,blue-collar,single,tertiary,no,2058.0,yes,no,cellular,5,-1,0,unknown,97.0,no
77,blue-collar,married,secondary,no,232.0,no,no,cellular,6,120,3,unknown,115.0,no
71,blue-collar,married,secondary,no,5352.0,yes,no,unknown,4,-1,0,unknown,175.0,no
50,admin.,married,primary,no,550.0,yes,no,cellular,6,-1,1,failure,183.0,yes
55,blue-collar,married,secondary,no,3644.0,yes,no,cellular,5,-1,0,unknown,323.0,no
40,technician,married,secondary,no,3460.0,yes,no,cellular,3,-1,0,unknown,125.0,no
26,services,married,secondary,no,957.0,yes,no,unknown,3,-1,1,unknown,135.0,no
53,technician,married,tertiary,no,74.0,yes,no,cellular,2,-1,0,unknown,342.0,yes
68,blue-collar,married,secondary,no,1158.0,yes,no,cellular,3,30,1,unknown,218.0,no
32,technician,single,tertiary,no,3443.0,yes,no,cellular,5,-1,0,unknown,108.0,no
62,blue-collar,married,secondary,no,5514.0,yes,yes,cellular,2,60,0,success,163.0,no
64,blue-collar,divorced,secondary,no,-500.0,no,no,telephone,3,-1,0,unknown,124.0,no
65,technician,married,secondary,no,1426.0,no,yes,cellular,2,90,1,unknown,253.0,yes
39,admin.,married,tertiary,no,312.0,no,no,unknown,2,30,2,unknown,119.0,no
42,housemaid,married,tertiary,no,749.0,yes,yes,cellular,4,-1,0,unknown,58.0,no
43,technician,married,secondary,no,4472.0,no,no,cellular,4,90,0,success,77.0,no
70,self-employed,married,secondary,no,15.0,no,no,cellular,4,120,1,unknown,320.0,no
73,retired,married,primary,no,-500.0,yes,yes,cellular,2,-1,0,unknown,129.0,no
43,blue-collar,married,secondary,no,1764.0,yes,yes,cellular,1,-1,0,unknown,31.0,no
78,admin.,married,secondary,no,2083.0,no,no,cellular,3,-1,2,unknown,92.0,no
53,unemployed,married,tertiary,no,642.0,yes,no,unknown,4,-1,1,unknown,298.0,no
41,blue-collar,single,secondary,no,174.0,no,no,cellular,1,30,0,other,41.0,no
18,blue-collar,single,secondary,no,1689.0,yes,no,cellular,6,-1,0,success,277.0,no
55,blue-collar,single,tertiary,no,-500.0,yes,no,cellular,4,-1,0,failure,93.0,yes
57,technician,divorced,tertiary,no,2159.0,no,no,cellular,3,90,0,failure,74.0,no
78,student,married,primary,no,774.0,yes,no,cellular,4,-1,0,unknown,144.0,no
62,management,divorced,tertiary,no,3897.0,yes,no,cellular,6,-1,0,other,92.0,yes
19,technician,married,secondary,no,1973.0,yes,no,cellular,2,60,1,unknown,472.0,no
53,admin.,married,secondary,no,1124.0,no,no,cellular,4,-1,1,failure,153.0,no
64,technician,single,secondary,no,987.0,no,no,unknown,2,180,1,unknown,153.0,no
48,admin.,married,secondary,no,-500.0,yes,no,cellular,4,-1,1,unknown,258.0,yes
44,entrepreneur,married,secondary,yes,1177.0,yes,yes,telephone,3,-1,1,unknown,159.0,no
68,admin.,married,tertiary,no,1034.0,yes,no,cellular,2,-1,2,unknown,311.0,no
55,unemployed,married,secondary,no,1493.0,no,yes,cellular,4,365,0,unknown,147.0,no
60,technician,married,secondary,no,1057.0,no,yes,cellular,6,-1,0,unknown,296.0,no
46,retired,single,tertiary,no,3971.0,yes,no,cellular,4,-1,1,unknown,244.0,no
35,blue-collar,married,tertiary,no,916.0,yes,no,cellular,3,-1,0,success,114.0,no
50,blue-collar,married,tertiary,no,-119.0,no,no,telephone,1,-1,0,unknown,79.0,no
77,management,married,tertiary,no,-500.0,yes,yes,unknown,2,180,0,success,75.0,no
55,blue-collar,divorced,tertiary,no,597.0,yes,no,cellular,1,-1,2,failure,106.0,no
61,admin.,divorced,tertiary,no,-485.0,yes,no,telephone,2,-1,1,unknown,132.0,no
25,services,single,secondary,no,-500.0,no,no,cellular,2,120,0,unknown,67.0,no
79,self-employed,married,primary,no,839.0,no,no,unknown,3,-1,1,unknown,183.0,no
33,technician,married,secondary,no,3449.0,yes,yes,cellular,2,120,0,unknown,147.0,no
78,management,married,secondary,no,3083.0,no,yes,cellular,3,365,0,unknown,71.0,no
45,blue-collar,single,secondary,no,-500.0,yes,no,telephone,4,-1,0,unknown,153.0,no
74,management,married,secondary,no,1466.0,no,no,unknown,4,-1,1,unknown,75.0,no
73,blue-collar,single,primary,no,2162.0,yes,no,unknown,3,-1,1,unknown,143.0,no
64,self-employed,married,secondary,no,2452.0,no,no,unknown,6,60,0,unknown,299.0,no
74,student,single,secondary,no,4287.0,yes,no,cellular,2,-1,0,unknown,192.0,no
55,blue-collar,married,secondary,no,-500.0,no,yes,cellular,4,60,0,success,259.0,no
70,blue-collar,married,secondary,no,-194.0,yes,no,cellular,7,-1,0,failure,58.0,no
28,technician,married,secondary,no,207.0,yes,no,unknown,5,-1,2,unknown,38.0,no
22,management,married,secondary,no,2059.0,yes,no,cellular,4,-1,0,success,158.0,no
51,retired,divorced,secondary,no,-500.0,no,no,cellular,4,-1,0,unknown,198.0,no
68,services,married,tertiary,no,988.0,yes,no,telephone,1,-1,1,success,619.0,yes
65,retired,divorced,tertiary,no,-500.0,no,yes,cellular,3,-1,0,other,75.0,no
50,admin.,married,primary,no,1396.0,yes,no,unknown,3,-1,0,unknown,501.0,no
50,technician,married,tertiary,no,5126.0,yes,no,telephone,6,-1,0,unknown,311.0,no
55,technician,married,tertiary,no,3022.0,yes,no,cellular,3,-1,0,success,147.0,no
71,admin.,married,tertiary,no,-500.0,yes,no,telephone,7,-1,0,unknown,206.0,no
70,blue-collar,single,tertiary,no,646.0,no,no,cellular,2,30,0,unknown,274.0,no
24,services,married,secondary,no,-202.0,yes,no,cellular,6,-1,0,unknown,264.0,no
54,self-employed,married,primary,no,3730.0,no,no,unknown,4,-1,0,unknown,233.0,no
41,entrepreneur,married,primary,no,-500.0,yes,no,cellular,2,-1,2,unknown,214.0,no
67,retired,single,secondary,no,609.0,no,yes,cellular,4,-1,0,other,98.0,no
49,services,divorced,secondary,no,146.0,no,yes,telephone,3,-1,0,unknown,237.0,no
79,management,single,tertiary,no,-500.0,yes,no,cellular,2,-1,1,unknown,312.0,no
44,blue-collar,married,secondary,yes,4385.0,yes,no,cellular,2,180,2,unknown,41.0,no
60,admin.,married,secondary,no,-500.0,no,no,cellular,5,-1,0,unknown,302.0,no
24,management,married,tertiary,no,-500.0,no,no,unknown,3,-1,0,unknown,207.0,no
75,technician,divorced,primary,no,4272.0,yes,no,unknown,2,-1,0,unknown,261.0,no
27,retired,married,primary,no,1221.0,yes,no,telephone,2,-1,0,success,352.0,no
41,blue-collar,divorced,secondary,no,1084.0,yes,no,cellular,1,-1,0,unknown,178.0,no
69,technician,single,secondary,no,274.0,no,no,cellular,5,-1,0,unknown,29.0,no
77,entrepreneur,single,secondary,no,1396.0,no,no,unknown,5,90,0,unknown,147.0,no
48,management,single,secondary,no,628.0,yes,yes,cellular,4,-1,0,success,130.0,no
48,blue-collar,married,secondary,no,78.0,yes,no,cellular,2,-1,1,unknown,171.0,no
21,services,married,primary,no,-500.0,yes,no,cellular,2,60,0,unknown,101.0,no
78,services,married,tertiary,no,1472.0,no,no,cellular,7,60,1,unknown,342.0,no
19,technician,married,secondary,no,325.0,no,no,cellular,3,-1,2,failure,220.0,no
19,blue-collar,single,secondary,no,556.0,no,no,cellular,2,365,0,unknown,117.0,no
47,management,married,primary,no,2587.0,yes,no,cellular,1,60,1,unknown,196.0,no
18,blue-collar,divorced,tertiary,no,490.0,no,yes,cellular,3,-1,0,failure,57.0,no
28,technician,single,secondary,no,1202.0,no,yes,cellular,3,-1,1,failure,205.0,no
56,admin.,married,secondary,no,4413.0,yes,no,cellular,3,-1,0,unknown,307.0,no
61,services,married,secondary,no,2091.0,yes,no,unknown,4,-1,0,success,108.0,no
36,services,married,secondary,no,428.0,yes,no,unknown,3,-1,1,unknown,74.0,no
67,blue-collar,married,tertiary,no,-500.0,no,no,cellular,4,-1,0,unknown,266.0,yes
55,blue-collar,single,tertiary,no,1161.0,no,no,cellular,5,-1,0,unknown,291.0,no
32,admin.,single,primary,no,2818.0,yes,yes,unknown,5,-1,2,unknown,363.0,no
62,retired,single,secondary,no,338.0,no,no,cellular,3,-1,0,success,122.0,no
54,unemployed,married,secondary,no,1322.0,yes,no,cellular,1,-1,0,unknown,56.0,no
68,management,single,tertiary,no,292.0,yes,no,cellular,7,-1,0,unknown,59.0,no
27,unemployed,single,primary,no,666.0,yes,no,cellular,3,-1,1,unknown,639.0,yes
32,blue-collar,divorced,secondary,no,-500.0,yes,no,cellular,2,365,3,unknown,175.0,no
36,entrepreneur,single,tertiary,no,1779.0,yes,no,cellular,1,30,1,unknown,57.0,no
39,technician,single,secondary,no,1551.0,yes,no,cellular,4,-1,0,unknown,288.0,yes
73,technician,married,tertiary,no,3945.0,no,yes,unknown,4,-1,0,unknown,322.0,no
63,blue-collar,single,primary,no,1478.0,no,no,unknown,5,-1,0,other,125.0,no
51,services,married,tertiary,no,-0.0,no,no,telephone,2,-1,0,unknown,40.0,no
51,technician,married,tertiary,no,3896.0,yes,no,unknown,4,-1,0,unknown,107.0,no
72,student,married,secondary,no,1938.0,yes,no,telephone,7,-1,1,unknown,371.0,no
45,self-employed,married,primary,no,1622.0,yes,no,cellular,5,-1,5,unknown,155.0,no
31,blue-collar,married,secondary,yes,1256.0,yes,no,telephone,3,30,1,success,198.0,yes
26,admin.,married,secondary,no,1553.0,yes,no,unknown,2,-1,0,failure,224.0,no
38,self-employed,single,primary,no,-277.0,no,no,telephone,1,30,0,unknown,175.0,no
58,management,single,tertiary,no,1125.0,yes,no,unknown,5,-1,2,unknown,177.0,no
47,blue-collar,divorced,tertiary,no,877.0,no,yes,telephone,3,-1,0,unknown,151.0,no
44,blue-collar,single,tertiary,no,1914.0,yes,no,cellular,3,-1,1,unknown,120.0,no
47,entrepreneur,married,secondary,no,3281.0,yes,no,cellular,2,-1,1,unknown,151.0,no
78,management,single,secondary,no,3011.0,no,no,telephone,5,-1,0,failure,90.0,no
79,entrepreneur,married,secondary,no,2192.0,yes,yes,cellular,6,120,0,unknown,94.0,no
28,entrepreneur,married,secondary,yes,-500.0,no,yes,cellular,7,365,0,failure,251.0,no
25,blue-collar,divorced,primary,no,489.0,yes,no,cellular,4,-1,0,other,93.0,no
33,technician,divorced,primary,no,-500.0,yes,no,cellular,1,-1,1,unknown,232.0,no
70,self-employed,married,secondary,no,3220.0,no,no,cellular,2,-1,1,unknown,243.0,no
46,blue-collar,single,primary,no,1055.0,yes,yes,cellular,2,30,0,failure,117.0,no
71,housemaid,married,primary,no,1007.0,no,no,cellular,2,-1,0,other,262.0,no
58,housemaid,divorced,secondary,no,38.0,yes,yes,unknown,2,-1,0,unknown,105.0,no
52,self-employed,single,tertiary,no,3547.0,no,no,unknown,4,60,0,unknown,300.0,no
35,self-employed,married,tertiary,no,1455.0,yes,no,cellular,2,-1,0,unknown,222.0,no
39,services,single,secondary,no,1066.0,yes,no,cellular,3,-1,0,other,82.0,no
27,services,married,secondary,no,1498.0,yes,no,cellular,3,90,0,unknown,200.0,no
50,admin.,married,secondary,no,1636.0,yes,no,cellular,2,-1,0,unknown,275.0,no
35,blue-collar,single,secondary,no,1030.0,no,no,cellular,4,-1,1,unknown,131.0,no
36,admin.,single,secondary,no,3545.0,yes,no,cellular,1,-1,1,unknown,234.0,yes
20,management,married,primary,no,3526.0,yes,no,telephone,2,60,0,success,227.0,no
67,management,single,tertiary,no,1441.0,yes,no,cellular,3,-1,0,unknown,204.0,no
76,services,married,primary,no,-128.0,yes,no,cellular,5,-1,0,unknown,152.0,no
48,blue-collar,married,secondary,no,1861.0,yes,no,telephone,6,-1,2,unknown,49.0,no
51,self-employed,single,secondary,no,201.0,yes,no,cellular,2,-1,0,unknown,80.0,no
75,blue-collar,married,tertiary,no,3841.0,yes,no,unknown,3,-1,1,other,166.0,no
49,entrepreneur,married,secondary,no,4100.0,no,no,cellular,6,-1,0,unknown,49.0,no
56,services,divorced,tertiary,no,2570.0,yes,no,cellular,1,-1,0,unknown,203.0,no
44,admin.,single,tertiary,no,-500.0,yes,no,unknown,2,90,1,unknown,461.0,no
49,blue-collar,married,tertiary,no,435.0,yes,no,unknown,3,90,0,unknown,205.0,no
50,entrepreneur,married,secondary,no,913.0,no,no,telephone,5,-1,0,unknown,452.0,no
62,services,divorced,secondary,no,-239.0,yes,yes,cellular,2,-1,0,failure,116.0,no
55,blue-collar,single,tertiary,no,729.0,yes,no,cellular,2,-1,0,unknown,349.0,no
49,technician,married,tertiary,no,1693.0,no,no,cellular,2,-1,0,unknown,203.0,no
22,unemployed,married,tertiary,no,2224.0,yes,no,cellular,2,-1,1,unknown,262.0,no
74,technician,married,tertiary,no,3593.0,yes,no,cellular,5,-1,0,unknown,59.0,no
73,blue-collar,married,secondary,no,1236.0,yes,no,unknown,4,-1,0,other,348.0,no
29,services,married,secondary,no,735.0,yes,no,cellular,3,-1,1,unknown,385.0,no
36,admin.,single,secondary,no,-500.0,yes,yes,cellular,3,30,0,success,425.0,yes
78,technician,single,secondary,no,1901.0,no,no,unknown,3,-1,1,unknown,114.0,no
37,management,divorced,primary,no,461.0,no,no,cellular,5,60,1,failure,322.0,no
68,blue-collar,married,secondary,no,901.0,no,no,cellular,2,120,0,unknown,166.0,no
66,blue-collar,married,primary,no,259.0,no,no,cellular,7,-1,1,other,379.0,no
71,technician,married,primary,no,310.0,no,no,cellular,1,-1,0,other,306.0,no
18,technician,married,secondary,no,2570.0,no,no,telephone,3,-1,0,unknown,173.0,no
47,retired,married,secondary,no,1176.0,yes,no,cellular,6,30,0,unknown,136.0,no
53,management,divorced,secondary,no,4090.0,no,no,cellular,7,-1,0,failure,722.0,no
69,student,married,secondary,no,-500.0,no,no,cellular,2,-1,0,unknown,242.0,no
31,technician,single,tertiary,no,3529.0,yes,no,cellular,5,90,1,unknown,348.0,yes
37,student,married,secondary,no,391.0,yes,no,cellular,5,-1,0,unknown,242.0,no
29,entrepreneur,married,secondary,no,1179.0,yes,no,telephone,2,-1,0,unknown,131.0,no
65,services,single,secondary,no,2169.0,no,no,unknown,3,-1,0,unknown,193.0,no
79,technician,divorced,primary,no,3127.0,yes,no,cellular,8,365,1,unknown,226.0,no
26,blue-collar,married,secondary,no,3197.0,no,no,cellular,3,-1,0,unknown,298.0,no
32,entrepreneur,divorced,tertiary,no,3163.0,no,no,unknown,3,-1,0,unknown,324.0,yes
37,admin.,married,secondary,no,905.0,no,no,cellular,4,-1,0,unknown,119.0,no
73,housemaid,single,tertiary,no,4542.0,yes,no,telephone,4,-1,0,unknown,41.0,no
45,student,married,secondary,no,2386.0,no,no,cellular,3,-1,0,unknown,146.0,no
35,blue-collar,married,secondary,no,-500.0,yes,no,cellular,4,-1,0,unknown,212.0,no
37,retired,single,tertiary,no,1386.0,no,yes,cellular,4,-1,1,unknown,107.0,no
55,admin.,single,tertiary,no,641.0,no,no,telephone,3,90,0,unknown,432.0,yes
41,technician,single,secondary,no,763.0,yes,no,cellular,2,-1,0,unknown,410.0,yes
26,technician,married,secondary,no,2473.0,no,yes,unknown,5,30,0,unknown,186.0,no
68,retired,single,primary,no,1880.0,yes,no,cellular,2,-1,0,failure,229.0,no
44,services,married,tertiary,no,111.0,yes,no,cellular,4,90,0,unknown,67.0,no
33,admin.,married,secondary,no,4033.0,yes,no,cellular,2,-1,2,unknown,281.0,no
63,technician,married,primary,no,-500.0,yes,no,cellular,8,-1,0,unknown,376.0,no
64,services,married,primary,no,-500.0,no,yes,cellular,5,180,1,unknown,304.0,no
27,blue-collar,married,tertiary,no,-500.0,no,no,cellular,6,-1,0,unknown,321.0,no
22,unemployed,single,secondary,no,2128.0,no,no,cellular,1,30,1,unknown,208.0,no
20,admin.,married,tertiary,no,1989.0,yes,no,unknown,4,-1,0,other,306.0,no
65,self-employed,married,secondary,no,-134.0,yes,no,cellular,2,-1,1,unknown,152.0,no
56,blue-collar,married,secondary,no,257.0,no,no,unknown,6,-1,1,unknown,270.0,no
67,services,single,secondary,no,1321.0,no,no,cellular,1,-1,0,unknown,247.0,no
56,admin.,married,secondary,no,-500.0,yes,no,unknown,2,180,0,unknown,381.0,no
42,admin.,married,secondary,no,2766.0,yes,no,cellular,4,-1,1,unknown,177.0,yes
54,management,single,secondary,no,4147.0,no,no,unknown,3,-1,0,success,23.0,no
62,unemployed,divorced,secondary,no,1008.0,no,no,cellular,3,-1,0,success,282.0,no
42,blue-collar,divorced,tertiary,no,1952.0,no,no,cellular,5,-1,1,unknown,250.0,no
74,self-employed,married,secondary,no,1523.0,no,no,cellular,3,-1,0,failure,53.0,no
73,retired,divorced,secondary,no,3790.0,no,no,cellular,3,-1,0,unknown,153.0,no
67,technician,single,secondary,no,4822.0,yes,no,cellular,1,60,1,unknown,256.0,yes
79,blue-collar,divorced,secondary,no,685.0,no,no,cellular,3,-1,1,unknown,105.0,no
42,retired,married,secondary,no,1387.0,yes,no,telephone,7,90,0,unknown,113.0,no
25,technician,married,secondary,no,2873.0,no,yes,telephone,2,-1,0,success,190.0,no
48,blue-collar,married,tertiary,no,1949.0,yes,no,cellular,6,-1,0,unknown,179.0,no
64,management,single,tertiary,no,-313.0,no,no,cellular,3,-1,0,failure,126.0,no
66,technician,married,primary,no,-500.0,no,yes,cellular,1,-1,0,unknown,217.0,no
42,blue-collar,married,secondary,no,254.0,no,yes,unknown,4,-1,0,success,357.0,no
36,entrepreneur,married,tertiary,no,1919.0,yes,no,cellular,6,-1,0,other,324.0,no
45,blue-collar,divorced,secondary,no,619.0,yes,no,cellular,3,60,0,unknown,213.0,no
67,technician,married,secondary,no,-500.0,yes,no,cellular,3,-1,0,unknown,116.0,no
21,technician,single,secondary,no,284.0,no,yes,cellular,6,-1,0,other,92.0,no
38,self-employed,married,secondary,no,4624.0,yes,no,cellular,6,-1,0,unknown,208.0,no
32,self-employed,divorced,secondary,no,-500.0,yes,no,cellular,4,-1,0,unknown,168.0,no
67,entrepreneur,married,tertiary,no,762.0,no,no,cellular,3,-1,0,unknown,69.0,no
47,admin.,married,secondary,no,400.0,no,no,unknown,5,-1,1,unknown,267.0,no
23,blue-collar,married,secondary,no,4850.0,yes,no,cellular,4,-1,0,unknown,181.0,no
34,blue-collar,married,secondary,no,-500.0,yes,no,cellular,6,-1,0,unknown,137.0,no
20,blue-collar,single,secondary,no,-85.0,yes,no,unknown,5,60,0,unknown,374.0,no
47,services,single,tertiary,no,1445.0,yes,no,unknown,1,-1,1,unknown,176.0,no
79,blue-collar,married,tertiary,no,1633.0,no,no,cellular,1,30,0,unknown,136.0,no
53,admin.,married,tertiary,no,3350.0,yes,no,cellular,6,-1,1,unknown,150.0,no
71,entrepreneur,married,primary,no,3164.0,no,no,cellular,3,180,1,unknown,147.0,no
64,blue-collar,married,tertiary,no,64.0,no,no,cellular,3,-1,0,failure,151.0,no
72,blue-collar,divorced,primary,no,1896.0,no,no,telephone,5,-1,0,unknown,372.0,no
37,blue-collar,single,secondary,no,1020.0,yes,yes,cellular,3,-1,0,unknown,126.0,no
76,blue-collar,married,secondary,no,507.0,yes,no,telephone,2,-1,0,unknown,424.0,no
32,retired,married,secondary,no,3160.0,no,no,unknown,5,-1,1,unknown,359.0,no
45,student,single,secondary,no,1789.0,no,no,cellular,5,-1,0,unknown,257.0,no
60,technician,single,tertiary,no,4202.0,yes,no,telephone,2,-1,0,unknown,394.0,no
35,student,divorced,tertiary,no,2188.0,yes,no,cellular,4,-1,0,unknown,135.0,no
34,self-employed,married,secondary,no,3000.0,no,no,unknown,5,30,0,unknown,281.0,no
26,technician,married,primary,no,-500.0,yes,no,cellular,3,-1,1,unknown,437.0,no
18,retired,married,secondary,no,1494.0,yes,no,unknown,3,-1,0,unknown,265.0,no
49,services,single,secondary,no,2113.0,yes,no,cellular,2,-1,0,unknown,5.0,no
79,housemaid,married,secondary,no,2279.0,yes,no,telephone,3,-1,0,failure,324.0,no
31,blue-collar,single,secondary,no,4119.0,yes,no,cellular,3,-1,1,unknown,656.0,no
45,blue-collar,married,secondary,no,2451.0,no,no,telephone,6,120,1,unknown,149.0,no
76,blue-collar,single,secondary,no,-500.0,no,yes,cellular,6,-1,1,unknown,261.0,no
65,technician,married,tertiary,no,2310.0,yes,no,cellular,6,-1,1,unknown,159.0,no
18,admin.,single,tertiary,no,2848.0,yes,no,cellular,6,-1,1,failure,305.0,no
49,services,married,secondary,no,243.0,yes,no,unknown,3,-1,1,unknown,251.0,no
26,technician,single,primary,no,601.0,yes,no,cellular,3,30,0,unknown,19.0,no
33,management,married,secondary,no,2760.0,yes,no,cellular,3,180,0,unknown,82.0,no
33,admin.,single,secondary,no,1350.0,yes,no,cellular,3,90,0,unknown,219.0,no
55,management,single,tertiary,no,3315.0,yes,no,cellular,2,-1,0,other,216.0,no
30,blue-collar,married,secondary,yes,1682.0,no,no,cellular,3,-1,0,unknown,103.0,no
33,unemployed,married,secondary,no,-500.0,no,no,cellular,1,60,1,unknown,353.0,yes
31,services,married,secondary,no,1455.0,yes,no,cellular,6,-1,0,other,115.0,no
40,services,married,tertiary,no,635.0,yes,yes,telephone,3,-1,0,unknown,462.0,no
58,management,single,tertiary,no,2460.0,yes,yes,cellular,4,180,1,failure,575.0,no
42,services,married,secondary,no,2115.0,no,no,cellular,4,-1,1,unknown,383.0,no
38,services,married,tertiary,no,-343.0,yes,no,cellular,3,-1,1,unknown,150.0,no
50,admin.,married,secondary,no,1710.0,yes,no,unknown,2,-1,0,failure,310.0,no
56,blue-collar,married,primary,no,2318.0,yes,yes,cellular,3,120,2,failure,184.0,no
18,admin.,married,tertiary,no,2153.0,no,no,telephone,2,-1,0,unknown,270.0,no
73,management,single,secondary,no,3113.0,yes,no,unknown,4,-1,0,failure,61.0,no
74,technician,married,primary,no,-486.0,yes,no,cellular,5,-1,0,unknown,91.0,no
55,self-employed,divorced,primary,no,1073.0,no,yes,telephone,5,-1,0,unknown,22.0,no
53,management,single,primary,no,-500.0,yes,no,cellular,5,-1,0,failure,423.0,yes
61,technician,married,secondary,no,3478.0,yes,no,unknown,3,365,0,unknown,256.0,no
45,blue-collar,single,secondary,no,1574.0,no,yes,cellular,3,-1,1,unknown,70.0,no
40,admin.,single,primary,no,1199.0,no,no,cellular,4,-1,0,failure,519.0,no
39,technician,married,secondary,no,1169.0,no,yes,unknown,3,-1,0,unknown,422.0,no
27,technician,married,secondary,no,2264.0,yes,yes,cellular,3,60,0,unknown,313.0,no
70,services,single,tertiary,no,3273.0,yes,no,cellular,3,-1,1,unknown,110.0,no
37,blue-collar,married,tertiary,no,876.0,no,no,cellular,4,-1,0,unknown,287.0,no
35,technician,married,primary,no,2137.0,no,no,telephone,3,-1,1,unknown,49.0,no
77,student,married,primary,no,2116.0,yes,no,cellular,2,30,0,unknown,45.0,no
49,services,married,primary,no,-500.0,no,no,cellular,3,-1,1,unknown,523.0,no
56,blue-collar,single,secondary,no,126.0,yes,no,unknown,4,-1,0,failure,193.0,no
33,management,married,secondary,no,2184.0,yes,no,cellular,2,30,0,unknown,180.0,no
35,technician,married,primary,no,3621.0,no,no,telephone,2,180,0,unknown,114.0,no
63,technician,single,tertiary,no,3846.0,yes,no,telephone,2,-1,0,success,188.0,yes
45,retired,married,tertiary,no,-500.0,yes,no,cellular,3,30,0,unknown,408.0,no
27,retired,married,secondary,no,3199.0,yes,no,cellular,4,30,0,unknown,295.0,no
69,services,married,primary,no,3260.0,no,no,cellular,1,-1,0,success,186.0,no
42,retired,divorced,tertiary,no,2143.0,yes,no,cellular,4,365,1,other,171.0,no
59,housemaid,single,tertiary,no,-500.0,yes,no,unknown,3,-1,0,unknown,237.0,no
39,admin.,married,primary,no,433.0,yes,no,telephone,5,-1,1,unknown,75.0,no
52,blue-collar,single,secondary,no,1595.0,yes,no,cellular,4,365,0,unknown,78.0,no
66,student,single,secondary,no,975.0,yes,no,cellular,2,-1,0,unknown,95.0,no
72,admin.,single,secondary,no,-500.0,no,no,cellular,4,-1,1,unknown,167.0,no
30,admin.,single,tertiary,no,930.0,yes,no,cellular,1,-1,0,unknown,76.0,no
59,technician,single,secondary,no,-275.0,no,no,cellular,6,365,0,unknown,67.0,no
74,services,single,secondary,no,2463.0,yes,no,cellular,3,30,0,unknown,49.0,no
57,admin.,married,secondary,no,2264.0,no,yes,cellular,2,30,1,unknown,345.0,no
26,blue-collar,married,secondary,no,2342.0,yes,no,cellular,1,-1,1,other,367.0,no
29,student,married,tertiary,yes,735.0,yes,no,cellular,4,-1,0,unknown,314.0,no
30,housemaid,married,secondary,no,1437.0,yes,no,telephone,3,-1,0,unknown,224.0,no
24,management,divorced,tertiary,no,1249.0,yes,no,telephone,5,90,0,unknown,45.0,no
64,management,single,tertiary,no,3045.0,yes,no,cellular,2,-1,0,unknown,829.0,yes
77,blue-collar,single,secondary,no,440.0,yes,no,unknown,5,-1,0,failure,86.0,no
50,services,single,secondary,no,37.0,no,no,cellular,2,-1,0,failure,174.0,yes
55,admin.,divorced,secondary,no,3131.0,yes,no,cellular,4,-1,1,unknown,176.0,no
65,management,single,secondary,no,2878.0,no,yes,unknown,4,180,0,other,261.0,no
43,blue-collar,married,primary,no,2239.0,yes,no,cellular,5,-1,0,other,193.0,yes
47,admin.,married,primary,no,4243.0,yes,no,cellular,4,-1,1,unknown,123.0,yes
54,blue-collar,married,primary,no,5159.0,yes,no,cellular,6,-1,0,unknown,99.0,no
36,technician,married,tertiary,no,3615.0,no,no,cellular,4,-1,1,unknown,107.0,no
21,blue-collar,married,tertiary,no,55.0,no,no,cellular,4,-1,0,success,397.0,yes
53,blue-collar,married,tertiary,no,2896.0,yes,no,cellular,3,120,1,unknown,275.0,no
68,blue-collar,married,tertiary,no,1598.0,no,no,cellular,1,-1,0,success,85.0,no
22,services,married,tertiary,no,388.0,yes,no,unknown,2,120,2,unknown,463.0,yes
31,management,divorced,secondary,no,66.0,no,no,cellular,2,365,0,failure,93.0,no
34,technician,married,secondary,no,1885.0,no,no,cellular,3,120,0,other,33.0,yes
67,services,single,tertiary,no,2870.0,no,no,cellular,2,-1,0,unknown,53.0,no
49,retired,married,tertiary,no,3883.0,no,no,cellular,2,-1,1,success,5.0,no
51,services,divorced,tertiary,no,2613.0,no,yes,unknown,2,-1,0,unknown,224.0,no
58,admin.,single,secondary,no,2433.0,yes,no,unknown,2,-1,2,failure,236.0,no
35,technician,divorced,tertiary,no,1029.0,no,yes,cellular,8,-1,0,success,358.0,no
62,technician,married,secondary,no,1790.0,no,no,cellular,2,-1,3,success,93.0,no
19,blue-collar,single,secondary,no,-500.0,no,no,cellular,5,-1,0,unknown,277.0,no
25,self-employed,married,secondary,no,2417.0,yes,no,unknown,4,-1,2,failure,189.0,no
68,blue-collar,married,primary,no,2177.0,no,no,cellular,1,-1,2,unknown,131.0,no
58,retired,single,secondary,no,4846.0,yes,no,unknown,3,120,1,unknown,289.0,no
28,student,married,tertiary,no,1329.0,yes,no,unknown,3,-1,0,unknown,191.0,no
45,technician,married,secondary,no,3544.0,no,yes,cellular,4,-1,2,unknown,145.0,no
21,blue-collar,single,tertiary,no,546.0,yes,no,cellular,3,-1,0,unknown,388.0,no
59,services,married,primary,no,4455.0,yes,no,unknown,4,30,2,unknown,204.0,no
64,services,single,primary,no,4009.0,yes,no,cellular,6,120,1,unknown,202.0,no
35,blue-collar,married,secondary,no,3437.0,no,yes,unknown,2,180,0,unknown,82.0,no
39,self-employed,married,secondary,no,1508.0,yes,yes,cellular,3,-1,2,failure,370.0,no
32,services,married,primary,no,1000.0,yes,no,unknown,5,-1,0,unknown,277.0,no
42,student,married,primary,no,732.0,no,yes,cellular,4,30,0,unknown,128.0,no
34,unemployed,single,secondary,no,-351.0,yes,no,telephone,4,-1,0,unknown,84.0,no
33,admin.,single,secondary,no,2242.0,yes,no,cellular,3,-1,0,unknown,125.0,no
44,blue-collar,married,secondary,no,953.0,yes,no,cellular,5,-1,1,failure,190.0,no
71,blue-collar,married,primary,no,2089.0,yes,yes,cellular,4,-1,1,unknown,232.0,no
65,blue-collar,single,primary,no,1706.0,no,no,cellular,4,-1,0,failure,479.0,no
36,management,married,primary,no,-500.0,yes,no,unknown,8,60,0,unknown,193.0,no
76,technician,married,primary,no,3310.0,no,no,unknown,3,180,0,success,491.0,yes
31,management,married,tertiary,no,1573.0,yes,no,telephone,4,90,1,success,111.0,no
74,services,single,secondary,no,2952.0,yes,no,unknown,5,90,0,unknown,467.0,yes
37,entrepreneur,married,secondary,no,-500.0,yes,yes,cellular,2,365,0,success,126.0,no
51,blue-collar,married,tertiary,no,25.0,no,no,cellular,4,-1,0,unknown,14.0,no
30,technician,divorced,secondary,no,694.0,no,no,cellular,3,-1,1,unknown,56.0,no
65,services,divorced,tertiary,no,1837.0,yes,no,unknown,2,-1,0,failure,47.0,no
37,blue-collar,single,tertiary,no,1214.0,no,no,cellular,4,-1,1,unknown,88.0,no
72,technician,single,tertiary,no,3856.0,no,no,unknown,2,90,0,unknown,168.0,no
23,management,divorced,tertiary,no,3262.0,yes,no,unknown,4,-1,0,failure,226.0,yes
49,blue-collar,single,primary,no,84.0,no,no,cellular,4,-1,1,unknown,131.0,no
27,management,single,secondary,no,6703.0,yes,no,telephone,6,120,1,unknown,101.0,no
73,services,married,secondary,no,1247.0,yes,no,unknown,3,-1,0,failure,183.0,yes
43,blue-collar,married,secondary,no,3724.0,yes,no,cellular,4,-1,1,unknown,130.0,no
59,technician,single,secondary,no,888.0,yes,no,unknown,7,60,0,unknown,342.0,no
72,retired,single,primary,no,2525.0,no,no,cellular,1,-1,0,unknown,256.0,no
51,management,married,tertiary,no,3110.0,no,no,cellular,3,30,0,unknown,20.0,yes
21,technician,single,secondary,no,-500.0,no,yes,cellular,4,30,2,unknown,289.0,no
31,management,single,secondary,no,4544.0,yes,yes,cellular,2,-1,1,unknown,138.0,no
31,housemaid,married,primary,no,-6.0,no,no,unknown,2,120,1,unknown,227.0,no
74,admin.,single,secondary,no,772.0,yes,no,telephone,3,-1,1,unknown,187.0,no
74,blue-collar,married,primary,no,311.0,no,no,cellular,3,-1,2,unknown,200.0,no
47,entrepreneur,single,secondary,no,379.0,yes,no,unknown,3,-1,0,other,106.0,no
73,blue-collar,divorced,tertiary,no,464.0,no,no,telephone,3,-1,2,unknown,254.0,yes
33,self-employed,single,primary,no,-500.0,yes,no,cellular,2,-1,0,unknown,122.0,no
60,blue-collar,single,secondary,no,2770.0,yes,no,unknown,5,-1,1,failure,70.0,no
42,blue-collar,single,secondary,no,1607.0,no,no,cellular,3,-1,0,unknown,206.0,no
32,retired,married,secondary,no,1151.0,yes,no,cellular,5,-1,0,unknown,327.0,no
33,blue-collar,single,secondary,no,3229.0,no,yes,unknown,2,-1,0,success,139.0,no
44,services,married,secondary,no,4580.0,no,no,cellular,3,-1,1,unknown,67.0,no
39,services,married,tertiary,no,-500.0,yes,no,cellular,3,-1,2,failure,104.0,no
31,blue-collar,married,secondary,no,4322.0,no,no,unknown,3,-1,1,unknown,192.0,yes
38,admin.,married,tertiary,no,1358.0,no,no,cellular,3,-1,2,unknown,102.0,no
25,management,married,tertiary,no,-500.0,no,no,cellular,3,-1,1,unknown,366.0,no
78,admin.,married,secondary,yes,2143.0,yes,no,cellular,2,-1,1,unknown,79.0,no
41,management,married,secondary,no,1190.0,yes,no,unknown,4,-1,2,unknown,304.0,no
24,services,married,tertiary,no,2949.0,no,no,cellular,7,-1,1,failure,148.0,no
53,self-employed,married,primary,no,1662.0,no,no,telephone,3,-1,0,unknown,471.0,no
72,management,married,secondary,no,2042.0,yes,no,telephone,3,-1,3,unknown,59.0,no
40,technician,divorced,primary,no,617.0,yes,no,cellular,3,-1,0,failure,87.0,no
70,admin.,married,secondary,no,-451.0,no,no,unknown,1,-1,2,unknown,123.0,no
55,technician,single,tertiary,no,2735.0,no,no,cellular,4,-1,0,unknown,203.0,no
63,technician,married,primary,no,455.0,yes,no,unknown,3,365,0,other,68.0,no
36,housemaid,single,secondary,no,2124.0,no,no,unknown,4,30,2,unknown,181.0,no
20,blue-collar,single,primary,no,4075.0,yes,no,telephone,5,-1,0,unknown,59.0,no
39,blue-collar,divorced,secondary,no,1112.0,yes,yes,cellular,4,-1,1,unknown,272.0,no
75,technician,single,tertiary,no,2660.0,yes,no,cellular,4,-1,0,unknown,122.0,no
67,blue-collar,single,secondary,no,1345.0,yes,yes,unknown,3,-1,0,unknown,392.0,no
66,technician,married,tertiary,no,744.0,yes,no,cellular,4,30,1,unknown,78.0,no
72,management,married,secondary,no,-500.0,yes,no,cellular,4,-1,0,unknown,96.0,no
41,management,married,tertiary,no,1329.0,yes,no,cellular,3,-1,1,unknown,232.0,no
37,self-employed,divorced,tertiary,no,1104.0,yes,no,unknown,2,-1,2,unknown,253.0,no
75,blue-collar,single,secondary,no,-167.0,no,no,cellular,4,-1,0,unknown,242.0,no
53,management,married,tertiary,no,-500.0,yes,yes,cellular,4,-1,1,unknown,241.0,no
36,technician,single,secondary,no,-500.0,no,no,unknown,4,365,0,failure,169.0,no
35,blue-collar,married,secondary,no,4613.0,no,no,unknown,1,-1,0,success,165.0,no
72,technician,single,secondary,no,1468.0,yes,yes,cellular,5,-1,1,unknown,837.0,yes
21,unemployed,single,secondary,no,-500.0,yes,no,telephone,3,90,0,unknown,144.0,no
21,admin.,married,tertiary,no,316.0,yes,no,cellular,6,180,2,unknown,604.0,yes
63,retired,single,tertiary,no,1418.0,yes,no,unknown,6,-1,4,unknown,376.0,yes
18,blue-collar,married,secondary,no,2208.0,yes,no,unknown,3,30,1,success,238.0,no
28,self-employed,single,tertiary,no,980.0,yes,no,cellular,1,-1,0,unknown,416.0,no
79,unemployed,single,secondary,no,5038.0,no,no,telephone,2,-1,0,unknown,130.0,no
44,technician,married,secondary,no,5123.0,no,yes,cellular,4,-1,1,unknown,35.0,no
63,technician,married,tertiary,no,2089.0,no,no,cellular,3,-1,1,unknown,137.0,yes
48,blue-collar,married,primary,no,741.0,yes,no,cellular,5,30,0,other,145.0,no
23,retired,married,tertiary,no,2089.0,no,no,unknown,3,90,1,unknown,199.0,no
29,blue-collar,divorced,primary,no,-500.0,yes,no,cellular,3,-1,0,unknown,121.0,no
65,technician,married,secondary,no,3199.0,yes,no,unknown,6,-1,0,success,55.0,no
23,blue-collar,married,secondary,no,1709.0,no,no,cellular,2,-1,0,success,83.0,no
54,blue-collar,married,secondary,no,-500.0,no,no,cellular,2,-1,1,other,199.0,no
39,admin.,married,secondary,no,348.0,yes,no,telephone,2,-1,1,success,268.0,no
40,blue-collar,married,primary,no,2432.0,no,no,cellular,6,-1,1,other,203.0,no
77,blue-collar,single,primary,no,-500.0,no,no,cellular,2,-1,0,unknown,226.0,no
55,admin.,married,tertiary,no,-208.0,no,no,cellular,4,-1,0,unknown,114.0,no
56,technician,single,secondary,no,561.0,no,no,unknown,1,-1,0,unknown,127.0,no
39,student,married,secondary,no,3155.0,yes,no,unknown,2,-1,0,unknown,169.0,no
41,blue-collar,single,primary,no,4486.0,yes,no,telephone,6,-1,0,unknown,89.0,no
60,technician,married,secondary,no,2082.0,no,yes,unknown,1,180,1,unknown,315.0,no
20,housemaid,married,secondary,no,-500.0,no,no,cellular,3,-1,0,unknown,66.0,no
32,student,married,secondary,no,-500.0,yes,no,cellular,3,-1,0,unknown,390.0,no
55,blue-collar,single,primary,no,7692.0,no,no,telephone,4,-1,1,unknown,125.0,no
56,retired,divorced,tertiary,no,1683.0,no,no,cellular,3,365,0,failure,159.0,no
23,entrepreneur,married,secondary,no,-500.0,yes,no,cellular,5,-1,2,unknown,94.0,no
66,blue-collar,married,secondary,no,5671.0,yes,yes,telephone,1,-1,0,unknown,100.0,yes
51,retired,single,tertiary,no,-500.0,yes,no,cellular,4,90,0,unknown,533.0,no
32,student,married,secondary,no,2432.0,yes,no,cellular,1,-1,0,unknown,215.0,yes
64,student,single,primary,no,-500.0,no,no,unknown,2,-1,0,unknown,160.0,no
79,blue-collar,married,secondary,no,5364.0,yes,no,cellular,2,-1,1,unknown,224.0,yes
44,retired,single,secondary,no,-500.0,no,no,telephone,4,-1,0,unknown,116.0,no
35,student,married,tertiary,no,346.0,no,no,unknown,4,-1,0,unknown,88.0,no
36,admin.,married,secondary,no,3288.0,no,no,unknown,4,-1,0,unknown,218.0,no
54,admin.,single,tertiary,no,404.0,no,no,unknown,1,-1,0,unknown,185.0,no
20,entrepreneur,married,secondary,no,2275.0,yes,no,cellular,4,-1,3,unknown,212.0,no
47,blue-collar,single,tertiary,no,2895.0,no,no,cellular,4,-1,2,success,291.0,no
19,entrepreneur,single,primary,no,1719.0,yes,yes,telephone,2,-1,0,unknown,100.0,yes
20,admin.,married,tertiary,no,-500.0,no,no,cellular,1,-1,1,unknown,182.0,no
44,self-employed,married,secondary,no,-17.0,yes,no,telephone,3,-1,2,unknown,208.0,no
64,services,married,secondary,no,710.0,yes,no,cellular,4,180,1,failure,63.0,no
72,technician,married,secondary,no,2457.0,yes,no,cellular,3,180,0,unknown,210.0,no
23,services,single,tertiary,no,2861.0,yes,no,cellular,2,-1,0,unknown,248.0,no
33,entrepreneur,single,secondary,no,1769.0,yes,no,cellular,3,-1,1,unknown,220.0,no
44,technician,married,secondary,no,2664.0,no,no,cellular,4,-1,1,unknown,147.0,no
53,services,single,tertiary,no,-500.0,no,no,cellular,1,-1,2,unknown,92.0,no
79,retired,single,tertiary,no,1936.0,no,no,cellular,3,-1,0,unknown,161.0,no
60,blue-collar,single,secondary,no,1283.0,yes,no,cellular,5,-1,1,unknown,218.0,no
51,services,married,secondary,no,2291.0,no,no,cellular,3,-1,0,unknown,563.0,no
21,self-employed,married,secondary,no,2754.0,no,no,unknown,3,-1,1,unknown,351.0,no
23,services,married,tertiary,no,-492.0,no,yes,cellular,4,60,1,unknown,424.0,no
27,student,single,primary,no,1202.0,yes,no,cellular,1,-1,2,other,284.0,no
58,technician,single,tertiary,no,3802.0,no,yes,cellular,3,60,0,unknown,77.0,no
38,technician,single,secondary,no,1947.0,yes,no,cellular,3,30,0,unknown,239.0,no
32,self-employed,married,tertiary,no,1220.0,yes,yes,cellular,5,90,0,unknown,149.0,no
59,technician,single,secondary,no,-500.0,yes,no,cellular,2,-1,2,unknown,179.0,no
68,technician,single,secondary,yes,2377.0,yes,yes,cellular,3,60,0,success,7.0,yes
45,admin.,married,tertiary,no,-500.0,no,yes,unknown,1,120,1,success,109.0,no
72,services,married,tertiary,no,1079.0,no,no,cellular,4,-1,2,unknown,472.0,yes
63,blue-collar,married,tertiary,no,516.0,no,no,cellular,3,-1,0,unknown,336.0,no
62,blue-collar,single,secondary,no,2108.0,yes,no,telephone,1,-1,2,other,288.0,no
71,blue-collar,married,secondary,no,322.0,no,no,cellular,4,-1,0,unknown,295.0,no
29,management,married,tertiary,no,809.0,no,no,telephone,6,-1,0,failure,59.0,no
65,admin.,married,secondary,no,-239.0,no,yes,unknown,3,-1,0,unknown,101.0,no
77,blue-collar,single,primary,no,953.0,yes,no,cellular,4,-1,0,failure,139.0,no
79,admin.,single,primary,no,1787.0,no,no,cellular,4,-1,0,unknown,80.0,no
53,services,single,primary,no,775.0,yes,yes,cellular,1,30,2,unknown,166.0,no
64,technician,divorced,secondary,no,836.0,yes,no,cellular,5,-1,1,success,167.0,no
73,unemployed,single,secondary,no,1696.0,yes,no,cellular,7,-1,0,failure,68.0,no
70,management,single,tertiary,no,3202.0,yes,no,cellular,1,-1,0,success,78.0,no
73,blue-collar,married,secondary,no,2740.0,yes,no,cellular,3,-1,1,unknown,115.0,no
69,technician,single,primary,no,-500.0,no,no,unknown,5,-1,0,success,173.0,no
41,admin.,divorced,secondary,no,2781.0,no,no,cellular,4,180,1,unknown,369.0,no
63,technician,single,secondary,no,3862.0,no,no,cellular,3,-1,0,unknown,454.0,no
43,services,married,tertiary,no,2670.0,yes,no,cellular,4,-1,0,failure,154.0,no
67,management,married,tertiary,no,-500.0,no,no,telephone,3,60,1,unknown,38.0,no
68,admin.,married,primary,no,1877.0,no,yes,unknown,6,-1,0,success,158.0,no
75,admin.,married,tertiary,no,3890.0,no,no,cellular,3,-1,0,unknown,70.0,no
54,retired,married,primary,no,592.0,no,no,unknown,3,-1,1,other,283.0,no
47,housemaid,married,tertiary,no,6620.0,no,no,unknown,4,-1,0,unknown,179.0,no
28,technician,married,tertiary,no,-500.0,no,no,cellular,4,-1,0,unknown,175.0,no
57,services,divorced,tertiary,no,1663.0,no,no,cellular,1,-1,2,unknown,104.0,no
53,management,single,primary,no,2702.0,yes,no,unknown,1,60,0,unknown,162.0,no
49,blue-collar,single,secondary,no,1710.0,yes,no,unknown,4,-1,1,unknown,112.0,no
59,management,married,primary,no,1677.0,no,no,telephone,3,180,0,unknown,140.0,no
70,blue-collar,married,primary,yes,-472.0,yes,no,cellular,3,-1,0,unknown,132.0,no
27,services,married,primary,no,364.0,yes,no,cellular,5,-1,3,unknown,38.0,no
44,self-employed,single,primary,no,2433.0,no,no,cellular,2,-1,0,unknown,346.0,no
62,technician,married,secondary,no,-500.0,yes,yes,cellular,1,-1,0,unknown,90.0,no
68,management,single,primary,no,3030.0,no,yes,cellular,4,-1,0,unknown,93.0,no
66,blue-collar,married,secondary,no,1195.0,yes,yes,cellular,3,365,2,unknown,96.0,no
67,technician,married,tertiary,no,2394.0,no,no,telephone,5,120,1,unknown,187.0,no
71,services,married,primary,no,2923.0,no,no,telephone,6,-1,1,unknown,212.0,no
77,services,married,secondary,no,8114.0,yes,no,unknown,3,180,0,unknown,129.0,no
55,retired,married,tertiary,no,3918.0,yes,yes,unknown,3,-1,0,unknown,34.0,no
33,technician,single,secondary,no,-500.0,yes,no,unknown,2,-1,0,unknown,93.0,no
52,blue-collar,married,secondary,no,5291.0,yes,no,cellular,2,-1,1,failure,68.0,no
61,entrepreneur,married,tertiary,no,-500.0,no,no,unknown,5,-1,0,success,206.0,no
24,technician,married,secondary,no,601.0,yes,no,unknown,3,-1,0,unknown,97.0,no
64,blue-collar,divorced,secondary,no,1712.0,no,no,cellular,2,-1,0,success,23.0,no
51,technician,single,tertiary,no,817.0,no,no,cellular,2,-1,1,unknown,297.0,no
76,blue-collar,single,tertiary,no,1907.0,yes,no,cellular,3,60,3,unknown,265.0,no
31,blue-collar,married,secondary,no,1096.0,no,no,cellular,1,-1,0,unknown,37.0,no
74,admin.,single,secondary,no,3713.0,no,no,cellular,4,120,1,other,220.0,no
45,technician,married,tertiary,yes,532.0,yes,no,cellular,3,-1,0,unknown,82.0,no
53,student,single,secondary,no,1192.0,no,no,telephone,4,-1,0,unknown,369.0,no
58,blue-collar,single,tertiary,no,4589.0,yes,no,cellular,4,180,1,unknown,151.0,no
53,blue-collar,married,primary,no,3143.0,yes,no,cellular,4,-1,0,success,87.0,no
74,blue-collar,married,primary,no,1094.0,yes,no,cellular,1,60,1,unknown,145.0,no
28,blue-collar,married,secondary,no,2250.0,yes,no,unknown,4,90,0,unknown,293.0,no
63,services,married,tertiary,no,4771.0,no,no,cellular,2,-1,0,unknown,62.0,no
78,blue-collar,married,secondary,no,-500.0,yes,no,cellular,4,120,0,unknown,187.0,no
31,blue-collar,married,tertiary,no,-500.0,no,no,cellular,1,90,0,failure,89.0,no
33,admin.,married,tertiary,no,366.0,no,no,cellular,4,-1,0,failure,180.0,no
47,self-employed,single,tertiary,no,1791.0,yes,no,cellular,1,365,2,unknown,146.0,no
62,services,married,tertiary,no,3143.0,yes,no,unknown,6,365,0,unknown,218.0,no
77,services,single,secondary,no,23.0,no,no,cellular,5,-1,0,unknown,262.0,no
67,retired,married,secondary,no,-295.0,no,yes,cellular,4,90,2,unknown,339.0,no
67,technician,married,primary,yes,-500.0,no,no,cellular,6,-1,0,unknown,96.0,no
45,management,married,secondary,no,-296.0,no,no,unknown,3,-1,0,unknown,369.0,no
58,technician,divorced,primary,no,220.0,no,no,cellular,3,30,0,unknown,304.0,no
31,services,married,tertiary,no,-500.0,yes,no,cellular,4,-1,1,unknown,128.0,no
46,admin.,single,tertiary,no,390.0,yes,no,unknown,1,-1,0,unknown,101.0,no
29,technician,single,secondary,no,-489.0,no,no,unknown,4,-1,0,unknown,116.0,no
19,retired,single,secondary,no,1105.0,no,no,unknown,5,-1,0,other,101.0,no
71,services,married,secondary,no,4457.0,yes,no,cellular,3,-1,0,unknown,169.0,no
67,blue-collar,married,tertiary,no,-500.0,yes,no,cellular,4,-1,0,unknown,52.0,no
49,management,married,tertiary,no,3225.0,yes,no,cellular,2,-1,0,other,33.0,no
18,technician,single,secondary,no,4402.0,yes,no,unknown,4,30,1,failure,43.0,no
23,blue-collar,single,secondary,no,3137.0,yes,no,cellular,2,120,0,unknown,191.0,no
24,admin.,single,tertiary,no,2016.0,no,no,cellular,5,180,0,unknown,366.0,no
62,blue-collar,married,primary,no,3765.0,yes,no,cellular,3,-1,0,unknown,240.0,no
30,management,single,tertiary,no,2539.0,yes,no,telephone,1,30,0,unknown,359.0,no
33,technician,single,primary,no,3399.0,yes,no,telephone,2,-1,0,unknown,81.0,no
71,services,divorced,secondary,no,1614.0,yes,no,unknown,3,-1,1,unknown,258.0,no
72,technician,single,secondary,no,-500.0,yes,no,cellular,1,-1,0,failure,262.0,no
65,management,married,tertiary,no,3495.0,no,no,unknown,3,-1,0,unknown,534.0,no
37,entrepreneur,single,primary,no,6097.0,no,yes,unknown,3,-1,1,unknown,249.0,no
53,blue-collar,single,tertiary,no,787.0,yes,no,cellular,1,-1,2,unknown,183.0,no
30,blue-collar,married,tertiary,no,1441.0,no,yes,cellular,5,-1,0,other,225.0,no
71,services,married,tertiary,no,1602.0,yes,no,unknown,3,-1,0,unknown,276.0,no
23,admin.,married,tertiary,no,-500.0,yes,yes,cellular,2,-1,0,unknown,29.0,no
64,blue-collar,married,tertiary,no,-127.0,yes,no,cellular,6,-1,1,unknown,83.0,no
49,technician,single,tertiary,no,1948.0,yes,no,cellular,3,-1,0,unknown,238.0,no
64,retired,married,secondary,no,1231.0,yes,no,cellular,5,365,0,unknown,120.0,no
45,admin.,single,tertiary,no,1430.0,yes,no,cellular,1,-1,1,failure,172.0,no
27,services,married,tertiary,no,1448.0,yes,no,unknown,7,-1,0,unknown,51.0,no
64,management,single,secondary,no,1191.0,no,yes,cellular,2,-1,0,unknown,231.0,no
57,technician,single,secondary,no,22.0,yes,no,cellular,3,-1,1,unknown,12.0,no
46,services,single,secondary,no,2183.0,yes,no,unknown,5,90,0,unknown,469.0,no
41,admin.,married,tertiary,no,1991.0,no,no,unknown,2,-1,0,unknown,159.0,no
39,blue-collar,divorced,tertiary,no,-184.0,yes,no,cellular,4,-1,1,unknown,305.0,yes
47,blue-collar,married,secondary,no,2147.0,no,no,cellular,1,-1,0,failure,30.0,no
34,services,single,tertiary,no,278.0,no,no,cellular,2,-1,0,unknown,166.0,no
35,management,married,secondary,no,2576.0,yes,no,cellular,2,-1,1,unknown,158.0,no
35,student,married,secondary,no,1322.0,no,yes,cellular,2,-1,1,unknown,256.0,no
18,management,single,tertiary,no,2110.0,no,no,telephone,2,30,0,unknown,174.0,no
75,blue-collar,married,tertiary,no,1717.0,no,no,cellular,1,-1,0,unknown,201.0,no
32,admin.,married,secondary,no,1299.0,yes,no,cellular,1,-1,2,unknown,189.0,no
28,blue-collar,married,tertiary,no,1989.0,no,no,cellular,2,-1,0,unknown,87.0,no
27,entrepreneur,married,tertiary,no,2916.0,yes,no,cellular,4,-1,0,unknown,227.0,no
79,retired,divorced,tertiary,no,1617.0,yes,no,cellular,4,-1,0,unknown,305.0,no
47,technician,single,tertiary,no,1588.0,yes,yes,cellular,3,-1,0,unknown,219.0,no
38,blue-collar,married,secondary,no,763.0,yes,no,cellular,1,90,2,unknown,224.0,no
43,services,single,primary,no,-500.0,yes,yes,cellular,4,-1,0,unknown,176.0,no
23,blue-collar,single,secondary,no,1461.0,no,no,cellular,3,-1,1,other,67.0,no
37,services,single,primary,no,-500.0,yes,no,cellular,2,-1,1,other,87.0,no
33,admin.,married,secondary,no,381.0,yes,no,unknown,4,90,1,unknown,111.0,no
67,services,married,primary,no,-159.0,yes,no,telephone,5,-1,0,failure,543.0,no
21,blue-collar,married,secondary,no,108.0,yes,no,cellular,2,-1,2,success,109.0,no
44,blue-collar,single,secondary,no,221.0,no,no,unknown,7,30,1,unknown,268.0,no
66,retired,single,primary,no,2274.0,no,no,cellular,4,365,0,failure,394.0,no
69,entrepreneur,single,secondary,no,1999.0,yes,no,unknown,2,-1,1,unknown,498.0,no
49,management,married,secondary,no,1600.0,no,no,telephone,4,30,0,failure,358.0,no
31,blue-collar,single,primary,no,3577.0,no,no,telephone,1,180,2,unknown,161.0,no
38,technician,married,secondary,no,6905.0,yes,no,unknown,2,-1,0,unknown,198.0,no
31,blue-collar,single,tertiary,no,2313.0,yes,no,cellular,4,-1,1,unknown,420.0,no
59,retired,married,tertiary,no,3035.0,no,yes,cellular,4,-1,0,other,42.0,no
36,technician,single,tertiary,no,1905.0,no,no,cellular,4,-1,0,unknown,792.0,no
57,services,divorced,tertiary,no,2566.0,yes,no,cellular,6,-1,0,unknown,315.0,no
58,blue-collar,married,tertiary,no,-500.0,yes,no,unknown,2,30,1,success,80.0,no
76,retired,single,primary,no,-500.0,yes,no,cellular,7,-1,0,unknown,174.0,no
40,admin.,single,secondary,no,-500.0,no,no,cellular,2,180,0,unknown,183.0,no
77,retired,married,secondary,no,276.0,no,no,cellular,2,-1,2,success,44.0,no
42,management,married,secondary,no,3860.0,yes,no,cellular,3,-1,0,unknown,424.0,no
60,student,single,tertiary,no,1860.0,yes,no,telephone,1,90,0,unknown,99.0,no
59,technician,married,primary,no,697.0,no,yes,cellular,2,-1,0,unknown,85.0,no
68,blue-collar,married,tertiary,no,2425.0,no,no,cellular,3,-1,1,unknown,292.0,no
47,admin.,single,secondary,no,2036.0,yes,no,cellular,4,-1,0,unknown,107.0,no
67,entrepreneur,married,tertiary,no,-500.0,no,no,telephone,4,90,0,unknown,225.0,no
40,retired,single,secondary,no,2244.0,yes,no,unknown,2,-1,1,unknown,224.0,no
48,entrepreneur,single,secondary,no,2898.0,no,no,cellular,2,120,0,unknown,109.0,no
48,self-employed,married,secondary,no,5181.0,yes,no,telephone,4,-1,0,failure,367.0,no
61,management,single,secondary,no,1257.0,no,no,cellular,4,-1,1,unknown,266.0,no
56,technician,married,secondary,no,4449.0,no,no,cellular,3,-1,0,unknown,75.0,yes
22,housemaid,married,tertiary,no,671.0,no,no,cellular,4,60,0,unknown,324.0,no
68,admin.,single,secondary,no,5588.0,no,yes,unknown,3,365,0,unknown,128.0,no
64,blue-collar,divorced,secondary,no,329.0,yes,no,cellular,2,-1,1,unknown,88.0,yes
24,self-employed,married,secondary,no,2557.0,no,no,cellular,5,-1,0,unknown,188.0,no
77,blue-collar,divorced,secondary,no,1916.0,no,no,cellular,3,-1,0,other,416.0,no
58,blue-collar,single,secondary,no,4082.0,yes,no,cellular,3,-1,0,failure,290.0,no
23,blue-collar,married,primary,no,3839.0,yes,no,cellular,3,30,0,unknown,190.0,no
48,services,married,tertiary,no,-476.0,yes,no,cellular,1,30,0,unknown,93.0,no
69,technician,married,secondary,no,795.0,no,no,cellular,6,-1,0,unknown,387.0,no
35,blue-collar,single,tertiary,no,5227.0,yes,yes,telephone,3,-1,0,success,42.0,no
75,blue-collar,married,primary,no,1578.0,yes,no,cellular,3,-1,1,unknown,72.0,no
43,housemaid,married,secondary,yes,2865.0,no,no,cellular,4,-1,1,failure,218.0,no
32,blue-collar,married,secondary,no,-500.0,yes,no,unknown,2,-1,2,unknown,163.0,no
40,unemployed,divorced,primary,no,957.0,yes,no,cellular,2,-1,2,unknown,221.0,yes
50,management,married,secondary,no,124.0,yes,no,unknown,2,-1,0,unknown,280.0,no
60,services,married,secondary,no,3067.0,yes,yes,cellular,4,120,1,unknown,255.0,no
75,technician,married,secondary,no,2728.0,no,no,cellular,1,365,0,unknown,388.0,no
30,self-employed,married,tertiary,no,3602.0,no,no,cellular,5,-1,0,unknown,161.0,no
77,blue-collar,married,tertiary,no,-500.0,yes,yes,cellular,3,-1,1,success,130.0,no
50,self-employed,single,secondary,no,2388.0,no,no,telephone,3,-1,0,unknown,555.0,no
25,entrepreneur,single,tertiary,no,1436.0,yes,no,cellular,5,-1,0,unknown,342.0,no
75,housemaid,married,primary,no,-500.0,no,yes,cellular,5,-1,0,unknown,406.0,no
39,unemployed,single,primary,no,2234.0,no,no,unknown,5,60,0,failure,116.0,no
56,blue-collar,married,primary,no,3726.0,no,no,cellular,4,-1,0,failure,198.0,no
61,management,single,secondary,no,4227.0,no,no,cellular,5,-1,1,unknown,124.0,no
18,blue-collar,married,tertiary,no,1336.0,no,no,telephone,1,180,0,unknown,245.0,yes
31,blue-collar,single,secondary,no,2893.0,yes,no,cellular,6,-1,0,unknown,295.0,no
60,self-employed,divorced,tertiary,no,2382.0,yes,no,cellular,1,180,1,failure,213.0,no
38,student,single,tertiary,no,32.0,yes,yes,cellular,3,-1,1,success,199.0,no
18,services,married,secondary,no,-214.0,yes,no,unknown,3,-1,0,success,357.0,no
19,blue-collar,married,secondary,yes,1314.0,no,yes,cellular,3,-1,0,unknown,155.0,no
69,admin.,single,secondary,no,976.0,yes,no,cellular,3,-1,1,unknown,360.0,no
27,management,married,secondary,no,1559.0,no,no,cellular,4,-1,0,failure,354.0,no
24,management,married,primary,no,648.0,no,no,cellular,1,90,0,unknown,153.0,yes
52,student,married,primary,no,1782.0,no,no,cellular,1,-1,1,success,134.0,no
25,services,married,secondary,no,-500.0,yes,no,cellular,4,-1,1,unknown,219.0,no
58,technician,married,secondary,no,4142.0,no,no,cellular,1,60,1,unknown,37.0,no
51,technician,married,secondary,no,-500.0,no,no,unknown,3,120,0,unknown,203.0,no
58,blue-collar,single,tertiary,no,1254.0,no,no,telephone,3,120,0,unknown,315.0,no
48,services,married,tertiary,no,1034.0,no,no,unknown,5,-1,0,failure,407.0,no
66,student,married,tertiary,no,1156.0,no,yes,unknown,1,-1,0,unknown,131.0,no
57,technician,married,secondary,no,-119.0,no,no,cellular,4,-1,0,unknown,165.0,no
43,housemaid,divorced,secondary,no,-500.0,yes,no,cellular,1,-1,0,unknown,191.0,no
18,services,married,secondary,no,1833.0,yes,no,unknown,3,-1,0,unknown,165.0,no
34,entrepreneur,single,tertiary,no,1031.0,yes,no,cellular,2,120,0,failure,208.0,no
26,services,single,secondary,no,2092.0,yes,no,cellular,5,-1,1,unknown,360.0,no
18,technician,single,secondary,no,-500.0,yes,no,unknown,1,-1,2,unknown,38.0,no
34,technician,married,tertiary,no,4490.0,no,no,cellular,2,-1,0,unknown,82.0,yes
30,blue-collar,single,secondary,no,1256.0,no,yes,cellular,5,-1,2,unknown,24.0,no
22,blue-collar,married,tertiary,no,-500.0,yes,no,cellular,3,-1,0,unknown,266.0,no
37,student,married,primary,no,1740.0,yes,yes,cellular,1,-1,0,unknown,234.0,no
49,self-employed,married,secondary,no,551.0,no,no,cellular,4,120,0,unknown,208.0,no
29,technician,divorced,tertiary,no,-500.0,no,yes,cellular,4,365,2,unknown,100.0,no
34,blue-collar,married,secondary,no,3618.0,yes,no,cellular,2,-1,0,unknown,584.0,yes
19,technician,married,secondary,no,3073.0,yes,no,cellular,3,60,0,unknown,264.0,no
21,services,single,secondary,no,2015.0,no,no,cellular,2,-1,0,unknown,233.0,no
27,blue-collar,married,secondary,no,1539.0,no,no,cellular,2,-1,0,unknown,128.0,no
46,blue-collar,married,primary,no,2309.0,yes,no,unknown,4,-1,0,unknown,52.0,no
59,services,single,secondary,no,-500.0,no,no,cellular,1,-1,0,unknown,118.0,no
66,blue-collar,single,secondary,no,1745.0,yes,yes,telephone,5,-1,1,unknown,124.0,no
57,technician,single,secondary,no,3628.0,no,no,unknown,5,-1,0,other,460.0,no
56,retired,married,secondary,no,3272.0,yes,no,cellular,2,-1,0,unknown,146.0,no
76,management,married,secondary,no,-491.0,yes,yes,unknown,4,-1,1,unknown,134.0,no
33,blue-collar,married,tertiary,no,1734.0,yes,yes,cellular,4,60,0,other,143.0,no
67,unemployed,single,secondary,no,-500.0,yes,yes,unknown,2,-1,0,unknown,238.0,no
76,services,married,secondary,no,1683.0,yes,no,cellular,3,-1,0,success,303.0,no
53,student,married,secondary,no,46.0,yes,no,telephone,3,-1,3,unknown,51.0,no
70,student,married,secondary,no,-166.0,yes,no,cellular,3,-1,0,unknown,195.0,no
26,retired,married,secondary,no,2045.0,no,no,unknown,2,-1,1,unknown,76.0,no
72,technician,married,tertiary,no,94.0,yes,no,cellular,9,60,0,unknown,299.0,no
52,retired,married,secondary,no,-30.0,yes,no,cellular,3,-1,0,unknown,173.0,no
31,retired,married,tertiary,no,2033.0,yes,yes,cellular,3,-1,0,other,323.0,no
21,blue-collar,married,secondary,no,-500.0,no,no,cellular,5,120,0,unknown,170.0,no
62,blue-collar,married,tertiary,no,820.0,yes,no,cellular,2,-1,3,unknown,127.0,no
44,services,married,tertiary,no,-500.0,yes,no,cellular,5,-1,0,unknown,37.0,no
37,blue-collar,married,tertiary,no,-500.0,no,no,cellular,2,180,0,unknown,100.0,no
42,services,single,secondary,no,3507.0,yes,no,cellular,6,60,0,unknown,186.0,no
79,technician,married,secondary,no,651.0,no,no,cellular,3,-1,1,other,156.0,no
44,management,married,secondary,no,109.0,yes,yes,cellular,5,-1,0,unknown,68.0,no
22,admin.,married,primary,no,2932.0,yes,no,telephone,2,-1,0,unknown,236.0,no
35,services,married,secondary,no,4309.0,yes,no,cellular,3,-1,2,failure,110.0,no
27,admin.,married,tertiary,no,1853.0,yes,no,telephone,5,-1,0,unknown,227.0,no
60,technician,married,secondary,no,3237.0,yes,no,cellular,4,90,2,unknown,201.0,no
67,retired,married,secondary,no,407.0,yes,no,cellular,2,-1,0,other,314.0,no
70,management,single,tertiary,no,1498.0,yes,no,cellular,5,-1,0,unknown,414.0,yes
57,retired,single,primary,no,1413.0,yes,no,cellular,1,-1,0,unknown,140.0,no
65,management,married,tertiary,no,1983.0,yes,no,cellular,4,-1,0,success,231.0,no
43,blue-collar,married,tertiary,no,3136.0,no,no,cellular,3,-1,0,unknown,320.0,no
56,blue-collar,divorced,primary,no,-500.0,no,no,cellular,5,-1,1,failure,125.0,no
24,housemaid,married,primary,no,-202.0,yes,yes,cellular,3,30,0,other,306.0,no
51,technician,divorced,tertiary,no,527.0,yes,no,cellular,4,-1,0,unknown,235.0,no
52,blue-collar,single,primary,no,-346.0,no,yes,cellular,4,60,0,unknown,237.0,no
19,blue-collar,married,tertiary,no,1814.0,yes,no,cellular,6,-1,0,unknown,66.0,no
51,blue-collar,married,secondary,no,1791.0,yes,no,unknown,5,365,0,unknown,190.0,no
62,management,married,secondary,no,1505.0,yes,no,cellular,7,-1,0,unknown,36.0,no
40,blue-collar,single,secondary,no,675.0,no,no,unknown,3,-1,0,unknown,219.0,no
51,student,married,secondary,no,3826.0,yes,no,unknown,2,-1,1,unknown,370.0,no
35,admin.,single,secondary,no,1790.0,no,no,cellular,5,-1,0,unknown,69.0,no
34,services,married,secondary,yes,1130.0,no,no,cellular,3,-1,0,unknown,108.0,no
26,blue-collar,single,secondary,no,1520.0,no,no,cellular,4,-1,2,other,150.0,no
38,management,single,primary,no,2740.0,yes,no,cellular,2,-1,1,unknown,126.0,no
67,blue-collar,married,tertiary,no,1785.0,no,no,unknown,4,-1,0,unknown,163.0,no
76,services,married,secondary,no,-156.0,yes,no,unknown,3,-1,0,unknown,148.0,no
57,technician,married,tertiary,no,4573.0,yes,no,cellular,1,-1,0,other,230.0,no
56,blue-collar,single,secondary,no,2232.0,yes,no,telephone,3,120,1,unknown,129.0,no
56,technician,single,secondary,no,-500.0,no,no,unknown,2,-1,0,unknown,62.0,no
47,blue-collar,married,secondary,no,-500.0,no,no,cellular,4,180,0,unknown,88.0,no
44,retired,single,tertiary,no,2640.0,yes,no,cellular,3,-1,0,failure,125.0,no
56,services,married,secondary,no,3727.0,yes,no,cellular,2,-1,1,unknown,205.0,no
66,blue-collar,married,tertiary,no,2214.0,no,no,cellular,5,-1,0,unknown,86.0,yes
43,management,single,tertiary,no,2503.0,yes,no,cellular,3,30,2,unknown,101.0,no
53,admin.,married,tertiary,no,2548.0,no,no,cellular,4,-1,0,unknown,68.0,yes
47,services,single,secondary,no,1409.0,no,no,cellular,5,365,0,unknown,245.0,no
35,housemaid,married,primary,no,-500.0,yes,yes,unknown,6,-1,0,unknown,188.0,no
35,technician,married,secondary,no,142.0,no,no,cellular,7,-1,0,unknown,20.0,no
22,blue-collar,married,secondary,no,2830.0,no,no,cellular,2,-1,1,unknown,86.0,no
45,technician,married,secondary,no,2455.0,no,yes,cellular,5,-1,1,unknown,73.0,no
62,blue-collar,married,primary,no,1048.0,yes,no,cellular,4,-1,0,unknown,320.0,no
60,self-employed,single,secondary,no,413.0,yes,no,cellular,4,180,0,unknown,111.0,no
79,blue-collar,married,primary,no,1713.0,yes,yes,cellular,2,-1,0,unknown,82.0,no
20,blue-collar,married,secondary,no,782.0,yes,no,cellular,2,-1,1,unknown,170.0,no
65,admin.,married,secondary,no,1257.0,yes,no,cellular,2,-1,1,unknown,354.0,no
67,services,married,primary,no,1638.0,no,no,unknown,1,-1,1,success,351.0,no
45,blue-collar,married,primary,no,1.0,yes,no,unknown,3,180,0,unknown,140.0,no
35,retired,single,secondary,no,2840.0,no,no,cellular,5,-1,0,unknown,271.0,yes
40,unemployed,single,secondary,no,1104.0,no,no,cellular,5,30,0,failure,119.0,no
60,blue-collar,married,tertiary,no,2278.0,no,no,cellular,2,-1,1,unknown,63.0,no
71,admin.,married,secondary,no,1514.0,no,no,unknown,5,60,0,success,214.0,no
57,blue-collar,married,tertiary,no,4176.0,no,no,unknown,3,-1,0,failure,81.0,no
49,blue-collar,married,secondary,no,2377.0,no,no,telephone,2,-1,1,unknown,167.0,no
58,management,single,secondary,no,2134.0,yes,no,unknown,3,90,0,unknown,176.0,no
22,services,married,primary,yes,2068.0,yes,no,cellular,4,-1,1,unknown,120.0,no
55,blue-collar,divorced,tertiary,no,5151.0,no,no,unknown,1,30,0,unknown,113.0,no
20,blue-collar,married,tertiary,no,1321.0,yes,no,unknown,2,-1,1,unknown,132.0,no
77,services,single,tertiary,no,1695.0,no,no,telephone,2,-1,0,unknown,135.0,yes
73,blue-collar,single,primary,no,1589.0,no,no,cellular,3,-1,1,unknown,169.0,no
49,retired,single,tertiary,no,-500.0,yes,no,unknown,3,-1,0,other,471.0,no
41,technician,single,primary,no,1567.0,no,no,cellular,5,-1,2,unknown,170.0,no
63,blue-collar,married,secondary,no,3229.0,no,no,cellular,3,-1,0,unknown,156.0,no
57,management,single,tertiary,no,2327.0,no,yes,cellular,5,-1,0,unknown,175.0,no
61,technician,married,secondary,no,4120.0,yes,no,cellular,3,-1,0,unknown,105.0,no
49,services,married,tertiary,no,2814.0,yes,no,telephone,4,-1,0,success,111.0,no
32,student,married,tertiary,no,2304.0,yes,no,cellular,3,60,0,unknown,58.0,yes
22,student,married,tertiary,no,3000.0,no,no,cellular,4,180,2,unknown,129.0,no
35,retired,divorced,secondary,no,2057.0,no,no,cellular,7,-1,0,unknown,304.0,no
50,retired,married,secondary,no,895.0,no,no,cellular,5,60,0,unknown,34.0,no
44,services,married,secondary,no,1169.0,yes,no,cellular,4,-1,0,unknown,324.0,no
49,services,married,secondary,no,-500.0,yes,no,cellular,3,-1,1,unknown,77.0,no
35,services,single,tertiary,no,4271.0,no,no,unknown,7,-1,2,unknown,211.0,no
76,entrepreneur,single,secondary,yes,1043.0,no,no,cellular,5,-1,0,failure,208.0,no
40,technician,divorced,tertiary,no,-478.0,no,yes,cellular,5,-1,1,unknown,132.0,no
70,blue-collar,married,primary,no,741.0,yes,yes,cellular,2,90,0,unknown,114.0,no
42,blue-collar,married,secondary,no,4563.0,yes,no,cellular,3,-1,0,unknown,91.0,no
45,blue-collar,married,tertiary,no,1529.0,no,no,cellular,4,-1,0,failure,220.0,no
55,blue-collar,married,secondary,no,1863.0,yes,no,cellular,3,60,1,unknown,185.0,no
34,services,single,primary,no,5155.0,no,no,cellular,3,90,1,unknown,94.0,no
31,blue-collar,divorced,tertiary,no,2904.0,no,no,telephone,4,-1,0,failure,232.0,no
41,services,married,secondary,no,881.0,yes,no,cellular,5,-1,2,unknown,470.0,no
67,management,married,secondary,no,-500.0,yes,no,cellular,3,30,2,unknown,87.0,no
26,blue-collar,single,tertiary,no,2550.0,yes,no,cellular,1,30,1,success,350.0,no
45,blue-collar,married,secondary,no,179.0,no,no,cellular,8,90,0,unknown,381.0,yes
59,retired,single,tertiary,no,2588.0,yes,no,unknown,4,-1,0,unknown,54.0,no
61,services,married,tertiary,no,1313.0,no,no,unknown,5,-1,0,unknown,227.0,yes
44,entrepreneur,married,secondary,no,2136.0,yes,no,telephone,1,-1,0,unknown,88.0,no
23,blue-collar,married,tertiary,no,3013.0,no,no,telephone,2,-1,1,other,322.0,no
18,blue-collar,married,secondary,no,-500.0,no,no,unknown,3,-1,0,unknown,831.0,yes
47,admin.,single,secondary,no,1632.0,yes,no,cellular,2,-1,2,failure,69.0,no
68,admin.,married,secondary,no,1367.0,yes,no,cellular,1,-1,0,unknown,281.0,no
19,technician,married,secondary,no,1918.0,no,no,cellular,4,-1,0,unknown,236.0,no
73,admin.,divorced,secondary,no,2308.0,yes,no,unknown,3,-1,1,other,62.0,no
59,blue-collar,married,secondary,no,1674.0,yes,no,cellular,5,365,1,unknown,95.0,no
18,technician,married,secondary,yes,234.0,yes,yes,cellular,3,-1,0,failure,42.0,no
39,services,divorced,secondary,no,-500.0,no,no,cellular,5,60,0,unknown,5.0,no
31,management,married,secondary,no,-500.0,yes,no,cellular,5,-1,1,unknown,84.0,no
76,services,single,tertiary,no,1615.0,no,no,cellular,2,-1,1,unknown,103.0,no
52,technician,married,tertiary,no,2348.0,no,yes,cellular,3,60,2,unknown,165.0,no
38,admin.,single,secondary,no,784.0,no,no,cellular,2,-1,0,unknown,42.0,no
35,blue-collar,married,secondary,no,2895.0,yes,no,cellular,2,-1,0,unknown,345.0,no
52,technician,married,primary,no,1194.0,no,no,cellular,3,-1,0,unknown,98.0,no
18,student,divorced,secondary,no,1246.0,yes,yes,cellular,1,-1,0,failure,178.0,no
33,unemployed,married,secondary,no,-500.0,yes,no,cellular,4,180,0,unknown,99.0,no
28,blue-collar,married,tertiary,no,602.0,no,yes,cellular,3,-1,2,failure,72.0,no
56,technician,married,secondary,no,3057.0,no,no,cellular,3,-1,0,unknown,137.0,no
59,blue-collar,married,tertiary,no,3916.0,no,no,cellular,3,180,1,success,262.0,yes
46,services,married,tertiary,no,1057.0,yes,no,cellular,2,120,1,unknown,240.0,no
26,technician,married,primary,no,2961.0,yes,no,cellular,1,-1,0,unknown,133.0,no
40,blue-collar,married,tertiary,no,3946.0,no,no,cellular,1,30,0,success,234.0,yes
70,blue-collar,divorced,secondary,no,-287.0,no,no,unknown,3,-1,1,unknown,155.0,no
30,retired,single,tertiary,no,1971.0,no,no,cellular,3,-1,0,unknown,295.0,yes
28,technician,divorced,secondary,no,1743.0,no,no,cellular,4,-1,0,unknown,142.0,no
24,admin.,married,secondary,no,3335.0,no,yes,telephone,4,90,0,unknown,109.0,no
68,technician,married,secondary,no,-103.0,yes,no,unknown,4,-1,0,success,131.0,no
25,blue-collar,married,secondary,no,1968.0,yes,yes,unknown,4,-1,0,unknown,17.0,no
54,housemaid,married,tertiary,no,935.0,yes,no,cellular,7,365,1,unknown,151.0,yes
79,blue-collar,married,tertiary,no,2165.0,no,no,cellular,1,-1,0,unknown,276.0,no
57,technician,single,secondary,no,3599.0,yes,no,telephone,4,-1,1,success,284.0,no
43,blue-collar,single,tertiary,no,4059.0,yes,no,unknown,3,-1,0,other,511.0,no
30,retired,married,secondary,no,3614.0,no,no,cellular,3,-1,0,unknown,138.0,yes
18,blue-collar,married,secondary,no,-382.0,yes,no,cellular,9,-1,0,unknown,111.0,no
27,technician,married,secondary,no,549.0,no,no,cellular,5,60,0,unknown,213.0,yes
77,technician,married,tertiary,no,3211.0,no,yes,cellular,5,180,0,unknown,177.0,no
26,blue-collar,married,secondary,no,2489.0,yes,no,cellular,3,-1,1,unknown,138.0,yes
19,blue-collar,single,secondary,no,927.0,no,no,cellular,5,-1,0,unknown,79.0,no
68,entrepreneur,married,secondary,no,-250.0,yes,yes,unknown,5,90,0,unknown,221.0,no
43,housemaid,married,tertiary,no,-500.0,yes,yes,cellular,4,90,0,unknown,248.0,no
40,technician,single,secondary,no,-500.0,yes,no,cellular,5,-1,1,unknown,247.0,no
62,retired,divorced,secondary,no,850.0,no,no,telephone,2,180,1,unknown,59.0,no
50,management,single,secondary,no,877.0,no,no,cellular,4,-1,2,unknown,145.0,no
74,services,married,primary,no,2140.0,yes,no,cellular,7,-1,0,unknown,183.0,no
46,management,married,secondary,no,2483.0,yes,no,cellular,6,-1,0,failure,264.0,no
62,blue-collar,single,tertiary,no,5466.0,yes,yes,unknown,4,30,0,unknown,233.0,yes
72,admin.,single,secondary,no,14.0,yes,no,cellular,4,-1,1,other,142.0,no
46,blue-collar,divorced,tertiary,yes,-500.0,yes,no,cellular,2,90,0,unknown,266.0,no
35,self-employed,married,tertiary,no,-272.0,yes,yes,cellular,2,120,0,unknown,180.0,no
78,blue-collar,single,secondary,no,4418.0,no,yes,cellular,4,-1,0,success,55.0,no
32,retired,married,secondary,no,1423.0,yes,no,cellular,3,-1,1,unknown,299.0,no
20,blue-collar,married,primary,no,3222.0,yes,no,unknown,4,-1,0,unknown,108.0,no
53,services,married,tertiary,no,387.0,no,yes,unknown,5,-1,0,unknown,168.0,no
79,admin.,married,secondary,no,497.0,no,yes,telephone,4,-1,1,unknown,42.0,no
23,management,married,secondary,no,-500.0,yes,yes,cellular,4,-1,0,unknown,180.0,no
70,admin.,married,tertiary,no,805.0,yes,no,cellular,3,-1,0,unknown,124.0,no
69,blue-collar,single,tertiary,no,1420.0,yes,no,cellular,7,-1,0,other,137.0,no
75,admin.,single,secondary,no,2962.0,yes,no,cellular,5,-1,1,unknown,333.0,no
44,management,married,tertiary,no,2410.0,no,no,unknown,3,-1,0,unknown,241.0,no
33,student,single,tertiary,no,4977.0,yes,no,cellular,5,-1,0,unknown,47.0,no
49,admin.,married,secondary,no,1123.0,yes,yes,telephone,5,365,1,unknown,171.0,no
26,services,married,primary,no,1837.0,no,no,cellular,3,-1,0,unknown,112.0,no
70,retired,divorced,tertiary,no,1372.0,no,no,unknown,2,-1,1,failure,187.0,no
59,management,married,tertiary,no,149.0,yes,no,unknown,3,-1,0,unknown,73.0,yes
47,self-employed,married,secondary,no,2137.0,no,no,cellular,4,365,1,unknown,103.0,no
49,blue-collar,single,tertiary,no,904.0,yes,no,cellular,3,-1,0,unknown,102.0,no
62,services,married,secondary,no,4394.0,yes,no,cellular,1,-1,0,other,644.0,no
50,student,married,secondary,no,-21.0,yes,no,cellular,3,30,0,unknown,318.0,no
70,student,single,tertiary,no,788.0,no,no,cellular,6,-1,1,unknown,82.0,no
75,blue-collar,single,tertiary,no,-500.0,yes,no,unknown,5,-1,0,unknown,187.0,no
76,services,married,primary,no,2009.0,yes,yes,cellular,4,-1,0,unknown,418.0,no
56,blue-collar,divorced,primary,no,-500.0,yes,no,cellular,3,-1,0,unknown,199.0,no
64,management,married,secondary,no,1385.0,no,no,cellular,6,-1,0,unknown,153.0,no
37,admin.,married,secondary,no,-500.0,no,no,cellular,4,-1,0,failure,146.0,no
20,blue-collar,married,tertiary,no,-371.0,no,no,unknown,5,180,1,failure,219.0,no
42,self-employed,married,primary,no,23.0,no,no,cellular,4,60,0,other,229.0,no
72,technician,divorced,tertiary,no,2713.0,no,no,cellular,4,-1,0,unknown,78.0,no
26,admin.,single,secondary,no,1230.0,yes,no,unknown,2,-1,1,success,207.0,no
51,retired,married,tertiary,no,1179.0,yes,no,unknown,2,-1,0,unknown,239.0,no
29,services,married,secondary,no,2412.0,no,no,cellular,7,-1,0,failure,182.0,no
44,technician,married,tertiary,no,212.0,no,yes,cellular,1,365,0,other,137.0,no
26,services,single,secondary,no,-500.0,yes,no,telephone,3,-1,1,unknown,408.0,no
63,admin.,married,secondary,no,-500.0,yes,no,cellular,1,90,0,unknown,191.0,no
68,blue-collar,divorced,secondary,no,885.0,yes,yes,cellular,4,-1,1,failure,266.0,no
65,services,married,secondary,no,1312.0,no,no,telephone,7,-1,2,other,295.0,no
61,blue-collar,married,secondary,no,2406.0,no,no,unknown,4,-1,0,unknown,140.0,no
32,technician,divorced,tertiary,no,1139.0,yes,no,telephone,2,-1,1,unknown,149.0,no
50,technician,divorced,tertiary,no,3230.0,yes,no,cellular,5,-1,0,other,92.0,no
24,technician,married,secondary,no,2051.0,yes,no,cellular,4,-1,0,other,432.0,no
41,blue-collar,married,tertiary,no,-500.0,no,no,cellular,3,-1,0,failure,256.0,no
49,services,divorced,secondary,no,-500.0,no,no,cellular,4,-1,3,unknown,199.0,no
59,services,single,secondary,no,-413.0,yes,no,cellular,5,-1,2,unknown,297.0,no
24,admin.,single,secondary,no,1648.0,yes,no,cellular,4,-1,3,success,267.0,no
68,blue-collar,single,primary,no,2068.0,yes,no,cellular,2,-1,2,unknown,225.0,no
46,blue-collar,divorced,secondary,no,1210.0,no,no,cellular,6,-1,1,unknown,97.0,no
72,entrepreneur,married,secondary,no,1616.0,no,no,cellular,2,-1,1,success,104.0,no
50,technician,married,secondary,no,3777.0,no,no,cellular,2,-1,0,unknown,286.0,no
51,technician,married,primary,no,1425.0,yes,no,cellular,3,-1,1,other,302.0,no
60,blue-collar,single,secondary,no,2030.0,no,no,telephone,3,-1,0,unknown,71.0,no
68,retired,married,secondary,no,4274.0,no,no,cellular,3,60,0,unknown,263.0,no
27,blue-collar,married,secondary,no,-500.0,no,no,cellular,5,60,0,unknown,472.0,no
49,blue-collar,single,secondary,no,4477.0,yes,no,cellular,2,-1,0,unknown,222.0,no
19,admin.,married,secondary,no,-500.0,no,no,cellular,6,60,1,success,57.0,no
47,services,divorced,secondary,no,-87.0,no,yes,cellular,7,-1,2,unknown,256.0,no
68,services,married,secondary,no,394.0,no,no,cellular,2,-1,1,failure,423.0,no
71,technician,single,tertiary,no,-500.0,yes,no,telephone,6,-1,0,other,95.0,no
35,technician,married,secondary,no,1103.0,no,no,cellular,2,365,0,unknown,31.0,no
41,blue-collar,married,tertiary,no,1308.0,yes,no,cellular,5,-1,0,success,29.0,no
52,services,married,secondary,no,2732.0,yes,no,cellular,2,-1,2,unknown,412.0,no
42,blue-collar,married,secondary,no,2674.0,no,no,cellular,4,60,0,success,421.0,no
29,entrepreneur,single,secondary,no,1712.0,yes,no,unknown,2,-1,0,unknown,123.0,no
36,management,single,tertiary,no,3413.0,no,no,cellular,3,-1,0,unknown,401.0,no
43,admin.,married,secondary,no,2561.0,yes,yes,unknown,4,-1,0,unknown,199.0,no
50,blue-collar,married,secondary,no,815.0,yes,no,cellular,5,120,1,unknown,511.0,no
75,blue-collar,divorced,secondary,no,1614.0,no,no,unknown,5,-1,0,unknown,322.0,no
51,blue-collar,married,tertiary,no,256.0,no,no,cellular,3,-1,2,unknown,261.0,no
42,technician,divorced,secondary,no,-500.0,yes,no,unknown,3,-1,0,unknown,328.0,no
58,blue-collar,married,secondary,no,2170.0,no,no,unknown,5,-1,0,success,486.0,yes
65,management,married,secondary,no,-500.0,yes,no,cellular,3,30,2,unknown,378.0,no
44,unemployed,married,tertiary,no,1063.0,yes,no,unknown,1,-1,0,other,303.0,yes
48,retired,married,tertiary,no,-500.0,yes,yes,cellular,6,-1,0,unknown,54.0,no
31,housemaid,single,tertiary,no,1528.0,no,no,cellular,4,-1,1,other,246.0,no
71,technician,single,tertiary,no,91.0,no,no,cellular,4,90,0,unknown,95.0,no
71,blue-collar,single,secondary,no,2423.0,yes,no,cellular,5,-1,0,unknown,96.0,no
28,blue-collar,single,primary,no,1000.0,yes,no,cellular,3,60,0,unknown,249.0,no
39,retired,single,tertiary,no,1170.0,no,yes,cellular,2,-1,1,unknown,170.0,no
34,management,single,secondary,no,1494.0,no,yes,cellular,2,-1,0,unknown,208.0,no
75,technician,single,primary,no,299.0,yes,no,cellular,3,30,0,unknown,306.0,yes
22,admin.,single,primary,no,380.0,no,no,cellular,7,-1,0,success,384.0,no
30,self-employed,married,secondary,no,381.0,yes,no,telephone,5,-1,0,unknown,276.0,no
37,services,married,secondary,no,1175.0,yes,no,cellular,2,-1,0,success,273.0,no
52,technician,married,secondary,no,397.0,no,no,cellular,2,180,1,success,109.0,no
33,blue-collar,married,secondary,no,2211.0,no,no,cellular,2,-1,1,unknown,230.0,no
51,blue-collar,married,primary,no,-500.0,yes,no,unknown,6,-1,0,unknown,174.0,no
64,technician,married,secondary,no,-500.0,yes,no,cellular,4,-1,0,unknown,105.0,no
69,self-employed,married,tertiary,no,4799.0,yes,no,unknown,3,180,0,unknown,307.0,no
24,admin.,married,tertiary,no,619.0,no,yes,cellular,2,30,1,unknown,48.0,no
26,admin.,single,tertiary,no,-426.0,no,no,cellular,2,-1,1,unknown,386.0,no
23,technician,single,primary,no,1354.0,no,no,unknown,1,-1,2,success,98.0,no
74,retired,married,tertiary,no,2781.0,no,no,cellular,5,-1,0,success,197.0,no
58,retired,divorced,tertiary,no,2554.0,no,no,cellular,3,180,1,unknown,397.0,no
50,technician,divorced,secondary,no,53.0,yes,no,cellular,5,365,1,unknown,72.0,no
67,blue-collar,single,secondary,no,477.0,no,no,cellular,6,-1,0,other,200.0,no
54,blue-collar,married,secondary,no,799.0,no,no,cellular,6,-1,0,unknown,151.0,no
32,self-employed,married,secondary,no,1960.0,no,no,cellular,2,-1,1,unknown,155.0,no
49,technician,married,tertiary,no,1482.0,yes,no,cellular,3,-1,0,success,90.0,no
61,blue-collar,single,secondary,yes,-251.0,no,no,cellular,1,180,0,success,230.0,yes
20,services,single,primary,no,483.0,yes,yes,cellular,3,-1,1,unknown,59.0,no
55,blue-collar,single,secondary,no,922.0,yes,yes,cellular,4,-1,0,unknown,198.0,no
48,blue-collar,single,tertiary,no,4068.0,yes,no,cellular,2,-1,0,unknown,209.0,yes
22,technician,divorced,tertiary,no,1081.0,no,no,cellular,1,-1,1,success,110.0,no
34,blue-collar,married,secondary,no,7356.0,yes,no,cellular,5,-1,1,failure,282.0,no
45,admin.,divorced,tertiary,no,915.0,no,no,telephone,4,-1,0,unknown,196.0,no
39,student,single,primary,no,-500.0,no,no,cellular,1,-1,1,unknown,74.0,no
35,blue-collar,married,primary,no,2032.0,yes,yes,cellular,3,-1,0,other,237.0,no
58,entrepreneur,single,secondary,yes,3285.0,yes,no,cellular,3,120,1,unknown,174.0,no
43,technician,married,tertiary,no,2255.0,yes,no,cellular,2,-1,1,other,126.0,no
48,blue-collar,married,tertiary,no,1754.0,yes,no,telephone,2,180,1,unknown,369.0,no
67,services,divorced,tertiary,no,717.0,yes,no,cellular,7,-1,1,failure,24.0,no
23,blue-collar,married,tertiary,no,887.0,yes,no,cellular,2,-1,2,unknown,498.0,no
40,admin.,married,secondary,no,-500.0,yes,no,cellular,5,-1,3,unknown,107.0,no
22,services,divorced,secondary,no,2946.0,yes,no,cellular,4,-1,0,success,412.0,no
75,blue-collar,married,secondary,no,718.0,no,no,telephone,5,120,1,success,186.0,no
29,technician,married,secondary,no,3463.0,yes,no,cellular,3,-1,0,success,135.0,no
68,technician,married,secondary,no,441.0,no,no,cellular,2,-1,0,unknown,172.0,no
29,technician,married,primary,no,1304.0,yes,no,cellular,6,-1,0,success,123.0,no
38,blue-collar,married,secondary,no,3649.0,yes,no,unknown,1,-1,1,unknown,252.0,no
55,blue-collar,married,secondary,no,3805.0,no,no,unknown,3,-1,0,unknown,101.0,no
69,technician,single,primary,no,2914.0,yes,no,unknown,7,-1,0,failure,98.0,no
29,management,married,tertiary,no,-500.0,no,yes,unknown,2,-1,0,unknown,162.0,no
31,services,married,primary,no,-500.0,yes,no,cellular,3,30,0,failure,204.0,no
72,technician,married,tertiary,no,2662.0,no,no,cellular,2,365,2,unknown,297.0,yes
37,blue-collar,married,primary,no,143.0,yes,no,cellular,6,-1,0,failure,133.0,no
31,blue-collar,single,tertiary,no,1533.0,yes,no,unknown,2,-1,2,unknown,88.0,no
64,self-employed,married,secondary,no,1773.0,no,yes,telephone,3,-1,0,failure,257.0,no
23,self-employed,married,secondary,no,1861.0,no,yes,cellular,4,-1,0,unknown,421.0,no
71,blue-collar,married,secondary,no,-500.0,yes,no,telephone,5,-1,0,unknown,95.0,no
72,retired,married,secondary,no,3241.0,no,yes,unknown,5,-1,1,unknown,45.0,no
71,technician,married,tertiary,no,456.0,no,no,cellular,2,30,0,unknown,157.0,no
36,blue-collar,married,primary,no,2462.0,yes,no,unknown,6,-1,0,unknown,417.0,no
25,blue-collar,married,secondary,no,1027.0,yes,no,cellular,2,-1,0,failure,24.0,no
44,services,married,tertiary,no,4858.0,yes,no,cellular,3,180,1,unknown,178.0,no
38,technician,married,secondary,no,4007.0,yes,no,cellular,4,30,0,other,137.0,no
77,technician,single,secondary,no,5237.0,no,no,cellular,4,-1,0,unknown,136.0,no
57,blue-collar,married,primary,no,4375.0,yes,yes,cellular,3,-1,0,unknown,221.0,no
76,technician,married,secondary,no,1158.0,no,no,cellular,5,60,0,unknown,459.0,no
64,student,married,secondary,no,439.0,yes,no,cellular,4,120,1,failure,32.0,no
62,services,married,secondary,yes,-500.0,yes,yes,cellular,4,-1,0,failure,120.0,no
24,blue-collar,married,secondary,no,1879.0,yes,no,cellular,3,60,1,unknown,87.0,no
22,admin.,married,tertiary,no,1444.0,yes,yes,telephone,4,-1,0,failure,213.0,no
20,management,married,secondary,no,1323.0,yes,no,cellular,3,-1,0,unknown,248.0,no
54,blue-collar,married,secondary,no,-92.0,yes,no,unknown,5,-1,0,unknown,90.0,no
30,blue-collar,married,tertiary,no,2050.0,no,no,cellular,2,-1,0,other,154.0,no
79,technician,divorced,tertiary,no,713.0,no,no,cellular,4,-1,2,unknown,204.0,no
26,blue-collar,single,tertiary,no,531.0,yes,no,unknown,4,-1,1,unknown,243.0,no
76,technician,married,secondary,no,1695.0,yes,yes,cellular,4,-1,1,unknown,140.0,no
59,management,divorced,tertiary,no,1260.0,yes,no,telephone,4,-1,1,other,48.0,no
24,technician,married,secondary,no,-500.0,no,no,cellular,2,-1,0,failure,138.0,no
21,blue-collar,married,tertiary,no,-18.0,no,no,cellular,2,-1,1,other,258.0,no
42,services,married,secondary,no,2359.0,yes,yes,unknown,5,60,1,success,37.0,no
39,retired,divorced,secondary,no,1314.0,yes,no,cellular,5,-1,2,unknown,139.0,no
37,technician,married,tertiary,no,-500.0,no,no,telephone,4,-1,0,other,192.0,no
50,blue-collar,single,tertiary,no,2658.0,no,no,telephone,5,-1,0,unknown,570.0,no
26,blue-collar,single,tertiary,no,1311.0,no,no,cellular,1,-1,0,unknown,111.0,no
26,technician,married,tertiary,no,-500.0,no,yes,cellular,5,-1,0,success,208.0,no
61,admin.,married,tertiary,no,196.0,yes,no,cellular,5,-1,0,unknown,244.0,no
79,services,married,secondary,yes,1697.0,no,no,cellular,5,-1,0,unknown,184.0,yes
34,admin.,single,secondary,no,-500.0,yes,no,telephone,3,-1,0,unknown,313.0,no
75,admin.,married,secondary,no,2157.0,no,no,cellular,2,-1,1,unknown,194.0,no
39,self-employed,married,secondary,no,3176.0,yes,no,cellular,6,60,0,failure,144.0,no
38,retired,married,tertiary,no,3003.0,yes,no,cellular,5,180,2,unknown,240.0,no
23,retired,single,tertiary,no,3478.0,yes,yes,cellular,2,365,2,unknown,62.0,yes
44,management,single,secondary,no,-4.0,yes,no,cellular,3,-1,0,unknown,372.0,no
48,services,married,tertiary,no,3261.0,no,yes,cellular,3,-1,0,unknown,83.0,no
59,unemployed,married,tertiary,no,1890.0,yes,no,telephone,6,-1,2,other,107.0,no
27,blue-collar,married,tertiary,no,-104.0,no,no,cellular,1,-1,2,unknown,128.0,no
29,blue-collar,married,secondary,no,2240.0,no,yes,telephone,4,-1,0,unknown,152.0,no
44,blue-collar,married,secondary,no,2186.0,no,no,cellular,5,120,1,unknown,156.0,no
22,student,single,secondary,no,4173.0,yes,no,cellular,4,-1,0,unknown,177.0,no
26,blue-collar,married,tertiary,no,3555.0,yes,no,cellular,1,-1,0,unknown,312.0,yes
57,services,married,tertiary,no,157.0,no,no,cellular,3,-1,0,other,154.0,no
77,management,married,tertiary,no,2013.0,no,no,unknown,3,30,2,success,187.0,no
53,self-employed,married,secondary,no,1994.0,yes,no,unknown,1,-1,1,unknown,493.0,no
26,technician,married,secondary,yes,1852.0,no,no,cellular,2,-1,1,unknown,247.0,no
79,management,single,tertiary,no,851.0,no,no,unknown,6,-1,1,success,286.0,no
50,management,married,primary,no,4558.0,no,no,cellular,3,-1,0,unknown,352.0,no
62,blue-collar,married,tertiary,no,278.0,no,yes,telephone,2,-1,0,unknown,255.0,no
30,management,married,tertiary,no,4399.0,yes,no,cellular,4,-1,0,unknown,68.0,no
53,blue-collar,married,tertiary,no,-500.0,yes,yes,cellular,4,-1,2,unknown,119.0,no
22,technician,single,tertiary,no,713.0,no,no,unknown,3,-1,0,unknown,85.0,no
56,entrepreneur,single,secondary,no,2776.0,yes,no,unknown,4,-1,2,unknown,127.0,no
30,blue-collar,single,secondary,no,-495.0,yes,yes,unknown,2,-1,1,failure,15.0,no
74,blue-collar,single,secondary,no,77.0,yes,yes,cellular,4,90,0,unknown,199.0,no
21,retired,single,tertiary,no,2363.0,no,yes,unknown,2,180,1,unknown,72.0,no
58,technician,married,tertiary,no,-500.0,no,no,cellular,6,120,0,success,126.0,no
26,blue-collar,married,primary,no,3389.0,yes,no,cellular,3,-1,0,unknown,233.0,no
60,blue-collar,single,secondary,no,4061.0,no,no,cellular,3,-1,1,unknown,61.0,no
48,housemaid,married,secondary,no,4139.0,no,no,cellular,1,-1,0,unknown,138.0,no
77,technician,married,secondary,no,1986.0,yes,no,cellular,4,-1,0,unknown,41.0,no
58,technician,divorced,tertiary,no,630.0,no,no,cellular,4,-1,0,unknown,116.0,no
41,blue-collar,married,primary,no,748.0,yes,no,cellular,4,-1,0,unknown,133.0,no
23,self-employed,married,primary,no,1917.0,yes,no,unknown,6,-1,0,other,111.0,no
54,technician,married,secondary,no,1633.0,yes,no,cellular,4,60,0,unknown,66.0,no
45,student,married,tertiary,no,716.0,yes,no,unknown,5,-1,1,unknown,108.0,no
21,management,married,secondary,no,4251.0,yes,yes,telephone,6,60,0,unknown,126.0,no
54,services,married,primary,no,957.0,yes,no,cellular,1,-1,1,unknown,175.0,no
31,retired,married,secondary,no,3987.0,yes,no,cellular,3,-1,0,unknown,149.0,no
32,blue-collar,married,secondary,no,1580.0,no,no,cellular,3,-1,0,unknown,249.0,no
18,admin.,married,primary,no,1468.0,no,no,cellular,3,180,0,failure,78.0,no
41,entrepreneur,married,tertiary,no,2332.0,yes,no,unknown,3,60,1,unknown,301.0,no
31,admin.,married,tertiary,no,2309.0,no,no,cellular,3,365,0,unknown,170.0,yes
22,entrepreneur,married,secondary,no,1140.0,no,no,unknown,5,30,0,unknown,363.0,no
44,technician,single,primary,no,2416.0,yes,yes,unknown,6,120,0,success,218.0,no
31,technician,married,secondary,no,2638.0,no,no,telephone,1,60,0,unknown,528.0,no
26,admin.,divorced,secondary,no,4376.0,yes,no,cellular,2,-1,0,other,186.0,no
46,admin.,single,secondary,no,1528.0,yes,yes,unknown,5,-1,1,unknown,624.0,yes
21,services,married,tertiary,no,-6.0,no,no,cellular,5,-1,0,unknown,274.0,no
79,management,married,primary,no,180.0,no,no,unknown,1,180,2,unknown,289.0,yes
47,blue-collar,married,primary,no,5662.0,yes,no,cellular,3,-1,0,failure,292.0,no
79,technician,married,primary,no,-500.0,no,no,telephone,3,30,0,unknown,103.0,no
72,blue-collar,divorced,primary,no,-500.0,no,no,cellular,2,-1,0,unknown,177.0,no
78,admin.,single,secondary,no,1447.0,no,yes,telephone,1,-1,0,unknown,271.0,no
51,student,single,secondary,no,293.0,no,no,unknown,2,180,2,other,145.0,no
44,self-employed,single,tertiary,no,2874.0,yes,yes,cellular,2,-1,1,unknown,285.0,no
62,entrepreneur,divorced,primary,no,2717.0,no,no,cellular,2,90,0,unknown,133.0,no
23,services,divorced,secondary,no,438.0,yes,no,telephone,3,-1,1,unknown,99.0,no
70,technician,married,tertiary,no,4107.0,yes,yes,cellular,4,-1,1,success,358.0,no
38,admin.,married,secondary,no,-500.0,no,no,cellular,4,-1,0,unknown,135.0,no
18,self-employed,married,tertiary,no,73.0,no,yes,unknown,3,-1,0,success,237.0,no
32,blue-collar,married,secondary,no,4230.0,no,no,cellular,2,-1,0,unknown,324.0,no
33,management,married,primary,no,-500.0,yes,no,unknown,3,365,0,unknown,114.0,no
18,housemaid,married,secondary,no,2024.0,no,no,cellular,3,-1,2,unknown,409.0,no
59,entrepreneur,single,tertiary,no,4223.0,yes,yes,telephone,4,-1,0,success,329.0,no
23,blue-collar,married,tertiary,no,-500.0,yes,no,cellular,5,90,0,failure,19.0,no
70,technician,single,secondary,yes,792.0,yes,no,telephone,4,-1,0,unknown,270.0,yes
46,entrepreneur,married,secondary,yes,3106.0,yes,no,telephone,3,-1,0,unknown,184.0,no
62,technician,married,secondary,no,914.0,no,no,cellular,2,-1,1,unknown,205.0,no
39,blue-collar,single,primary,no,1507.0,no,no,cellular,1,-1,0,unknown,277.0,no
26,technician,married,primary,no,1738.0,no,no,telephone,2,-1,2,unknown,109.0,no
29,retired,single,tertiary,no,1963.0,yes,no,cellular,6,180,2,unknown,51.0,no
58,entrepreneur,single,primary,no,-51.0,no,no,cellular,3,-1,0,unknown,43.0,no
62,services,married,secondary,yes,2779.0,yes,no,cellular,6,-1,1,unknown,84.0,no
34,technician,married,tertiary,no,1859.0,yes,no,cellular,3,60,0,unknown,270.0,no
40,management,married,secondary,no,-500.0,yes,yes,cellular,1,-1,1,unknown,112.0,no
76,management,married,tertiary,no,562.0,yes,no,telephone,2,-1,2,unknown,76.0,no
70,retired,divorced,primary,no,-500.0,no,no,unknown,4,-1,0,unknown,329.0,no
43,retired,single,tertiary,no,1785.0,no,no,cellular,2,-1,2,other,362.0,no
32,management,married,primary,no,2283.0,no,no,cellular,4,-1,0,unknown,435.0,yes
36,student,single,secondary,no,1782.0,yes,no,cellular,5,30,0,unknown,257.0,no
51,entrepreneur,divorced,secondary,no,2390.0,no,yes,cellular,6,-1,0,unknown,340.0,yes
53,management,married,tertiary,no,1640.0,yes,no,telephone,4,-1,0,unknown,363.0,no
29,self-employed,married,secondary,no,2772.0,yes,no,cellular,4,-1,0,unknown,342.0,no
22,unemployed,single,secondary,no,1170.0,no,no,cellular,2,-1,0,success,92.0,no
48,blue-collar,single,secondary,no,2663.0,yes,no,unknown,4,-1,0,unknown,27.0,no
67,blue-collar,married,primary,no,-500.0,no,no,telephone,5,-1,0,unknown,74.0,no
27,blue-collar,married,tertiary,no,-500.0,yes,no,cellular,4,30,0,unknown,253.0,no
43,services,married,tertiary,no,1556.0,yes,no,cellular,4,-1,1,unknown,79.0,no
28,management,single,secondary,no,2632.0,yes,no,unknown,4,-1,1,failure,72.0,no
33,entrepreneur,single,secondary,no,902.0,yes,no,cellular,2,365,2,unknown,79.0,no
55,blue-collar,married,secondary,no,2549.0,no,no,cellular,5,-1,0,unknown,270.0,no
35,technician,single,secondary,no,1958.0,no,no,cellular,3,-1,0,unknown,134.0,no
34,management,married,primary,no,-500.0,yes,no,telephone,5,-1,3,unknown,167.0,no
79,self-employed,single,secondary,no,5582.0,yes,no,cellular,5,-1,1,failure,20.0,no
28,admin.,single,secondary,no,-500.0,yes,no,telephone,3,-1,0,unknown,104.0,no
29,admin.,married,tertiary,no,-301.0,no,no,cellular,4,-1,1,unknown,90.0,no
75,admin.,married,secondary,yes,3469.0,yes,no,cellular,4,60,0,other,288.0,no
52,blue-collar,married,tertiary,no,1436.0,yes,yes,unknown,4,-1,1,unknown,102.0,no
20,management,single,tertiary,no,18.0,yes,no,cellular,4,-1,1,unknown,286.0,no
44,blue-collar,single,tertiary,no,555.0,no,no,cellular,6,-1,0,unknown,131.0,no
53,blue-collar,married,tertiary,no,-185.0,yes,no,cellular,3,30,0,success,316.0,no
33,admin.,divorced,primary,no,-41.0,yes,no,unknown,2,-1,2,unknown,147.0,no
51,blue-collar,single,secondary,no,2821.0,yes,yes,cellular,2,-1,0,unknown,534.0,no
58,blue-collar,married,tertiary,no,503.0,yes,yes,unknown,8,-1,0,failure,89.0,no
33,blue-collar,married,tertiary,no,-500.0,no,no,cellular,2,-1,0,other,120.0,no
68,admin.,married,primary,yes,32.0,no,no,unknown,4,180,0,success,385.0,no
46,services,married,secondary,no,1120.0,yes,yes,unknown,4,180,1,unknown,142.0,no
77,technician,divorced,tertiary,no,52.0,yes,no,unknown,2,-1,0,unknown,73.0,no
23,self-employed,single,secondary,no,846.0,yes,yes,cellular,4,-1,0,success,396.0,no
38,admin.,married,secondary,no,2027.0,no,yes,cellular,9,-1,1,unknown,58.0,no
62,unemployed,married,secondary,no,535.0,no,yes,unknown,5,-1,0,unknown,389.0,no
73,technician,married,secondary,no,-147.0,yes,yes,telephone,3,-1,2,unknown,71.0,no
31,management,married,secondary,no,146.0,no,no,cellular,5,-1,1,success,120.0,no
78,admin.,married,primary,no,3906.0,no,no,telephone,4,30,1,unknown,106.0,no
29,services,single,tertiary,no,5315.0,yes,no,cellular,1,-1,0,unknown,199.0,no
43,technician,single,primary,no,1483.0,yes,no,telephone,7,-1,0,unknown,161.0,no
37,student,divorced,tertiary,no,2705.0,no,no,unknown,3,90,0,unknown,291.0,yes
44,self-employed,married,primary,no,-292.0,no,yes,telephone,2,-1,2,success,253.0,no
73,self-employed,married,tertiary,no,338.0,yes,no,unknown,3,60,0,unknown,158.0,no
63,unemployed,single,secondary,no,2210.0,yes,no,telephone,4,-1,1,success,130.0,no
67,admin.,married,secondary,no,-500.0,yes,no,cellular,3,90,1,unknown,327.0,no
33,blue-collar,married,secondary,no,2791.0,yes,no,cellular,4,-1,1,unknown,137.0,no
76,technician,divorced,secondary,no,384.0,no,no,unknown,5,60,0,other,147.0,no
45,blue-collar,single,secondary,no,-500.0,no,no,telephone,4,-1,0,unknown,370.0,no
58,entrepreneur,single,primary,no,2099.0,yes,no,cellular,3,-1,1,unknown,54.0,no
61,blue-collar,married,tertiary,no,3996.0,no,no,cellular,4,30,0,other,216.0,no
59,blue-collar,married,primary,no,837.0,yes,no,cellular,5,-1,1,unknown,141.0,no
55,admin.,married,tertiary,no,1926.0,yes,no,telephone,1,-1,0,failure,81.0,no
47,retired,married,secondary,no,2217.0,no,no,cellular,3,-1,2,unknown,204.0,no
58,entrepreneur,married,primary,no,1832.0,no,no,unknown,3,-1,0,unknown,22.0,no
74,retired,single,tertiary,no,-394.0,yes,no,cellular,1,60,1,unknown,86.0,no
42,blue-collar,married,primary,no,1802.0,yes,no,unknown,4,365,1,unknown,112.0,no
49,technician,married,tertiary,no,1731.0,no,no,unknown,2,-1,2,unknown,480.0,no
29,self-employed,single,secondary,no,-500.0,yes,no,unknown,5,-1,0,success,209.0,no
40,technician,single,secondary,no,2944.0,no,no,cellular,3,-1,0,other,110.0,no
65,blue-collar,married,tertiary,no,-500.0,no,no,cellular,4,-1,1,unknown,73.0,no
57,admin.,single,primary,no,1631.0,no,yes,unknown,6,180,0,success,147.0,no
31,student,married,tertiary,no,4132.0,no,no,unknown,4,-1,0,unknown,158.0,no
51,technician,married,primary,no,961.0,no,no,cellular,5,-1,0,unknown,64.0,no
68,admin.,married,tertiary,no,-483.0,yes,no,cellular,4,-1,1,unknown,418.0,no
25,self-employed,single,secondary,no,2406.0,no,yes,cellular,6,-1,0,other,302.0,no
21,services,single,primary,no,3923.0,no,no,cellular,5,-1,1,failure,356.0,no
42,blue-collar,divorced,primary,no,-500.0,yes,no,unknown,2,-1,0,unknown,101.0,no
58,retired,married,secondary,no,-500.0,yes,no,unknown,8,-1,0,unknown,32.0,no
37,blue-collar,married,tertiary,no,3529.0,yes,no,cellular,3,-1,0,unknown,112.0,no
68,admin.,married,tertiary,no,2938.0,yes,no,unknown,5,-1,1,unknown,193.0,no
70,technician,divorced,tertiary,no,2093.0,no,no,telephone,3,-1,1,failure,194.0,no
51,management,single,tertiary,no,-500.0,yes,yes,cellular,4,-1,0,unknown,172.0,no
41,technician,divorced,tertiary,no,2476.0,no,no,cellular,6,-1,0,unknown,116.0,no
20,services,married,secondary,no,3260.0,no,no,cellular,3,-1,0,unknown,227.0,no
68,unemployed,married,secondary,no,5282.0,no,no,cellular,2,-1,2,unknown,160.0,yes
73,management,married,secondary,no,893.0,no,yes,cellular,3,-1,1,unknown,324.0,yes
45,management,married,primary,no,1686.0,yes,no,unknown,6,-1,1,unknown,238.0,no
50,blue-collar,married,tertiary,no,-500.0,yes,no,cellular,6,-1,0,unknown,159.0,no
64,self-employed,married,secondary,no,3143.0,yes,no,unknown,4,-1,0,success,67.0,no
61,management,married,secondary,no,3100.0,no,no,cellular,3,-1,0,unknown,122.0,no
26,services,married,tertiary,no,2127.0,yes,yes,cellular,2,120,0,success,230.0,no
59,blue-collar,divorced,primary,no,3538.0,no,no,telephone,2,180,1,success,119.0,yes
75,blue-collar,single,tertiary,no,-7.0,yes,no,unknown,2,-1,1,success,182.0,no
64,technician,single,tertiary,no,1007.0,no,no,cellular,3,120,0,failure,358.0,yes
47,technician,married,secondary,yes,1078.0,yes,no,cellular,6,30,0,unknown,220.0,no
50,blue-collar,single,tertiary,no,3379.0,no,no,cellular,2,-1,2,unknown,355.0,no
34,services,married,primary,no,3419.0,yes,yes,unknown,3,-1,0,unknown,189.0,no
58,management,married,secondary,no,1972.0,no,no,cellular,3,-1,0,unknown,61.0,no
32,student,married,tertiary,no,1878.0,yes,no,cellular,3,-1,0,unknown,305.0,yes
39,entrepreneur,married,primary,no,2392.0,no,no,cellular,2,60,0,unknown,150.0,no
34,retired,single,secondary,no,794.0,yes,no,cellular,6,-1,3,unknown,113.0,no
38,admin.,single,secondary,no,3851.0,yes,no,cellular,3,60,0,unknown,44.0,no
40,blue-collar,married,secondary,no,587.0,yes,no,telephone,2,-1,0,unknown,170.0,no
23,technician,single,tertiary,no,2173.0,no,no,unknown,2,180,0,other,89.0,no
62,entrepreneur,married,primary,no,327.0,yes,no,cellular,2,-1,0,unknown,165.0,no
45,admin.,married,secondary,no,3104.0,yes,no,cellular,9,30,1,unknown,25.0,no
76,blue-collar,single,tertiary,no,1221.0,no,no,telephone,4,-1,1,unknown,90.0,no
29,housemaid,single,secondary,no,5120.0,no,no,cellular,5,90,0,unknown,338.0,no
59,services,single,secondary,no,1172.0,yes,no,cellular,4,-1,0,other,189.0,no
29,blue-collar,married,secondary,no,3087.0,no,no,unknown,3,-1,1,unknown,194.0,no
51,services,married,tertiary,no,265.0,no,no,cellular,4,-1,0,failure,315.0,no
48,technician,married,primary,no,847.0,yes,no,cellular,4,-1,0,failure,256.0,no
45,blue-collar,married,secondary,no,1324.0,yes,no,cellular,5,-1,1,failure,67.0,no
58,technician,married,secondary,no,2032.0,no,no,cellular,3,90,0,unknown,169.0,no
69,blue-collar,married,primary,no,56.0,no,no,cellular,3,-1,0,unknown,139.0,no
37,housemaid,married,tertiary,no,373.0,no,no,unknown,6,-1,0,success,32.0,no
70,admin.,married,tertiary,no,1561.0,no,no,cellular,3,-1,0,unknown,37.0,no
29,admin.,single,secondary,no,2118.0,yes,yes,cellular,3,30,0,unknown,262.0,no
36,admin.,married,secondary,no,1335.0,no,no,cellular,2,-1,0,unknown,62.0,no
37,admin.,married,primary,no,1077.0,no,no,unknown,3,-1,0,unknown,291.0,no
77,technician,divorced,secondary,no,-500.0,yes,no,telephone,5,-1,0,unknown,260.0,no
25,retired,single,secondary,no,2301.0,yes,no,cellular,8,-1,1,unknown,268.0,yes
42,technician,married,secondary,no,2917.0,yes,no,cellular,3,-1,1,unknown,68.0,no
44,retired,married,primary,no,3130.0,yes,no,cellular,4,-1,0,unknown,271.0,no
67,self-employed,married,tertiary,no,1670.0,yes,no,cellular,4,-1,0,unknown,250.0,no
48,blue-collar,divorced,secondary,no,314.0,no,no,cellular,5,-1,0,failure,133.0,no
77,retired,married,secondary,no,821.0,yes,no,telephone,3,90,1,unknown,215.0,no
63,entrepreneur,married,secondary,no,1678.0,no,no,unknown,5,-1,0,unknown,469.0,no
61,technician,single,secondary,no,1366.0,no,no,unknown,2,-1,0,unknown,250.0,no
64,technician,single,secondary,no,-121.0,no,no,cellular,6,-1,1,unknown,86.0,no
28,blue-collar,married,secondary,no,-500.0,yes,yes,cellular,6,-1,0,unknown,157.0,no
45,self-employed,married,tertiary,no,400.0,yes,no,cellular,3,-1,0,unknown,121.0,no
54,services,married,secondary,no,902.0,no,no,cellular,1,-1,0,other,216.0,no
30,retired,married,primary,no,1956.0,no,no,telephone,4,-1,1,unknown,147.0,no
25,blue-collar,married,secondary,no,663.0,yes,yes,cellular,2,365,1,unknown,105.0,no
26,services,single,secondary,no,947.0,yes,no,cellular,4,120,0,unknown,161.0,no
66,technician,single,tertiary,no,1601.0,yes,no,cellular,2,30,1,failure,260.0,no
58,blue-collar,single,secondary,no,4220.0,yes,no,telephone,4,-1,0,other,18.0,no
35,management,single,tertiary,no,1101.0,yes,no,unknown,7,-1,2,unknown,172.0,no
63,blue-collar,married,secondary,no,-500.0,no,no,cellular,5,-1,0,unknown,57.0,no
61,technician,married,secondary,no,168.0,yes,no,cellular,3,-1,1,other,235.0,no
68,admin.,single,secondary,no,4654.0,no,no,cellular,3,-1,0,failure,96.0,no
74,blue-collar,married,secondary,no,3981.0,yes,no,unknown,1,-1,1,unknown,254.0,no
72,blue-collar,married,secondary,no,3091.0,no,no,cellular,4,-1,1,unknown,228.0,no
29,technician,married,secondary,no,2663.0,yes,no,cellular,4,-1,1,unknown,469.0,no
65,services,single,secondary,no,2683.0,yes,no,telephone,4,-1,0,unknown,301.0,no
42,admin.,married,tertiary,no,970.0,no,yes,cellular,3,-1,0,other,172.0,no
42,blue-collar,married,secondary,no,2961.0,yes,no,cellular,4,-1,0,unknown,352.0,no
58,student,married,secondary,no,3031.0,no,no,unknown,6,120,1,success,287.0,no
55,housemaid,single,tertiary,no,2920.0,no,no,telephone,3,60,0,other,127.0,no
44,admin.,married,secondary,no,322.0,yes,yes,cellular,1,-1,0,unknown,98.0,no
79,technician,married,secondary,no,816.0,yes,no,telephone,2,-1,0,success,468.0,no
28,blue-collar,single,secondary,no,245.0,no,no,cellular,4,365,1,unknown,442.0,no
24,management,single,primary,no,3194.0,no,no,cellular,7,-1,0,other,18.0,no
19,blue-collar,married,secondary,no,1946.0,yes,no,unknown,8,-1,1,unknown,156.0,no
68,services,married,secondary,no,2106.0,no,no,cellular,5,-1,0,unknown,352.0,no
43,student,divorced,tertiary,no,2436.0,yes,no,cellular,1,120,0,unknown,398.0,no
45,entrepreneur,married,secondary,no,-500.0,yes,no,cellular,4,-1,1,success,386.0,no
58,services,single,tertiary,no,2987.0,no,no,cellular,2,90,1,unknown,164.0,no
44,technician,single,primary,no,426.0,no,no,cellular,4,-1,0,unknown,63.0,no
53,technician,single,primary,no,590.0,yes,no,cellular,1,-1,0,unknown,182.0,no
21,housemaid,married,secondary,no,-104.0,yes,no,telephone,4,60,0,other,103.0,no
27,management,married,secondary,no,1544.0,yes,yes,cellular,2,-1,0,unknown,110.0,no
75,technician,married,secondary,no,1280.0,yes,no,cellular,7,180,1,unknown,46.0,no
45,admin.,married,primary,no,-500.0,yes,no,cellular,5,-1,0,unknown,86.0,no
28,admin.,married,secondary,no,-500.0,no,no,unknown,5,-1,3,success,104.0,no
40,blue-collar,married,secondary,no,1035.0,yes,no,telephone,4,365,0,success,214.0,no
38,technician,married,secondary,no,2865.0,yes,no,cellular,2,-1,0,success,215.0,no
35,blue-collar,single,secondary,no,2691.0,yes,no,cellular,1,-1,2,unknown,395.0,no
36,blue-collar,married,secondary,no,3201.0,yes,no,cellular,3,120,1,unknown,37.0,no
63,self-employed,married,secondary,no,1044.0,yes,no,cellular,5,-1,0,unknown,179.0,no
24,blue-collar,married,secondary,no,763.0,yes,no,telephone,1,120,0,unknown,146.0,yes
37,blue-collar,single,secondary,no,1200.0,no,no,cellular,2,90,1,failure,179.0,no
47,management,married,secondary,no,2848.0,yes,no,cellular,4,365,0,unknown,231.0,no
51,blue-collar,single,tertiary,no,4303.0,yes,no,cellular,2,-1,0,unknown,155.0,no
72,unemployed,married,tertiary,no,571.0,yes,no,cellular,4,-1,0,success,164.0,no
75,blue-collar,married,primary,no,922.0,no,no,cellular,3,-1,0,unknown,371.0,no
36,technician,single,secondary,no,1456.0,no,no,unknown,7,-1,0,unknown,126.0,no
51,management,married,tertiary,no,923.0,no,no,unknown,5,60,0,other,180.0,no
19,blue-collar,single,secondary,no,355.0,yes,no,cellular,4,180,1,success,236.0,no
56,blue-collar,divorced,secondary,no,1174.0,yes,no,telephone,4,-1,1,success,350.0,no
27,management,married,secondary,no,-23.0,yes,no,unknown,5,-1,0,success,52.0,no
22,blue-collar,married,secondary,no,2706.0,no,no,cellular,4,-1,1,failure,36.0,no
59,blue-collar,divorced,primary,no,4053.0,yes,no,unknown,3,-1,0,other,154.0,no
29,technician,single,secondary,no,889.0,yes,no,unknown,4,-1,1,failure,100.0,no
47,management,single,primary,no,4394.0,yes,no,telephone,2,-1,2,failure,152.0,no
24,technician,married,secondary,no,1206.0,yes,no,cellular,5,-1,2,unknown,501.0,no
64,blue-collar,married,primary,no,145.0,yes,no,cellular,4,-1,0,success,33.0,no
65,blue-collar,single,secondary,no,2635.0,yes,no,cellular,3,-1,0,unknown,370.0,no
53,self-employed,single,secondary,no,-264.0,no,no,telephone,4,-1,0,unknown,129.0,no
69,blue-collar,married,primary,no,2523.0,yes,no,telephone,4,90,0,unknown,214.0,no
45,blue-collar,married,primary,no,1857.0,no,no,cellular,4,-1,0,unknown,305.0,no
29,admin.,single,tertiary,no,673.0,yes,no,unknown,4,-1,2,unknown,229.0,no
27,admin.,married,primary,no,483.0,yes,no,cellular,5,365,2,unknown,49.0,no
31,student,divorced,secondary,no,-171.0,yes,no,cellular,3,-1,1,unknown,746.0,yes
30,blue-collar,married,secondary,no,3257.0,yes,yes,cellular,6,60,0,unknown,21.0,no
38,unemployed,married,secondary,no,999.0,yes,no,cellular,3,180,0,success,305.0,no
31,blue-collar,married,secondary,no,1960.0,yes,yes,cellular,4,30,0,unknown,154.0,no
54,blue-collar,married,primary,no,1380.0,no,no,cellular,3,-1,1,unknown,354.0,no
27,entrepreneur,married,tertiary,no,1018.0,no,no,cellular,7,90,1,unknown,160.0,no
56,management,married,secondary,no,1988.0,yes,no,cellular,4,-1,1,unknown,183.0,no
38,technician,married,secondary,no,2322.0,yes,no,unknown,2,-1,1,unknown,138.0,no
60,technician,married,tertiary,no,1649.0,no,no,cellular,5,-1,0,unknown,109.0,no
49,admin.,single,secondary,no,1060.0,no,no,unknown,4,90,0,unknown,121.0,no
74,housemaid,married,secondary,no,-500.0,yes,no,telephone,4,-1,0,unknown,330.0,no
45,technician,married,secondary,no,314.0,yes,no,unknown,2,60,1,unknown,470.0,no
36,admin.,single,secondary,no,849.0,yes,no,unknown,2,90,0,unknown,438.0,yes
54,retired,married,secondary,no,1429.0,no,yes,cellular,2,-1,0,unknown,106.0,no
58,blue-collar,married,tertiary,no,-500.0,no,yes,cellular,2,30,1,unknown,375.0,no
45,housemaid,single,primary,no,2515.0,no,no,cellular,3,30,1,failure,406.0,no
52,housemaid,married,primary,no,1978.0,no,no,cellular,4,60,0,unknown,63.0,no
47,entrepreneur,married,secondary,no,352.0,no,no,cellular,7,-1,0,unknown,102.0,no
36,technician,single,primary,no,-249.0,yes,no,telephone,5,90,0,unknown,69.0,no
37,retired,divorced,tertiary,no,164.0,yes,no,cellular,3,-1,1,unknown,167.0,no
74,technician,single,secondary,no,-500.0,no,no,cellular,3,30,0,unknown,252.0,no
59,services,married,primary,no,789.0,no,no,cellular,9,-1,0,unknown,57.0,no
23,blue-collar,single,secondary,no,1077.0,yes,no,unknown,3,-1,2,failure,101.0,no
77,management,married,tertiary,no,3053.0,yes,no,cellular,5,60,0,success,74.0,no
62,entrepreneur,married,secondary,no,2254.0,no,no,cellular,4,-1,0,unknown,331.0,no
21,technician,married,secondary,no,3645.0,no,no,unknown,3,-1,1,other,368.0,no
63,blue-collar,single,tertiary,no,1602.0,yes,yes,cellular,3,-1,0,other,297.0,no
54,technician,married,secondary,no,-240.0,no,no,cellular,2,-1,1,other,296.0,no
74,retired,divorced,secondary,no,4533.0,yes,no,cellular,2,-1,1,unknown,329.0,no
48,self-employed,divorced,secondary,no,827.0,yes,no,cellular,3,30,0,unknown,171.0,no
50,management,married,tertiary,no,-500.0,no,no,cellular,4,-1,1,unknown,201.0,no
37,retired,married,tertiary,no,1797.0,yes,no,telephone,6,30,1,unknown,60.0,no
37,services,divorced,tertiary,no,-500.0,yes,no,cellular,2,-1,0,unknown,73.0,no
56,services,married,primary,no,1248.0,yes,no,unknown,1,-1,0,unknown,102.0,no
69,blue-collar,single,tertiary,no,544.0,no,no,cellular,3,-1,0,unknown,262.0,no
73,retired,married,secondary,no,2343.0,no,no,cellular,4,-1,1,unknown,192.0,no
65,blue-collar,married,secondary,no,3116.0,yes,no,cellular,2,-1,0,unknown,249.0,no
55,services,married,tertiary,no,815.0,no,yes,cellular,4,60,1,success,154.0,no
49,retired,married,tertiary,no,687.0,yes,no,cellular,2,-1,1,success,293.0,no
39,blue-collar,divorced,tertiary,no,2765.0,yes,no,cellular,3,60,0,success,35.0,no
65,services,married,primary,no,20.0,yes,no,cellular,2,-1,1,unknown,231.0,no
37,management,married,secondary,no,1516.0,yes,no,telephone,4,-1,2,unknown,81.0,no
34,retired,single,tertiary,no,2375.0,yes,no,telephone,2,365,0,other,140.0,yes
71,services,divorced,tertiary,no,-23.0,yes,no,cellular,6,-1,1,unknown,159.0,no
54,services,married,secondary,no,859.0,yes,no,unknown,4,-1,0,unknown,154.0,no
39,student,single,secondary,yes,1582.0,no,no,unknown,6,-1,2,unknown,111.0,no
71,blue-collar,married,secondary,no,3795.0,no,yes,cellular,3,60,0,unknown,32.0,no
77,admin.,single,primary,no,-500.0,no,no,cellular,4,30,0,unknown,160.0,no
37,services,single,secondary,no,1131.0,no,no,cellular,4,-1,1,unknown,94.0,no
50,blue-collar,divorced,tertiary,no,3837.0,yes,no,unknown,3,90,0,unknown,184.0,no
47,admin.,single,secondary,no,3148.0,yes,no,cellular,6,-1,1,success,86.0,no
61,blue-collar,divorced,tertiary,no,904.0,no,no,unknown,3,120,0,unknown,75.0,no
76,blue-collar,married,secondary,no,1272.0,yes,no,telephone,4,90,0,unknown,256.0,no
52,unemployed,single,secondary,no,2227.0,yes,yes,cellular,3,-1,0,unknown,304.0,no
67,blue-collar,single,secondary,no,2264.0,yes,yes,unknown,2,-1,0,unknown,523.0,no
54,blue-collar,married,secondary,no,3881.0,yes,no,unknown,5,60,1,failure,145.0,no
72,technician,divorced,tertiary,no,3437.0,yes,no,cellular,1,30,0,unknown,289.0,no
43,technician,single,secondary,no,-500.0,yes,no,cellular,7,-1,1,unknown,197.0,no
41,blue-collar,single,tertiary,no,-500.0,yes,no,cellular,3,180,0,unknown,312.0,no
44,technician,married,primary,no,421.0,no,no,telephone,2,-1,1,unknown,558.0,no
79,blue-collar,single,tertiary,no,-500.0,no,yes,cellular,3,90,0,success,331.0,yes
55,student,married,secondary,no,3762.0,yes,yes,cellular,2,90,0,failure,35.0,no
27,admin.,divorced,secondary,no,-500.0,yes,no,unknown,2,-1,0,unknown,255.0,no
20,housemaid,married,primary,no,861.0,yes,no,unknown,2,-1,1,unknown,21.0,no
50,blue-collar,single,secondary,no,-168.0,yes,no,cellular,2,120,0,unknown,177.0,no
67,services,married,secondary,no,-500.0,no,yes,unknown,5,-1,0,unknown,173.0,no
47,admin.,single,tertiary,no,3525.0,no,no,cellular,3,-1,0,unknown,543.0,no
52,management,married,tertiary,no,362.0,yes,no,telephone,4,180,0,unknown,132.0,no
67,services,single,primary,no,4833.0,yes,no,cellular,4,-1,1,unknown,203.0,no
50,admin.,single,secondary,no,3930.0,yes,no,cellular,5,-1,0,failure,193.0,no
74,technician,married,secondary,no,1394.0,no,no,cellular,5,30,0,other,285.0,yes
57,blue-collar,single,tertiary,no,-500.0,yes,no,cellular,4,-1,1,unknown,258.0,no
63,blue-collar,single,tertiary,no,788.0,no,no,unknown,4,90,0,unknown,112.0,no
66,blue-collar,married,secondary,no,5515.0,yes,no,unknown,4,-1,1,unknown,43.0,no
56,blue-collar,married,primary,no,2171.0,yes,no,cellular,3,-1,0,unknown,58.0,no
21,blue-collar,married,primary,no,1099.0,yes,yes,unknown,3,-1,0,failure,335.0,no
44,management,married,secondary,no,299.0,no,no,unknown,3,-1,0,unknown,133.0,no
26,services,married,primary,no,2997.0,yes,no,cellular,6,90,0,failure,234.0,no
49,management,married,secondary,no,2065.0,no,no,cellular,2,-1,1,failure,118.0,no
26,management,married,tertiary,no,1911.0,no,no,cellular,6,30,0,unknown,87.0,no
49,technician,divorced,secondary,no,3445.0,no,no,cellular,2,-1,1,unknown,646.0,yes
39,blue-collar,married,tertiary,no,3348.0,no,no,cellular,2,-1,0,unknown,240.0,no
19,self-employed,single,tertiary,no,2187.0,yes,no,cellular,2,90,0,unknown,420.0,no
25,technician,single,secondary,no,-500.0,yes,no,telephone,6,30,1,unknown,123.0,no
49,blue-collar,single,primary,no,-368.0,yes,no,cellular,5,-1,0,unknown,507.0,no
22,self-employed,married,secondary,no,290.0,yes,yes,cellular,1,-1,1,unknown,66.0,no
71,technician,married,tertiary,no,1333.0,no,no,cellular,3,-1,1,unknown,168.0,no
65,retired,single,secondary,no,4098.0,no,no,unknown,9,-1,1,unknown,67.0,no
61,technician,single,tertiary,no,5095.0,no,yes,cellular,2,-1,0,unknown,148.0,no
28,blue-collar,single,tertiary,no,2105.0,no,no,cellular,6,-1,0,unknown,44.0,no
67,retired,married,secondary,no,2390.0,no,no,cellular,2,-1,1,unknown,29.0,no
57,blue-collar,married,primary,no,-500.0,no,yes,unknown,3,-1,1,failure,117.0,no
42,admin.,married,secondary,no,639.0,no,no,cellular,4,-1,0,unknown,270.0,no
18,unemployed,single,secondary,no,404.0,no,no,telephone,3,-1,0,unknown,225.0,no
50,blue-collar,single,secondary,no,254.0,no,no,cellular,5,-1,0,unknown,165.0,no
67,technician,married,tertiary,no,2443.0,no,no,cellular,2,-1,4,unknown,280.0,no
20,services,married,secondary,no,588.0,yes,no,telephone,4,-1,1,unknown,143.0,no
21,technician,married,secondary,no,-500.0,no,no,cellular,1,-1,0,unknown,39.0,no
41,technician,married,tertiary,no,2917.0,no,no,cellular,4,-1,1,unknown,130.0,no
49,retired,married,secondary,no,3566.0,yes,no,cellular,2,-1,0,unknown,49.0,no
47,unemployed,married,secondary,no,1919.0,yes,no,unknown,4,-1,0,unknown,160.0,no
44,student,married,secondary,no,1097.0,no,no,unknown,2,-1,0,unknown,338.0,yes
33,retired,single,tertiary,no,-219.0,yes,no,cellular,2,120,0,unknown,138.0,no
21,services,single,secondary,no,-107.0,no,yes,cellular,4,-1,0,success,89.0,no
19,blue-collar,married,secondary,no,3328.0,yes,no,cellular,2,-1,0,unknown,135.0,yes
24,admin.,married,tertiary,no,53.0,no,yes,unknown,2,-1,1,unknown,126.0,no
60,blue-collar,single,tertiary,no,5023.0,yes,yes,cellular,4,-1,4,unknown,105.0,yes
66,management,married,primary,no,3109.0,yes,no,unknown,3,-1,0,unknown,56.0,no
44,blue-collar,married,secondary,no,2011.0,no,no,unknown,2,-1,0,unknown,150.0,no
22,management,married,secondary,no,6286.0,yes,yes,unknown,2,-1,1,failure,188.0,no
43,services,divorced,secondary,no,3696.0,no,no,cellular,1,-1,0,failure,444.0,yes
79,services,married,tertiary,no,625.0,no,no,cellular,2,180,1,unknown,32.0,no
33,technician,divorced,secondary,no,-443.0,yes,yes,cellular,4,-1,0,success,330.0,no
48,technician,married,tertiary,no,637.0,no,no,cellular,3,-1,0,unknown,40.0,yes
51,technician,married,tertiary,no,1215.0,no,no,cellular,4,-1,2,unknown,102.0,yes
38,self-employed,married,secondary,no,35.0,no,no,unknown,7,-1,2,unknown,193.0,no
45,blue-collar,single,secondary,no,-500.0,yes,no,telephone,4,-1,1,unknown,388.0,no
47,technician,married,primary,no,1824.0,yes,no,telephone,4,-1,0,unknown,550.0,no
47,blue-collar,married,secondary,no,2999.0,yes,no,telephone,3,-1,0,unknown,404.0,no
62,blue-collar,divorced,tertiary,no,4744.0,yes,no,cellular,1,-1,2,success,428.0,yes
54,blue-collar,married,tertiary,no,1538.0,yes,no,cellular,4,-1,0,unknown,282.0,no
21,retired,married,secondary,no,2485.0,no,no,unknown,5,-1,0,unknown,163.0,yes
18,services,single,tertiary,no,-500.0,yes,yes,cellular,3,-1,0,other,60.0,no
43,admin.,married,tertiary,no,2946.0,yes,yes,cellular,3,-1,2,failure,619.0,yes
74,student,married,secondary,no,-416.0,no,no,cellular,4,-1,0,unknown,114.0,no
20,blue-collar,single,tertiary,no,1949.0,no,no,cellular,3,120,1,unknown,250.0,no
22,blue-collar,married,secondary,no,1322.0,no,yes,cellular,6,-1,0,unknown,399.0,no
60,blue-collar,married,tertiary,no,965.0,no,no,unknown,5,-1,0,unknown,104.0,no
45,blue-collar,married,tertiary,no,-500.0,yes,no,cellular,1,180,2,unknown,309.0,no
32,student,married,secondary,no,37.0,yes,no,cellular,4,30,2,unknown,162.0,no
30,admin.,married,secondary,no,-318.0,no,no,cellular,4,-1,0,unknown,174.0,no
59,blue-collar,married,tertiary,no,331.0,no,no,cellular,2,60,2,other,40.0,no
50,admin.,married,primary,no,3528.0,yes,no,unknown,8,-1,0,unknown,74.0,no
57,student,married,secondary,no,765.0,no,no,telephone,3,-1,0,failure,206.0,no
35,unemployed,married,secondary,no,189.0,no,yes,cellular,5,60,0,success,546.0,no
50,services,married,secondary,no,2569.0,yes,no,cellular,4,-1,0,unknown,216.0,no
71,self-employed,married,primary,no,1988.0,yes,no,cellular,3,-1,2,unknown,381.0,yes
37,technician,divorced,secondary,no,5058.0,yes,no,cellular,3,-1,0,unknown,65.0,no
42,blue-collar,married,tertiary,no,3220.0,no,no,unknown,4,-1,1,unknown,186.0,no
28,admin.,married,tertiary,no,-500.0,yes,no,unknown,2,-1,0,unknown,247.0,no
57,management,single,tertiary,no,2849.0,yes,no,cellular,8,365,2,success,229.0,no
20,blue-collar,married,secondary,yes,2635.0,yes,no,cellular,2,60,3,unknown,387.0,no
33,management,divorced,secondary,no,4387.0,no,no,cellular,4,60,0,unknown,64.0,no
62,management,single,secondary,no,1043.0,no,yes,telephone,7,-1,1,failure,135.0,no
19,blue-collar,married,secondary,no,3373.0,yes,no,telephone,2,-1,1,failure,109.0,no
79,management,married,tertiary,no,762.0,no,no,unknown,1,-1,0,unknown,151.0,yes
43,entrepreneur,married,secondary,no,1923.0,no,no,cellular,1,-1,0,unknown,100.0,no
42,admin.,single,tertiary,no,-499.0,yes,no,unknown,7,-1,2,unknown,398.0,no
51,technician,married,tertiary,no,-500.0,yes,no,telephone,3,-1,0,success,36.0,no
57,services,single,secondary,no,2965.0,yes,no,cellular,1,-1,1,failure,183.0,no
46,admin.,single,tertiary,no,1406.0,no,yes,unknown,4,-1,1,unknown,143.0,no
72,blue-collar,single,tertiary,no,-500.0,no,no,cellular,3,30,0,unknown,172.0,no
77,admin.,married,primary,no,2866.0,no,no,cellular,4,-1,0,unknown,459.0,no
30,admin.,single,primary,yes,-500.0,no,no,cellular,4,180,2,unknown,263.0,yes
61,admin.,single,tertiary,no,-58.0,no,no,cellular,4,-1,2,unknown,251.0,no
36,blue-collar,married,tertiary,no,-500.0,no,no,cellular,1,-1,0,unknown,274.0,no
79,technician,divorced,secondary,no,3559.0,no,no,unknown,1,30,0,other,293.0,yes
33,technician,married,secondary,no,620.0,no,no,cellular,1,-1,0,unknown,197.0,no
36,technician,divorced,secondary,no,1542.0,yes,no,unknown,6,-1,1,unknown,257.0,no
62,self-employed,married,secondary,no,1948.0,yes,no,cellular,4,-1,1,unknown,204.0,no
66,services,married,primary,no,2855.0,yes,no,cellular,3,-1,1,unknown,84.0,no
25,services,single,secondary,no,2652.0,yes,no,unknown,3,-1,2,unknown,520.0,no
52,technician,married,tertiary,no,2842.0,yes,no,unknown,2,-1,1,other,330.0,yes
39,services,married,primary,yes,922.0,yes,no,cellular,7,365,2,unknown,208.0,no
55,services,married,secondary,no,2936.0,yes,no,cellular,4,-1,0,failure,44.0,no
52,technician,single,secondary,no,220.0,no,no,cellular,3,-1,0,unknown,93.0,no
79,retired,married,tertiary,no,676.0,yes,no,cellular,3,-1,1,unknown,484.0,no
75,blue-collar,single,tertiary,no,-500.0,no,no,cellular,4,-1,0,unknown,148.0,no
58,admin.,married,tertiary,no,4417.0,yes,no,cellular,8,-1,1,failure,103.0,no
60,housemaid,married,secondary,no,-389.0,no,no,cellular,2,-1,1,unknown,78.0,no
73,admin.,married,primary,no,3939.0,no,no,cellular,2,-1,0,unknown,142.0,no
29,blue-collar,married,secondary,no,2367.0,yes,no,cellular,3,-1,0,failure,241.0,no
62,admin.,divorced,secondary,no,1759.0,no,no,cellular,3,90,0,success,229.0,no
65,blue-collar,single,primary,no,2061.0,yes,no,cellular,2,60,1,failure,99.0,no
25,technician,divorced,primary,no,-500.0,yes,no,cellular,1,-1,0,failure,208.0,no
72,entrepreneur,single,secondary,no,4290.0,yes,no,cellular,2,60,2,failure,84.0,no
61,blue-collar,single,secondary,no,749.0,no,no,telephone,4,-1,0,success,320.0,no
39,housemaid,divorced,secondary,no,3223.0,yes,yes,cellular,3,-1,0,unknown,487.0,no
48,blue-collar,married,tertiary,no,422.0,no,no,telephone,2,30,0,unknown,224.0,no
48,services,divorced,secondary,no,-500.0,no,no,unknown,3,120,0,failure,289.0,no
74,services,married,primary,no,4970.0,yes,yes,unknown,5,-1,0,unknown,149.0,no
78,admin.,married,secondary,no,314.0,no,no,cellular,4,-1,1,unknown,360.0,no
68,management,married,secondary,no,2231.0,yes,yes,unknown,6,-1,0,unknown,361.0,no
58,admin.,married,tertiary,no,-500.0,yes,no,unknown,3,-1,0,other,242.0,no
24,services,married,secondary,no,1272.0,yes,no,cellular,3,-1,0,success,132.0,no
74,technician,married,secondary,no,2487.0,yes,yes,unknown,2,365,0,unknown,210.0,no
26,technician,married,tertiary,no,1657.0,no,no,unknown,1,-1,1,unknown,196.0,no
28,blue-collar,single,secondary,no,1224.0,yes,no,telephone,4,-1,0,unknown,424.0,no
22,services,married,secondary,no,1020.0,yes,yes,cellular,2,30,0,unknown,423.0,no
76,technician,married,primary,no,2967.0,no,no,unknown,1,60,0,unknown,119.0,no
48,technician,single,secondary,no,-500.0,no,no,cellular,4,-1,1,unknown,214.0,no
32,blue-collar,single,primary,no,974.0,no,no,unknown,3,-1,0,unknown,65.0,no
23,management,single,tertiary,no,3982.0,no,no,unknown,2,-1,0,unknown,95.0,no
43,blue-collar,married,secondary,no,-500.0,yes,no,cellular,3,-1,0,unknown,356.0,no
62,admin.,married,primary,no,1208.0,yes,no,cellular,4,-1,0,unknown,87.0,no
79,services,divorced,secondary,no,-500.0,no,no,cellular,3,365,1,failure,360.0,no
52,management,married,secondary,yes,1942.0,no,no,unknown,1,-1,1,unknown,60.0,no
55,blue-collar,single,secondary,no,1459.0,no,yes,telephone,4,-1,0,unknown,781.0,yes
69,technician,married,tertiary,no,-299.0,yes,no,cellular,3,-1,0,unknown,58.0,no
73,management,married,secondary,no,1444.0,no,no,cellular,4,-1,2,other,328.0,no
35,unemployed,single,tertiary,no,1518.0,no,no,telephone,3,-1,0,unknown,128.0,no
79,technician,married,secondary,no,303.0,yes,yes,cellular,5,120,0,unknown,57.0,no
50,technician,married,secondary,no,650.0,yes,yes,unknown,3,-1,1,other,38.0,no
75,student,single,secondary,no,234.0,no,no,cellular,5,-1,1,unknown,197.0,no
25,admin.,married,secondary,no,-500.0,yes,no,cellular,4,60,0,unknown,269.0,no
24,admin.,married,primary,no,3068.0,no,no,unknown,2,-1,0,unknown,81.0,no
72,technician,married,secondary,no,3551.0,yes,no,telephone,3,-1,0,unknown,269.0,no
59,blue-collar,married,tertiary,no,-500.0,yes,no,cellular,4,30,1,unknown,256.0,no
28,entrepreneur,single,tertiary,no,3574.0,no,no,cellular,3,-1,1,failure,35.0,no
73,self-employed,married,primary,no,2123.0,yes,no,unknown,6,-1,0,unknown,174.0,no
24,blue-collar,married,primary,no,-500.0,yes,no,unknown,2,365,2,success,238.0,no
60,blue-collar,married,primary,no,1023.0,yes,no,cellular,1,-1,0,failure,168.0,no
30,management,divorced,secondary,no,130.0,no,yes,cellular,3,60,0,unknown,254.0,no
22,blue-collar,married,secondary,no,3062.0,yes,no,unknown,4,-1,0,other,491.0,yes
67,services,divorced,tertiary,no,-252.0,yes,yes,cellular,2,180,0,unknown,366.0,no
70,admin.,married,primary,no,5221.0,no,no,cellular,2,-1,1,unknown,205.0,no
24,management,married,tertiary,no,3485.0,yes,no,cellular,5,-1,0,unknown,250.0,no
23,blue-collar,single,tertiary,no,-500.0,yes,yes,unknown,2,-1,0,unknown,88.0,no
56,self-employed,married,primary,no,4349.0,yes,no,cellular,3,60,0,other,62.0,no
19,blue-collar,single,tertiary,no,2714.0,no,no,cellular,4,-1,0,unknown,197.0,no
64,blue-collar,divorced,tertiary,no,1129.0,no,no,unknown,1,-1,1,failure,52.0,no
74,technician,single,secondary,no,2616.0,no,no,cellular,1,-1,2,unknown,114.0,no
64,blue-collar,married,secondary,no,3064.0,yes,no,unknown,6,-1,2,unknown,135.0,no
32,services,single,secondary,no,35.0,yes,no,cellular,2,90,2,unknown,133.0,yes
29,blue-collar,married,secondary,no,2903.0,no,no,cellular,3,180,0,unknown,243.0,no
60,blue-collar,single,tertiary,no,621.0,no,no,cellular,2,-1,0,failure,232.0,no
21,blue-collar,married,secondary,no,2866.0,yes,no,unknown,5,-1,0,unknown,143.0,no
51,technician,married,tertiary,no,1154.0,no,no,cellular,2,-1,1,unknown,100.0,no
45,entrepreneur,married,secondary,no,-413.0,no,no,unknown,4,-1,0,unknown,151.0,no
64,blue-collar,married,secondary,no,2534.0,yes,no,cellular,4,-1,2,success,232.0,no
30,retired,single,secondary,no,718.0,no,no,cellular,3,-1,0,unknown,576.0,yes
65,entrepreneur,married,tertiary,no,1678.0,yes,no,cellular,5,-1,0,failure,241.0,no
61,technician,married,secondary,no,2136.0,yes,no,cellular,2,-1,0,unknown,204.0,no
32,unemployed,single,secondary,no,4045.0,no,no,cellular,4,-1,1,unknown,273.0,no
40,retired,married,tertiary,no,616.0,yes,no,unknown,2,30,0,other,218.0,yes
22,management,divorced,secondary,no,-127.0,yes,no,telephone,1,-1,0,unknown,80.0,no
45,blue-collar,married,tertiary,no,4362.0,yes,yes,cellular,1,-1,0,unknown,301.0,no
34,technician,married,secondary,no,1406.0,yes,no,cellular,6,365,0,unknown,161.0,no
25,management,married,tertiary,no,419.0,no,no,cellular,3,-1,0,unknown,171.0,no
52,blue-collar,married,secondary,no,2052.0,yes,yes,cellular,2,-1,0,failure,276.0,no
53,technician,married,primary,no,781.0,yes,no,cellular,6,-1,1,unknown,91.0,no
23,technician,single,primary,no,918.0,no,no,cellular,4,365,0,unknown,25.0,no
29,management,married,secondary,no,6033.0,yes,no,unknown,3,-1,0,unknown,283.0,no
23,blue-collar,divorced,secondary,no,-378.0,yes,no,cellular,2,-1,0,unknown,36.0,no
60,services,married,secondary,no,-500.0,no,no,cellular,1,-1,1,other,187.0,no
38,technician,single,secondary,no,3606.0,yes,no,cellular,1,-1,1,other,359.0,no
22,management,married,secondary,no,717.0,no,no,cellular,6,30,1,unknown,168.0,yes
29,blue-collar,married,tertiary,no,1974.0,no,no,cellular,3,-1,0,unknown,288.0,no
78,blue-collar,married,primary,no,2549.0,yes,no,cellular,3,365,1,success,91.0,no
33,blue-collar,married,secondary,no,-500.0,yes,no,cellular,6,-1,1,unknown,215.0,no
60,blue-collar,married,tertiary,no,3453.0,yes,no,telephone,1,-1,0,other,102.0,no
47,student,married,secondary,no,390.0,yes,no,unknown,2,-1,0,success,190.0,no
29,admin.,married,tertiary,no,4818.0,yes,no,cellular,1,-1,0,unknown,157.0,no
37,entrepreneur,divorced,secondary,no,-33.0,yes,no,unknown,1,-1,0,unknown,62.0,no
18,technician,married,secondary,no,4218.0,no,no,cellular,3,-1,0,unknown,254.0,no
64,housemaid,married,tertiary,no,4544.0,no,no,cellular,6,-1,1,unknown,26.0,no
38,blue-collar,married,secondary,no,519.0,no,yes,cellular,3,90,1,other,59.0,no
48,technician,married,secondary,no,1057.0,yes,no,cellular,3,-1,0,unknown,328.0,no
27,blue-collar,married,secondary,no,835.0,no,no,telephone,5,90,1,failure,69.0,no
69,technician,single,primary,no,4135.0,yes,no,cellular,1,-1,1,unknown,211.0,no
31,admin.,single,secondary,no,1723.0,yes,no,cellular,2,-1,0,unknown,304.0,no
53,housemaid,single,tertiary,no,2359.0,no,no,telephone,4,120,0,unknown,359.0,no
72,self-employed,married,primary,yes,1142.0,no,no,cellular,1,365,0,success,60.0,no
62,entrepreneur,married,secondary,no,2250.0,no,no,cellular,4,-1,1,unknown,223.0,no
55,retired,single,primary,no,2367.0,yes,no,cellular,4,-1,0,unknown,88.0,no
73,blue-collar,married,secondary,no,326.0,no,no,telephone,5,365,1,other,61.0,no
28,retired,married,secondary,no,4590.0,no,no,cellular,7,90,0,unknown,121.0,no
77,blue-collar,married,primary,no,1033.0,yes,yes,unknown,5,-1,1,failure,238.0,no
52,technician,single,secondary,no,3254.0,yes,no,cellular,3,-1,0,unknown,234.0,no
43,retired,married,primary,no,-500.0,no,no,unknown,5,-1,0,unknown,47.0,no
33,management,divorced,tertiary,no,2631.0,no,no,cellular,4,-1,0,unknown,271.0,no
64,admin.,married,tertiary,no,3317.0,no,no,unknown,5,-1,0,unknown,68.0,no
78,management,divorced,secondary,no,1879.0,no,no,cellular,4,-1,0,unknown,433.0,no
60,retired,married,primary,no,3337.0,no,no,cellular,3,-1,0,unknown,105.0,no
20,blue-collar,single,secondary,no,127.0,yes,no,cellular,5,-1,2,failure,557.0,yes
47,services,married,primary,no,2251.0,yes,no,cellular,4,-1,1,other,379.0,no
63,admin.,single,tertiary,no,-500.0,yes,no,telephone,4,30,1,unknown,171.0,no
42,blue-collar,married,secondary,no,1667.0,yes,no,unknown,1,-1,1,unknown,126.0,no
65,services,single,secondary,no,-27.0,no,yes,cellular,2,-1,0,unknown,376.0,no
61,blue-collar,single,tertiary,no,1276.0,yes,no,cellular,3,-1,0,unknown,86.0,no
22,blue-collar,married,tertiary,no,3883.0,no,no,cellular,4,-1,0,unknown,180.0,no
52,services,married,secondary,no,4528.0,no,no,unknown,2,60,1,other,289.0,no
28,services,married,secondary,no,-500.0,no,no,cellular,5,30,1,unknown,151.0,no
48,admin.,divorced,secondary,no,3641.0,yes,no,cellular,4,-1,0,unknown,200.0,no
41,blue-collar,divorced,secondary,no,3918.0,yes,yes,cellular,3,-1,2,unknown,403.0,no
68,management,married,primary,no,1984.0,yes,yes,cellular,5,60,0,unknown,168.0,no
71,self-employed,married,secondary,no,3844.0,yes,yes,cellular,2,365,0,unknown,130.0,yes
46,management,married,secondary,no,653.0,no,no,unknown,6,-1,1,unknown,44.0,no
51,services,married,secondary,no,475.0,yes,no,cellular,2,-1,0,unknown,57.0,no
56,student,married,secondary,no,483.0,no,no,unknown,1,-1,2,unknown,248.0,no
58,technician,single,tertiary,no,2685.0,no,no,telephone,3,-1,0,unknown,110.0,no
57,blue-collar,married,secondary,no,1225.0,no,no,cellular,2,-1,0,unknown,97.0,no
66,blue-collar,divorced,tertiary,no,112.0,no,no,cellular,2,60,0,unknown,365.0,no
78,blue-collar,divorced,secondary,no,198.0,yes,no,cellular,5,365,0,unknown,106.0,no
69,blue-collar,married,tertiary,no,1402.0,yes,no,cellular,3,-1,0,success,121.0,no
26,entrepreneur,married,secondary,no,-129.0,yes,no,unknown,5,-1,0,unknown,234.0,no
47,technician,married,secondary,no,2603.0,yes,yes,cellular,2,-1,1,unknown,27.0,no
46,blue-collar,married,secondary,no,3551.0,no,no,cellular,2,-1,0,unknown,348.0,no
49,blue-collar,single,secondary,no,3153.0,yes,no,unknown,6,120,0,unknown,77.0,no
50,retired,married,primary,no,6640.0,no,no,cellular,5,-1,0,unknown,479.0,yes
62,unemployed,married,secondary,no,2139.0,no,no,cellular,6,120,2,unknown,393.0,no
44,blue-collar,divorced,secondary,no,4451.0,yes,no,cellular,4,-1,0,unknown,107.0,no
34,student,married,primary,no,1731.0,yes,no,unknown,2,-1,1,unknown,145.0,no
46,technician,married,secondary,no,899.0,yes,no,cellular,1,30,1,unknown,284.0,no
70,entrepreneur,divorced,secondary,no,1614.0,no,no,unknown,4,30,1,failure,156.0,no
37,self-employed,married,secondary,no,1699.0,yes,no,cellular,5,180,1,unknown,88.0,no
19,management,married,primary,no,1177.0,yes,yes,cellular,1,90,1,unknown,368.0,yes
78,blue-collar,married,primary,no,-500.0,no,no,cellular,2,120,1,unknown,440.0,no
30,management,married,tertiary,no,-363.0,no,yes,cellular,2,-1,0,success,407.0,yes
55,admin.,married,tertiary,no,3440.0,yes,yes,cellular,7,-1,1,success,290.0,no
67,services,single,secondary,no,2901.0,no,no,cellular,3,-1,1,unknown,225.0,no
35,technician,married,secondary,no,4602.0,no,no,unknown,6,-1,0,unknown,206.0,no
39,blue-collar,married,secondary,no,693.0,no,yes,telephone,2,90,0,unknown,333.0,no
35,retired,married,secondary,no,525.0,no,no,unknown,3,-1,1,unknown,137.0,no
27,blue-collar,married,tertiary,no,-500.0,no,yes,unknown,3,-1,0,success,67.0,no
27,blue-collar,divorced,tertiary,no,3301.0,yes,no,unknown,3,365,1,other,212.0,yes
29,services,single,secondary,no,-206.0,yes,no,unknown,3,180,0,unknown,113.0,no
46,blue-collar,single,secondary,no,1344.0,no,no,cellular,5,-1,0,failure,16.0,no
50,technician,married,secondary,yes,1964.0,yes,no,cellular,1,-1,1,unknown,77.0,no
18,blue-collar,married,tertiary,no,-500.0,no,no,cellular,3,-1,1,other,122.0,no
70,technician,single,tertiary,no,2798.0,yes,yes,unknown,4,-1,0,unknown,144.0,no
59,entrepreneur,divorced,tertiary,no,3218.0,yes,no,cellular,3,365,1,unknown,23.0,no
22,entrepreneur,single,secondary,no,1898.0,yes,no,cellular,7,-1,0,failure,269.0,yes
70,student,married,secondary,no,1244.0,no,no,cellular,6,-1,2,unknown,208.0,no
19,management,married,secondary,no,1342.0,yes,no,cellular,5,-1,1,unknown,176.0,no
52,blue-collar,married,secondary,no,3920.0,yes,no,unknown,1,-1,3,unknown,278.0,no
46,technician,married,secondary,no,1496.0,no,no,unknown,2,-1,1,unknown,349.0,yes
49,blue-collar,married,secondary,no,1364.0,no,no,cellular,4,-1,1,unknown,65.0,no
77,admin.,married,secondary,no,164.0,no,no,unknown,6,90,2,other,589.0,yes
75,housemaid,married,secondary,no,-500.0,no,no,cellular,1,-1,0,unknown,191.0,no
35,retired,married,secondary,no,3373.0,no,yes,cellular,3,30,1,unknown,88.0,no
53,self-employed,married,secondary,no,1395.0,no,no,cellular,6,-1,1,other,162.0,no
77,technician,married,secondary,no,-176.0,yes,yes,cellular,4,-1,1,success,183.0,no
63,retired,married,secondary,no,5199.0,yes,no,cellular,5,-1,0,unknown,129.0,no
73,blue-collar,married,tertiary,no,2191.0,yes,no,telephone,6,-1,1,success,122.0,no
44,blue-collar,divorced,primary,no,1029.0,yes,yes,cellular,5,-1,0,unknown,55.0,no
35,admin.,married,secondary,no,3233.0,no,no,unknown,2,-1,0,unknown,137.0,no
49,services,single,secondary,no,2062.0,no,no,telephone,2,-1,0,unknown,54.0,no
68,admin.,married,secondary,no,2027.0,yes,yes,cellular,5,-1,0,unknown,98.0,no
75,self-employed,single,tertiary,no,304.0,no,no,cellular,3,-1,0,unknown,117.0,no
60,self-employed,married,tertiary,no,2653.0,yes,no,cellular,5,90,0,unknown,280.0,no
61,technician,single,primary,no,3093.0,yes,no,unknown,2,60,0,unknown,350.0,no
49,admin.,divorced,secondary,no,314.0,yes,no,cellular,5,-1,1,unknown,769.0,no
37,blue-collar,married,primary,no,-500.0,no,no,unknown,2,-1,0,unknown,314.0,no
44,technician,single,tertiary,no,3110.0,no,no,unknown,2,-1,1,unknown,65.0,yes
48,retired,divorced,secondary,no,2531.0,yes,yes,unknown,5,-1,2,unknown,164.0,no
68,management,single,secondary,no,2916.0,no,no,telephone,3,-1,0,success,502.0,yes
52,student,married,secondary,yes,1483.0,no,no,telephone,2,-1,3,unknown,195.0,no
67,technician,married,secondary,no,3133.0,no,no,cellular,5,-1,0,other,65.0,no
19,blue-collar,divorced,tertiary,no,225.0,yes,no,cellular,3,30,0,other,194.0,no
64,technician,single,primary,no,1064.0,yes,no,cellular,1,-1,1,unknown,18.0,no
49,admin.,divorced,tertiary,no,-484.0,yes,yes,unknown,5,365,0,unknown,297.0,no
79,unemployed,married,secondary,no,3483.0,no,no,cellular,5,30,0,unknown,144.0,no
47,blue-collar,single,primary,yes,1316.0,yes,no,cellular,2,60,0,unknown,116.0,no
47,blue-collar,single,tertiary,no,1817.0,no,no,cellular,3,30,0,unknown,81.0,no
25,admin.,single,secondary,no,2180.0,no,no,cellular,3,-1,0,unknown,80.0,yes
68,technician,single,tertiary,no,971.0,yes,no,cellular,1,120,1,unknown,264.0,no
61,unemployed,married,secondary,no,2880.0,yes,no,telephone,3,-1,2,success,100.0,no
71,blue-collar,single,secondary,no,4384.0,yes,no,telephone,6,-1,3,other,239.0,no
23,blue-collar,single,secondary,no,3163.0,no,no,cellular,2,-1,0,other,48.0,no
31,blue-collar,married,tertiary,no,-500.0,no,no,cellular,5,-1,0,failure,528.0,no
72,blue-collar,married,secondary,no,1598.0,no,no,cellular,4,365,0,other,143.0,no
20,technician,divorced,secondary,no,1679.0,yes,no,cellular,2,-1,0,other,167.0,no
49,admin.,married,tertiary,no,3636.0,no,no,unknown,4,-1,1,success,267.0,yes
43,technician,married,primary,no,412.0,no,no,cellular,3,60,1,unknown,68.0,no
76,technician,single,tertiary,no,-473.0,yes,no,cellular,1,365,0,unknown,306.0,no
71,blue-collar,divorced,secondary,no,2904.0,yes,no,cellular,3,30,0,other,168.0,no
73,retired,single,tertiary,no,1365.0,no,no,telephone,2,-1,0,other,643.0,no
35,unemployed,married,tertiary,no,277.0,yes,yes,telephone,6,-1,0,unknown,130.0,no
54,technician,married,secondary,no,932.0,yes,no,cellular,3,30,0,unknown,98.0,no
61,services,married,tertiary,no,-500.0,yes,no,cellular,3,-1,1,other,210.0,no
77,admin.,married,tertiary,no,1706.0,yes,no,unknown,4,60,0,unknown,167.0,no
18,admin.,single,primary,no,853.0,no,no,cellular,4,-1,0,unknown,296.0,no
78,technician,married,tertiary,no,2359.0,yes,no,cellular,3,30,1,unknown,498.0,yes
40,entrepreneur,married,secondary,no,1031.0,yes,yes,cellular,5,365,0,unknown,123.0,no
25,services,single,tertiary,no,1464.0,no,no,cellular,6,-1,1,unknown,173.0,no
56,services,married,tertiary,no,580.0,yes,yes,cellular,3,-1,0,unknown,24.0,no
66,housemaid,married,secondary,no,942.0,yes,no,cellular,3,-1,0,unknown,65.0,no
26,blue-collar,married,primary,no,-500.0,yes,no,cellular,3,-1,1,other,79.0,no
20,entrepreneur,married,secondary,no,3258.0,no,no,unknown,5,-1,1,unknown,170.0,no
73,technician,married,tertiary,no,1325.0,yes,no,unknown,2,60,0,unknown,219.0,no
75,blue-collar,divorced,tertiary,no,-500.0,yes,no,unknown,2,-1,0,failure,158.0,no
27,admin.,single,tertiary,no,-500.0,no,no,unknown,5,-1,0,failure,307.0,no
74,technician,single,tertiary,no,3268.0,yes,no,cellular,4,-1,1,success,48.0,no
74,services,single,secondary,no,1322.0,yes,no,cellular,1,30,0,failure,398.0,no
79,retired,married,secondary,no,1364.0,yes,no,cellular,6,-1,2,unknown,560.0,no
31,technician,single,tertiary,no,1395.0,yes,no,unknown,5,-1,0,unknown,103.0,no
53,housemaid,married,primary,no,2277.0,yes,yes,cellular,5,30,0,unknown,99.0,no
79,unemployed,married,secondary,no,4155.0,yes,no,telephone,2,-1,0,failure,197.0,no
73,technician,married,secondary,no,2201.0,no,yes,cellular,5,120,0,failure,304.0,no
55,blue-collar,married,primary,no,1953.0,yes,no,unknown,4,-1,2,unknown,92.0,no
30,entrepreneur,married,secondary,no,372.0,no,yes,cellular,2,-1,0,failure,281.0,no
23,blue-collar,married,secondary,no,-500.0,yes,no,cellular,8,-1,2,success,166.0,no
34,services,married,secondary,no,2254.0,no,no,unknown,3,365,0,unknown,321.0,no
22,services,married,primary,no,2399.0,yes,yes,cellular,4,-1,0,failure,152.0,no
30,retired,married,secondary,no,3379.0,yes,yes,cellular,4,-1,0,success,187.0,no
22,technician,married,secondary,no,4482.0,yes,no,unknown,3,-1,1,other,436.0,no
65,management,married,tertiary,no,-500.0,yes,no,cellular,3,-1,1,unknown,205.0,no
54,technician,married,secondary,no,295.0,no,no,cellular,1,-1,0,unknown,16.0,no
50,services,married,tertiary,no,2603.0,yes,no,unknown,3,-1,0,unknown,201.0,no
68,retired,married,secondary,no,1402.0,yes,no,cellular,3,-1,0,failure,288.0,no
43,admin.,single,primary,no,3998.0,yes,no,unknown,1,-1,1,unknown,54.0,no
42,services,single,tertiary,no,1052.0,yes,no,unknown,5,-1,1,unknown,149.0,no
30,services,married,primary,no,5002.0,no,no,cellular,3,30,3,unknown,69.0,no
45,blue-collar,married,secondary,no,1501.0,yes,no,cellular,4,-1,0,unknown,304.0,yes
28,technician,single,secondary,no,4330.0,no,no,cellular,2,-1,0,unknown,172.0,no
54,management,married,tertiary,no,-500.0,no,no,cellular,5,-1,1,unknown,334.0,yes
79,blue-collar,married,tertiary,no,2275.0,no,no,cellular,2,-1,2,unknown,109.0,yes
51,technician,married,secondary,no,1442.0,yes,no,unknown,3,-1,1,unknown,140.0,no
36,blue-collar,single,secondary,no,-500.0,no,yes,unknown,5,-1,0,unknown,188.0,no
60,self-employed,married,secondary,no,1372.0,yes,no,cellular,3,120,0,unknown,245.0,no
68,self-employed,divorced,tertiary,no,-500.0,yes,no,cellular,3,-1,0,unknown,91.0,no
47,admin.,single,tertiary,no,465.0,no,no,cellular,4,-1,0,unknown,106.0,no
33,housemaid,married,secondary,no,1949.0,yes,no,unknown,6,-1,0,unknown,37.0,no
62,blue-collar,married,secondary,no,1179.0,yes,no,cellular,4,30,0,unknown,217.0,no
29,blue-collar,married,tertiary,no,2041.0,yes,no,cellular,4,-1,0,unknown,212.0,no
79,services,married,secondary,no,1683.0,yes,no,cellular,6,-1,0,other,177.0,no
37,admin.,married,tertiary,no,5638.0,yes,no,cellular,6,90,1,unknown,65.0,no
39,technician,married,secondary,no,1867.0,no,no,telephone,2,-1,0,unknown,72.0,no
63,entrepreneur,single,tertiary,no,1603.0,yes,no,unknown,3,-1,1,unknown,157.0,no
18,blue-collar,single,primary,yes,2158.0,yes,no,cellular,3,365,1,success,322.0,yes
30,technician,divorced,tertiary,no,1353.0,no,no,cellular,4,90,1,unknown,284.0,no
25,management,married,secondary,no,-500.0,no,no,cellular,2,-1,1,unknown,168.0,no
42,self-employed,divorced,secondary,no,2645.0,no,yes,cellular,3,90,0,unknown,348.0,no
52,services,single,tertiary,no,3723.0,no,yes,unknown,1,-1,0,unknown,363.0,no
29,technician,single,secondary,no,4199.0,no,no,cellular,1,120,1,unknown,211.0,no
39,blue-collar,single,tertiary,no,2641.0,yes,no,cellular,3,90,0,unknown,61.0,no
65,admin.,married,primary,no,916.0,yes,yes,cellular,4,-1,1,unknown,384.0,no
76,unemployed,single,secondary,no,1873.0,yes,no,cellular,1,60,0,unknown,138.0,no
18,admin.,married,secondary,no,4615.0,yes,no,cellular,1,-1,0,unknown,72.0,no
56,services,single,secondary,no,997.0,no,yes,unknown,3,-1,0,unknown,94.0,no
19,self-employed,married,primary,no,-500.0,yes,no,cellular,5,60,0,success,31.0,no
50,retired,married,tertiary,no,5377.0,yes,no,cellular,2,-1,0,unknown,205.0,no
72,technician,married,tertiary,no,-433.0,yes,no,unknown,2,-1,1,unknown,159.0,no
67,unemployed,married,primary,no,-500.0,yes,no,cellular,3,-1,0,unknown,287.0,no
32,admin.,married,primary,no,1974.0,yes,no,cellular,3,-1,0,unknown,351.0,no
34,self-employed,divorced,secondary,no,2136.0,no,no,telephone,2,180,0,unknown,419.0,no
66,services,married,secondary,no,2225.0,yes,no,cellular,5,-1,0,unknown,473.0,no
68,blue-collar,married,tertiary,yes,2981.0,no,no,cellular,1,-1,0,unknown,76.0,no
35,technician,married,secondary,no,1109.0,yes,yes,cellular,2,-1,0,unknown,469.0,no
18,management,married,primary,no,1135.0,yes,no,cellular,3,60,1,other,181.0,no
45,blue-collar,married,tertiary,no,368.0,yes,no,cellular,3,-1,2,unknown,106.0,no
56,technician,single,primary,no,1646.0,yes,no,telephone,4,-1,0,unknown,242.0,no
45,technician,divorced,secondary,no,2375.0,yes,no,cellular,1,30,1,unknown,29.0,yes
75,admin.,married,secondary,no,3032.0,yes,no,unknown,3,-1,1,success,428.0,yes
68,student,married,tertiary,no,-216.0,no,no,cellular,4,-1,1,unknown,252.0,no
66,blue-collar,single,tertiary,no,-500.0,no,no,cellular,5,-1,1,unknown,226.0,no
19,admin.,married,primary,no,2993.0,yes,no,cellular,2,-1,0,unknown,123.0,no
70,blue-collar,single,secondary,no,448.0,yes,no,telephone,2,-1,1,unknown,248.0,no
64,technician,married,secondary,no,-373.0,yes,yes,telephone,2,-1,0,unknown,279.0,no
42,blue-collar,single,secondary,no,-500.0,no,no,cellular,7,365,1,unknown,137.0,no
54,blue-collar,married,secondary,no,3933.0,no,yes,unknown,3,-1,0,unknown,149.0,no
69,services,divorced,secondary,no,1896.0,yes,no,cellular,5,-1,1,unknown,217.0,no
74,housemaid,divorced,tertiary,no,2382.0,no,no,telephone,3,60,0,failure,204.0,no
52,blue-collar,married,primary,no,2187.0,no,no,cellular,2,-1,1,unknown,338.0,yes
20,blue-collar,married,secondary,no,1783.0,yes,no,cellular,4,-1,2,failure,185.0,no
56,technician,married,tertiary,no,1358.0,no,no,cellular,2,60,1,success,293.0,no
60,self-employed,married,secondary,no,1273.0,yes,no,cellular,3,-1,0,unknown,158.0,no
21,student,divorced,secondary,yes,-358.0,no,no,cellular,2,60,0,success,107.0,no
68,admin.,married,tertiary,no,-500.0,yes,no,unknown,6,60,0,unknown,46.0,no
30,management,married,tertiary,no,5442.0,yes,no,cellular,2,-1,0,unknown,74.0,no
73,technician,married,secondary,no,1468.0,no,no,cellular,7,-1,0,success,212.0,no
52,blue-collar,married,tertiary,no,612.0,yes,no,cellular,8,30,0,unknown,297.0,no
37,blue-collar,single,primary,yes,-42.0,yes,yes,cellular,5,180,0,unknown,190.0,no
21,entrepreneur,single,primary,no,3289.0,yes,no,unknown,5,60,0,unknown,178.0,no
19,blue-collar,single,secondary,no,1661.0,no,yes,cellular,5,-1,0,unknown,188.0,no
63,blue-collar,married,primary,no,-154.0,yes,no,unknown,3,-1,0,unknown,117.0,no
41,technician,single,secondary,no,854.0,yes,yes,cellular,6,-1,0,unknown,78.0,no
70,management,married,primary,no,1960.0,no,yes,cellular,4,-1,1,unknown,184.0,no
32,self-employed,married,tertiary,no,704.0,no,no,telephone,3,60,0,unknown,11.0,no
75,blue-collar,married,secondary,no,2867.0,yes,no,cellular,3,-1,0,unknown,96.0,no
76,self-employed,divorced,tertiary,no,5223.0,no,no,unknown,4,-1,0,unknown,41.0,no
24,retired,single,secondary,no,640.0,yes,no,unknown,2,60,0,other,81.0,yes
58,technician,single,secondary,no,887.0,yes,no,cellular,3,30,0,other,12.0,no
76,housemaid,married,secondary,no,-94.0,yes,no,cellular,2,30,1,unknown,304.0,no
38,technician,married,primary,no,1124.0,no,yes,cellular,2,365,0,unknown,193.0,no
22,blue-collar,married,tertiary,no,-500.0,no,no,telephone,4,60,0,unknown,281.0,no
72,retired,single,primary,no,3379.0,no,no,cellular,2,30,0,success,513.0,no
47,technician,single,tertiary,no,-500.0,no,no,cellular,3,-1,0,unknown,304.0,yes
19,self-employed,single,tertiary,no,-51.0,yes,no,unknown,2,180,0,failure,57.0,no
70,services,married,secondary,no,1551.0,yes,no,unknown,2,-1,2,unknown,85.0,no
60,technician,married,secondary,no,3879.0,yes,no,cellular,2,90,0,unknown,126.0,yes
22,technician,married,tertiary,no,-138.0,yes,no,telephone,3,90,0,unknown,104.0,no
34,blue-collar,single,primary,yes,1064.0,no,no,cellular,3,-1,0,other,242.0,no
19,blue-collar,divorced,tertiary,no,1928.0,no,yes,cellular,3,-1,0,unknown,446.0,no
77,retired,married,primary,no,191.0,yes,yes,cellular,2,-1,2,unknown,381.0,no
19,unemployed,single,secondary,no,1183.0,yes,no,cellular,4,-1,0,unknown,85.0,yes
67,management,single,tertiary,no,-500.0,yes,no,telephone,2,90,1,unknown,51.0,no
49,blue-collar,married,secondary,no,450.0,yes,no,unknown,2,-1,0,unknown,446.0,no
54,retired,married,tertiary,no,3615.0,yes,no,cellular,3,-1,1,unknown,384.0,no
68,admin.,married,secondary,no,2868.0,yes,yes,telephone,4,30,1,unknown,120.0,no
73,blue-collar,divorced,tertiary,no,601.0,yes,yes,cellular,2,30,0,unknown,272.0,no
25,blue-collar,married,primary,no,-424.0,yes,no,cellular,3,-1,0,unknown,222.0,no
19,admin.,married,secondary,no,1018.0,yes,no,unknown,2,-1,0,failure,71.0,no
25,services,married,secondary,no,-500.0,no,no,cellular,4,-1,0,unknown,62.0,no
60,blue-collar,single,primary,no,1046.0,yes,no,cellular,3,-1,1,unknown,300.0,no
53,blue-collar,married,tertiary,no,662.0,yes,no,cellular,4,-1,0,unknown,218.0,no
23,management,divorced,tertiary,yes,596.0,yes,no,cellular,3,-1,2,unknown,41.0,no
32,blue-collar,married,tertiary,no,1146.0,no,no,cellular,3,-1,0,success,49.0,no
51,entrepreneur,divorced,tertiary,no,2366.0,no,no,cellular,5,-1,0,unknown,357.0,no
63,blue-collar,married,tertiary,no,-470.0,no,no,telephone,2,-1,1,unknown,103.0,no
39,admin.,married,secondary,yes,3124.0,yes,no,telephone,2,-1,0,failure,141.0,yes
76,services,single,secondary,no,3425.0,yes,no,telephone,5,-1,0,success,54.0,no
79,admin.,married,tertiary,no,5360.0,yes,no,cellular,5,-1,1,unknown,280.0,no
65,blue-collar,married,secondary,no,1933.0,no,no,cellular,2,90,1,other,174.0,no
46,blue-collar,single,secondary,yes,4051.0,no,no,cellular,2,-1,0,unknown,123.0,no
72,blue-collar,married,secondary,no,3158.0,yes,no,unknown,4,-1,0,success,439.0,no
63,blue-collar,married,secondary,no,1743.0,no,yes,telephone,2,30,0,failure,58.0,no
50,blue-collar,single,tertiary,no,-500.0,no,yes,cellular,2,-1,0,unknown,152.0,no
45,blue-collar,single,secondary,no,3011.0,yes,no,telephone,2,-1,2,unknown,482.0,no
69,admin.,married,secondary,no,1832.0,no,no,cellular,5,-1,1,unknown,518.0,yes
52,technician,married,tertiary,no,4617.0,no,no,cellular,3,60,0,unknown,182.0,yes
29,blue-collar,married,tertiary,no,2732.0,yes,no,cellular,1,60,0,success,371.0,no
79,admin.,married,secondary,no,3300.0,yes,yes,cellular,4,30,0,unknown,268.0,no
22,retired,married,tertiary,no,359.0,yes,no,unknown,2,-1,1,unknown,200.0,no
61,blue-collar,married,secondary,no,1840.0,yes,no,cellular,5,-1,0,success,688.0,no
58,student,single,primary,no,-500.0,no,no,cellular,3,120,1,other,86.0,no
54,admin.,married,secondary,no,2398.0,no,no,cellular,1,180,0,unknown,253.0,no
21,management,married,secondary,no,3592.0,yes,no,unknown,2,365,0,success,113.0,no
48,technician,single,primary,no,3905.0,no,no,telephone,4,-1,1,unknown,72.0,no
73,blue-collar,single,secondary,yes,761.0,yes,no,cellular,2,-1,1,unknown,188.0,no
32,blue-collar,single,primary,no,-500.0,no,yes,cellular,4,-1,1,failure,215.0,no
60,self-employed,married,tertiary,no,432.0,no,no,cellular,4,-1,0,unknown,127.0,no
71,unemployed,single,secondary,no,1260.0,no,no,cellular,3,-1,0,unknown,147.0,yes
77,entrepreneur,divorced,secondary,no,2136.0,no,no,cellular,2,-1,0,other,249.0,no
50,services,married,secondary,no,-500.0,no,no,unknown,6,180,0,unknown,43.0,no
37,blue-collar,married,tertiary,no,1212.0,yes,no,cellular,4,-1,1,unknown,36.0,no
61,services,married,tertiary,no,-467.0,yes,no,cellular,1,-1,0,unknown,170.0,no
48,blue-collar,divorced,tertiary,no,4004.0,yes,no,cellular,4,-1,0,other,200.0,no
56,self-employed,married,tertiary,no,-500.0,no,no,unknown,4,120,0,success,86.0,no
63,admin.,married,secondary,no,3223.0,no,yes,cellular,5,30,2,success,216.0,no
62,retired,married,secondary,no,1113.0,yes,no,cellular,4,-1,0,unknown,120.0,no
33,blue-collar,divorced,secondary,no,-500.0,no,no,cellular,1,-1,0,unknown,365.0,no
64,services,married,tertiary,no,4419.0,yes,yes,cellular,4,-1,0,unknown,63.0,no
51,student,married,primary,no,3830.0,yes,no,cellular,6,180,0,unknown,250.0,no
75,technician,divorced,secondary,no,3650.0,yes,no,unknown,3,-1,0,unknown,45.0,no
58,unemployed,married,secondary,no,1568.0,no,no,cellular,3,-1,1,unknown,422.0,no
73,management,married,tertiary,no,191.0,no,no,cellular,4,-1,1,success,802.0,yes
78,services,married,secondary,no,1517.0,no,no,unknown,5,-1,0,success,21.0,no
79,admin.,married,tertiary,no,2383.0,yes,no,cellular,2,60,0,unknown,512.0,no
64,technician,married,tertiary,no,424.0,no,yes,telephone,5,-1,0,other,345.0,no
55,self-employed,married,secondary,no,-144.0,no,no,cellular,5,-1,0,other,69.0,no
25,housemaid,married,tertiary,yes,2288.0,no,no,cellular,5,-1,2,success,13.0,no
41,management,single,secondary,no,1752.0,no,yes,cellular,3,-1,1,unknown,350.0,no
47,student,married,secondary,no,3067.0,yes,no,unknown,4,-1,0,unknown,91.0,no
66,technician,married,secondary,no,4141.0,yes,no,cellular,2,-1,1,unknown,396.0,yes
54,technician,single,secondary,no,2941.0,yes,no,unknown,3,90,0,failure,286.0,no
45,management,divorced,secondary,no,-500.0,yes,no,cellular,4,90,1,unknown,51.0,no
27,entrepreneur,married,tertiary,no,1377.0,no,no,unknown,1,-1,2,unknown,67.0,no
62,technician,married,tertiary,no,2097.0,yes,no,cellular,3,-1,0,unknown,182.0,no
44,services,married,secondary,no,2857.0,yes,no,cellular,3,-1,1,unknown,236.0,no
20,retired,single,primary,yes,2945.0,no,no,cellular,5,-1,0,unknown,85.0,no
35,self-employed,single,primary,no,1296.0,yes,no,cellular,1,180,2,unknown,99.0,no
72,self-employed,married,secondary,no,517.0,yes,no,cellular,4,90,1,success,355.0,yes
25,services,married,tertiary,no,3216.0,yes,no,cellular,4,30,1,unknown,204.0,no
43,retired,married,secondary,no,2080.0,yes,no,cellular,5,-1,0,unknown,111.0,no
49,technician,single,tertiary,no,1907.0,no,yes,cellular,4,-1,2,unknown,125.0,no
23,technician,married,tertiary,no,132.0,yes,no,unknown,3,-1,1,unknown,139.0,no
28,management,married,secondary,no,5180.0,yes,yes,unknown,2,120,2,unknown,223.0,no
76,blue-collar,married,secondary,no,1848.0,no,yes,cellular,3,-1,0,unknown,281.0,no
54,retired,single,tertiary,no,1244.0,yes,no,unknown,5,-1,0,success,35.0,no
31,self-employed,divorced,secondary,no,1848.0,no,no,cellular,8,180,1,unknown,78.0,no
28,retired,married,primary,no,1163.0,yes,no,telephone,6,-1,3,unknown,18.0,no
44,technician,divorced,tertiary,no,-500.0,no,no,cellular,4,-1,1,unknown,97.0,no
62,admin.,married,tertiary,no,1938.0,no,no,cellular,3,90,1,failure,70.0,no
63,blue-collar,single,tertiary,no,-500.0,no,no,unknown,4,60,0,success,88.0,no
30,technician,single,tertiary,no,1586.0,no,yes,cellular,8,-1,0,unknown,304.0,no
62,technician,married,tertiary,no,-500.0,yes,no,cellular,3,-1,0,unknown,265.0,no
73,management,married,secondary,no,-500.0,yes,no,telephone,2,120,0,unknown,136.0,no
32,blue-collar,married,secondary,no,2503.0,no,no,cellular,1,-1,1,success,95.0,no
19,housemaid,single,tertiary,no,-500.0,no,no,cellular,2,-1,0,success,248.0,yes
77,management,married,primary,no,2182.0,yes,no,telephone,2,-1,1,unknown,63.0,no
50,retired,married,tertiary,no,1705.0,no,no,cellular,5,-1,1,success,324.0,yes
66,blue-collar,married,secondary,no,1664.0,yes,no,cellular,3,90,0,other,108.0,no
37,blue-collar,married,secondary,no,271.0,yes,no,cellular,3,-1,0,unknown,116.0,no
36,services,married,tertiary,yes,1164.0,yes,no,telephone,3,-1,0,unknown,123.0,no
31,self-employed,single,tertiary,no,219.0,no,no,cellular,3,-1,0,unknown,552.0,yes
31,services,married,secondary,no,3101.0,no,no,telephone,8,-1,0,failure,55.0,no
47,entrepreneur,married,secondary,no,531.0,yes,yes,cellular,3,-1,1,unknown,81.0,no
24,blue-collar,married,secondary,no,953.0,no,no,cellular,3,30,0,unknown,40.0,no
70,blue-collar,divorced,primary,no,2740.0,yes,no,unknown,2,30,3,failure,112.0,no
49,technician,married,secondary,no,281.0,yes,no,cellular,3,-1,0,unknown,186.0,no
74,entrepreneur,married,tertiary,yes,-500.0,yes,yes,cellular,3,-1,3,other,46.0,no
49,self-employed,married,tertiary,no,-500.0,yes,no,unknown,5,30,2,unknown,160.0,no
36,retired,married,secondary,no,3300.0,yes,no,cellular,4,180,1,unknown,225.0,no
49,technician,married,tertiary,no,1549.0,yes,no,cellular,4,-1,0,failure,142.0,no
27,entrepreneur,married,secondary,no,1926.0,yes,yes,cellular,5,-1,0,unknown,35.0,no
69,management,married,secondary,no,1932.0,yes,no,telephone,3,-1,0,unknown,267.0,no
62,technician,single,tertiary,no,4619.0,no,no,cellular,4,90,1,unknown,376.0,no
27,blue-collar,married,tertiary,no,-500.0,yes,no,cellular,1,-1,0,other,175.0,no
54,self-employed,married,tertiary,no,1170.0,yes,no,telephone,7,-1,1,unknown,109.0,no
51,entrepreneur,single,primary,no,1454.0,yes,no,cellular,4,-1,3,unknown,40.0,no
30,unemployed,married,secondary,no,1364.0,yes,yes,cellular,2,180,2,other,48.0,no
25,services,married,primary,no,2839.0,no,no,telephone,6,-1,0,failure,114.0,no
65,admin.,divorced,tertiary,no,2885.0,yes,yes,cellular,3,-1,0,unknown,148.0,no
34,technician,married,secondary,no,1011.0,no,no,unknown,2,-1,1,unknown,14.0,no
50,services,single,secondary,no,-500.0,yes,no,telephone,4,-1,1,unknown,62.0,no
33,retired,married,secondary,no,5915.0,no,no,cellular,4,-1,0,success,272.0,no
58,blue-collar,divorced,primary,no,1389.0,no,no,cellular,3,-1,0,unknown,121.0,no
21,blue-collar,married,secondary,no,1557.0,yes,no,cellular,4,180,0,failure,246.0,no
40,self-employed,married,tertiary,no,3672.0,no,no,telephone,2,-1,0,unknown,40.0,no
51,management,single,secondary,no,692.0,no,no,unknown,1,-1,1,unknown,217.0,no
45,technician,married,secondary,no,3725.0,no,no,telephone,2,-1,0,unknown,165.0,no
55,blue-collar,married,tertiary,no,848.0,no,yes,unknown,3,-1,0,success,195.0,no
29,services,married,primary,no,4692.0,yes,no,cellular,2,-1,0,unknown,204.0,no
45,blue-collar,married,secondary,no,2220.0,no,no,cellular,4,-1,0,unknown,91.0,no
64,services,single,tertiary,no,184.0,no,no,unknown,2,30,0,unknown,103.0,no
38,admin.,married,secondary,yes,5325.0,no,no,cellular,1,60,0,failure,382.0,yes
27,entrepreneur,married,tertiary,no,2484.0,no,no,unknown,2,60,0,unknown,304.0,no
70,blue-collar,married,primary,no,304.0,no,no,cellular,2,-1,0,unknown,65.0,no
66,self-employed,married,tertiary,no,-500.0,no,no,cellular,4,-1,0,unknown,75.0,no
60,blue-collar,single,secondary,no,2656.0,no,no,cellular,5,120,1,unknown,290.0,no
67,student,married,secondary,no,3891.0,yes,no,unknown,5,365,2,unknown,10.0,no
66,admin.,married,secondary,yes,2097.0,yes,no,cellular,3,-1,0,failure,278.0,no
64,retired,married,secondary,no,1994.0,no,yes,cellular,6,-1,0,unknown,379.0,yes
49,self-employed,married,secondary,no,4206.0,no,no,cellular,2,30,0,unknown,156.0,no
19,admin.,married,secondary,no,2477.0,yes,no,cellular,5,-1,0,unknown,224.0,no
55,admin.,single,secondary,no,216.0,yes,no,cellular,2,-1,0,unknown,148.0,no
34,blue-collar,married,secondary,no,293.0,yes,no,unknown,2,120,0,unknown,112.0,yes
65,self-employed,married,primary,no,2400.0,no,no,unknown,6,-1,0,unknown,441.0,no
47,technician,divorced,primary,no,2304.0,yes,no,cellular,2,-1,0,other,135.0,no
74,admin.,married,secondary,no,3358.0,no,yes,unknown,2,-1,1,unknown,63.0,no
54,services,single,tertiary,no,2064.0,no,no,unknown,1,-1,2,unknown,172.0,no
52,services,married,tertiary,no,2624.0,yes,no,cellular,6,-1,1,success,885.0,yes
74,services,married,primary,no,2027.0,no,no,unknown,1,-1,2,unknown,89.0,no
47,management,married,tertiary,no,3136.0,yes,no,cellular,6,-1,1,unknown,172.0,no
41,technician,married,tertiary,no,2743.0,yes,no,unknown,3,-1,2,success,74.0,no
41,management,single,tertiary,no,935.0,yes,no,cellular,4,-1,0,failure,229.0,no
72,technician,married,secondary,no,1061.0,no,no,cellular,5,-1,0,other,169.0,no
64,blue-collar,married,secondary,no,1983.0,no,no,telephone,3,-1,0,unknown,52.0,no
28,technician,single,tertiary,no,1602.0,yes,no,telephone,3,-1,0,unknown,179.0,no
48,unemployed,married,secondary,no,3766.0,yes,yes,telephone,3,-1,0,unknown,68.0,no
41,technician,married,tertiary,no,1781.0,yes,no,unknown,3,-1,1,unknown,163.0,no
58,blue-collar,married,tertiary,no,-500.0,no,no,telephone,4,-1,0,unknown,21.0,no
21,technician,married,secondary,no,-500.0,no,no,cellular,5,-1,0,unknown,170.0,no
62,admin.,divorced,secondary,no,970.0,yes,yes,cellular,3,30,0,unknown,99.0,no
64,services,married,secondary,no,2699.0,no,no,unknown,3,-1,0,unknown,224.0,no
32,blue-collar,single,tertiary,no,95.0,yes,no,unknown,7,-1,0,unknown,343.0,no
27,services,married,tertiary,no,2572.0,no,yes,unknown,5,90,0,unknown,132.0,no
56,housemaid,married,secondary,no,19.0,no,no,cellular,4,-1,0,failure,257.0,no
33,admin.,married,primary,no,1686.0,yes,yes,cellular,6,-1,1,unknown,47.0,no
76,blue-collar,married,tertiary,no,2146.0,no,no,cellular,4,60,1,unknown,282.0,yes
66,admin.,married,secondary,no,-500.0,no,no,unknown,5,-1,0,unknown,235.0,no
77,management,married,secondary,no,2112.0,no,no,cellular,4,365,1,success,285.0,no
51,technician,married,secondary,no,4308.0,yes,no,unknown,2,-1,0,unknown,351.0,no
76,services,married,primary,yes,1044.0,no,no,unknown,3,-1,3,unknown,177.0,no
18,technician,married,secondary,no,1538.0,yes,yes,unknown,2,60,1,unknown,66.0,no
35,technician,married,primary,no,1856.0,yes,no,cellular,4,-1,1,failure,299.0,no
18,entrepreneur,single,secondary,no,1563.0,no,no,unknown,2,-1,0,unknown,531.0,yes
60,management,married,primary,no,1443.0,no,no,cellular,6,-1,0,unknown,39.0,no
49,management,married,secondary,no,1304.0,no,no,cellular,1,90,1,unknown,87.0,no
35,admin.,single,tertiary,yes,-500.0,yes,no,cellular,2,-1,0,unknown,94.0,no
36,self-employed,married,secondary,no,2215.0,yes,no,unknown,3,-1,0,unknown,256.0,no
57,services,married,primary,no,-500.0,yes,yes,telephone,6,-1,0,failure,245.0,no
29,self-employed,divorced,secondary,no,2078.0,yes,no,telephone,7,60,0,unknown,185.0,no
49,services,married,secondary,no,2662.0,no,no,unknown,5,120,1,unknown,350.0,yes
56,blue-collar,married,secondary,no,2132.0,no,no,unknown,5,-1,0,unknown,179.0,no
32,student,married,secondary,no,-191.0,no,no,unknown,2,-1,0,other,160.0,no
32,blue-collar,married,secondary,no,1968.0,yes,no,unknown,3,-1,1,failure,141.0,no
39,technician,married,primary,no,1015.0,no,no,cellular,4,-1,0,unknown,166.0,no
54,blue-collar,married,secondary,no,338.0,yes,no,cellular,5,-1,1,failure,273.0,no
33,management,married,tertiary,no,5114.0,yes,yes,cellular,2,-1,1,unknown,429.0,no
41,management,married,secondary,no,-217.0,no,no,cellular,6,-1,0,unknown,192.0,no
51,blue-collar,married,primary,no,2291.0,yes,no,unknown,5,-1,1,unknown,187.0,no
29,blue-collar,married,secondary,no,4146.0,no,no,unknown,4,-1,0,unknown,394.0,no
53,blue-collar,married,tertiary,no,2089.0,yes,no,cellular,7,-1,0,unknown,100.0,no
26,retired,married,primary,no,293.0,yes,no,unknown,2,-1,0,failure,421.0,no
26,technician,married,secondary,no,408.0,yes,no,cellular,3,60,2,failure,239.0,no
32,blue-collar,married,secondary,no,-500.0,no,no,telephone,3,90,1,unknown,64.0,no
35,management,single,secondary,no,1568.0,yes,no,cellular,3,-1,2,unknown,283.0,no
19,technician,divorced,secondary,no,1634.0,yes,no,telephone,4,-1,0,unknown,113.0,no
77,management,married,primary,no,949.0,yes,no,cellular,1,-1,0,unknown,135.0,no
37,technician,married,secondary,no,3963.0,yes,no,telephone,3,-1,0,unknown,140.0,no
67,management,single,primary,no,1333.0,yes,no,unknown,3,-1,0,unknown,92.0,no
73,management,single,tertiary,no,-500.0,yes,no,cellular,6,-1,2,unknown,607.0,no
67,blue-collar,divorced,secondary,no,4130.0,yes,yes,cellular,5,180,1,unknown,349.0,no
69,blue-collar,single,primary,no,-500.0,no,no,telephone,3,60,0,unknown,132.0,no
24,self-employed,single,secondary,no,2386.0,yes,no,cellular,2,-1,1,unknown,267.0,no
41,technician,married,tertiary,no,2622.0,no,no,cellular,7,-1,0,unknown,103.0,no
64,blue-collar,married,tertiary,no,1331.0,no,no,cellular,1,-1,1,other,534.0,no
53,technician,married,secondary,yes,3155.0,no,no,unknown,2,365,0,other,149.0,no
18,blue-collar,married,primary,no,1614.0,yes,yes,cellular,3,90,0,failure,356.0,no
53,housemaid,single,secondary,no,829.0,no,yes,cellular,5,-1,0,unknown,151.0,no
67,technician,divorced,secondary,no,-500.0,no,no,telephone,3,30,1,unknown,121.0,no
69,technician,married,primary,no,-500.0,no,no,cellular,4,90,1,unknown,217.0,no
41,retired,married,secondary,no,6434.0,yes,yes,cellular,2,60,0,unknown,126.0,no
32,blue-collar,single,tertiary,yes,2801.0,no,no,unknown,3,-1,2,unknown,136.0,no
37,blue-collar,single,secondary,no,3739.0,yes,no,cellular,5,-1,0,unknown,121.0,no
36,blue-collar,single,primary,no,6007.0,yes,no,unknown,1,90,2,unknown,242.0,no
39,student,single,primary,no,834.0,yes,no,unknown,3,-1,0,unknown,94.0,no
36,blue-collar,divorced,secondary,no,1233.0,no,no,cellular,2,-1,1,unknown,106.0,no
46,services,married,secondary,no,-500.0,yes,no,cellular,6,-1,0,unknown,79.0,no
20,blue-collar,married,secondary,no,966.0,yes,yes,cellular,2,-1,0,unknown,89.0,no
35,management,married,secondary,no,919.0,yes,no,cellular,3,90,0,unknown,135.0,no
37,blue-collar,married,secondary,no,784.0,no,no,cellular,3,-1,2,unknown,36.0,no
27,management,single,secondary,no,3380.0,yes,no,cellular,2,-1,2,unknown,80.0,no
72,retired,married,tertiary,no,2776.0,yes,no,unknown,3,-1,0,unknown,16.0,no
59,unemployed,single,tertiary,no,3145.0,yes,yes,telephone,2,180,0,unknown,51.0,no
74,technician,married,secondary,no,-500.0,no,yes,telephone,4,-1,1,unknown,103.0,no
52,services,single,secondary,no,1540.0,yes,no,unknown,2,-1,1,unknown,80.0,no
24,blue-collar,married,primary,no,2106.0,yes,yes,cellular,3,-1,0,unknown,31.0,no
74,technician,married,primary,no,4850.0,yes,yes,cellular,2,-1,1,unknown,54.0,no
46,technician,married,secondary,yes,1698.0,yes,no,cellular,3,-1,0,unknown,386.0,no
60,technician,married,tertiary,no,1193.0,no,no,unknown,2,90,1,unknown,324.0,no
41,management,married,tertiary,no,3443.0,no,no,unknown,2,-1,0,unknown,76.0,no
48,blue-collar,single,tertiary,no,1023.0,no,no,unknown,6,-1,1,unknown,347.0,no
48,student,married,tertiary,no,2334.0,yes,no,telephone,3,-1,0,unknown,135.0,no
35,entrepreneur,divorced,primary,no,2280.0,yes,no,cellular,6,60,1,unknown,175.0,no
52,blue-collar,divorced,tertiary,no,551.0,yes,yes,cellular,3,-1,0,success,231.0,no
63,entrepreneur,married,primary,no,243.0,no,no,cellular,1,-1,0,unknown,91.0,no
19,retired,married,tertiary,no,1343.0,yes,no,cellular,4,-1,1,unknown,104.0,no
26,blue-collar,married,primary,no,621.0,no,yes,cellular,5,-1,2,unknown,293.0,no
70,services,married,primary,no,-500.0,yes,no,cellular,3,-1,0,failure,119.0,no
53,services,married,secondary,no,2699.0,no,no,unknown,4,90,1,unknown,167.0,no
78,management,divorced,primary,no,2427.0,no,no,cellular,4,120,0,unknown,212.0,yes
55,admin.,divorced,primary,no,63.0,no,no,cellular,5,-1,0,success,215.0,no
58,technician,married,secondary,no,-112.0,yes,no,cellular,3,180,0,unknown,183.0,no
73,housemaid,single,tertiary,no,2280.0,yes,no,unknown,3,-1,1,unknown,211.0,no
58,management,single,secondary,no,4554.0,yes,no,cellular,2,-1,1,unknown,392.0,no
38,management,married,secondary,no,3237.0,no,no,unknown,2,-1,0,failure,252.0,no
50,blue-collar,single,secondary,no,3561.0,no,no,cellular,5,-1,0,unknown,337.0,no
32,services,divorced,secondary,no,852.0,yes,no,cellular,7,-1,1,unknown,228.0,no
38,admin.,divorced,secondary,no,2148.0,yes,yes,cellular,1,-1,0,other,216.0,no
60,technician,single,secondary,no,1162.0,no,yes,unknown,5,30,2,unknown,83.0,no
27,admin.,married,tertiary,no,93.0,yes,no,cellular,5,60,2,unknown,260.0,no
59,unemployed,married,secondary,no,1752.0,no,no,cellular,2,-1,0,unknown,186.0,no
54,self-employed,divorced,tertiary,no,-162.0,yes,no,unknown,4,-1,1,unknown,418.0,no
37,admin.,married,secondary,no,59.0,no,no,unknown,1,-1,0,unknown,289.0,no
20,retired,married,tertiary,no,599.0,yes,no,cellular,4,-1,0,unknown,348.0,no
61,blue-collar,married,tertiary,no,791.0,yes,no,unknown,4,-1,1,unknown,187.0,no
69,technician,married,secondary,no,1347.0,no,no,unknown,3,30,0,unknown,118.0,no
63,student,married,primary,no,-500.0,yes,no,cellular,2,-1,0,unknown,62.0,no
44,management,single,tertiary,no,-278.0,yes,no,cellular,2,365,1,failure,50.0,no
58,management,married,secondary,no,4228.0,yes,yes,cellular,1,-1,1,failure,408.0,yes
43,unemployed,married,secondary,no,1384.0,yes,no,telephone,2,120,0,unknown,111.0,no
40,services,married,secondary,no,2411.0,yes,no,cellular,7,-1,0,failure,251.0,no
38,management,married,secondary,no,2149.0,no,no,cellular,4,-1,0,unknown,242.0,no
31,entrepreneur,single,secondary,no,1205.0,no,no,unknown,4,-1,0,unknown,249.0,no
78,blue-collar,divorced,secondary,no,-189.0,no,no,cellular,3,-1,2,unknown,144.0,no
59,services,single,secondary,no,410.0,no,no,cellular,7,60,0,failure,48.0,no
28,self-employed,married,primary,no,4925.0,yes,no,cellular,1,-1,2,success,216.0,no
71,technician,single,tertiary,no,440.0,no,yes,cellular,2,60,0,unknown,106.0,no
27,retired,married,secondary,no,4499.0,yes,no,cellular,2,180,1,failure,418.0,yes
54,retired,single,tertiary,no,652.0,yes,no,cellular,3,-1,1,unknown,80.0,no
28,management,single,primary,no,825.0,no,no,cellular,2,-1,0,unknown,524.0,yes
40,student,married,secondary,no,1538.0,no,no,cellular,3,60,2,unknown,181.0,no
58,housemaid,married,primary,no,1083.0,yes,no,cellular,4,-1,0,unknown,48.0,no
79,technician,single,tertiary,no,-289.0,yes,yes,cellular,6,-1,0,unknown,136.0,no
79,blue-collar,married,secondary,no,1374.0,yes,yes,telephone,3,-1,0,success,96.0,no
73,services,single,secondary,yes,-500.0,yes,yes,cellular,6,-1,0,unknown,293.0,no
32,technician,married,tertiary,no,2056.0,yes,no,unknown,2,-1,0,unknown,170.0,no
23,student,married,secondary,no,1805.0,yes,no,cellular,3,90,1,unknown,118.0,no
74,blue-collar,single,secondary,no,2711.0,yes,no,cellular,4,-1,1,unknown,104.0,no
75,services,married,tertiary,no,506.0,yes,no,cellular,4,60,1,unknown,163.0,no
35,blue-collar,married,secondary,no,2729.0,no,no,cellular,4,-1,0,unknown,212.0,no
19,admin.,married,secondary,no,2175.0,no,no,cellular,5,90,0,success,970.0,yes
58,technician,married,tertiary,no,1630.0,no,no,cellular,4,-1,0,unknown,160.0,no
22,technician,married,tertiary,no,4959.0,no,no,cellular,2,60,0,unknown,234.0,no
20,admin.,single,primary,no,2247.0,no,no,unknown,4,-1,1,unknown,97.0,no
76,technician,married,secondary,no,565.0,no,no,cellular,5,-1,1,unknown,482.0,no
48,management,single,tertiary,no,4165.0,yes,no,cellular,1,-1,0,unknown,181.0,no
24,technician,married,primary,no,2318.0,no,no,cellular,3,-1,0,unknown,128.0,no
58,technician,married,secondary,no,4602.0,yes,yes,cellular,2,180,0,unknown,129.0,no
40,technician,married,tertiary,no,-500.0,no,yes,telephone,3,-1,0,unknown,167.0,no
51,technician,divorced,tertiary,no,859.0,no,no,telephone,3,-1,0,unknown,191.0,no
73,technician,married,primary,no,863.0,no,no,cellular,7,-1,1,unknown,221.0,no
32,self-employed,married,tertiary,no,-500.0,yes,no,cellular,7,-1,0,unknown,119.0,no
58,blue-collar,married,secondary,no,1699.0,no,no,telephone,4,-1,1,unknown,232.0,no
69,entrepreneur,married,tertiary,no,731.0,yes,no,cellular,6,-1,0,unknown,64.0,no
44,student,single,secondary,no,-500.0,yes,no,cellular,2,-1,0,unknown,40.0,no
78,blue-collar,married,secondary,no,21.0,yes,no,cellular,3,60,1,unknown,74.0,no
45,technician,married,primary,no,3895.0,no,no,cellular,1,-1,1,failure,194.0,no
46,blue-collar,married,secondary,no,3036.0,yes,no,cellular,1,180,0,unknown,343.0,no
72,technician,single,secondary,no,119.0,no,no,cellular,4,-1,0,unknown,64.0,no
57,management,single,tertiary,no,66.0,yes,no,telephone,2,90,1,failure,542.0,no
71,technician,married,secondary,no,2950.0,no,no,cellular,1,-1,1,unknown,311.0,no
67,technician,single,tertiary,no,-500.0,yes,yes,unknown,2,-1,1,failure,83.0,no
62,housemaid,married,primary,no,2468.0,yes,no,cellular,4,-1,0,unknown,277.0,no
32,services,married,secondary,no,-500.0,no,yes,cellular,2,-1,1,unknown,213.0,no
42,blue-collar,single,secondary,no,4356.0,no,yes,cellular,4,-1,0,unknown,123.0,no
71,technician,married,secondary,no,2585.0,yes,no,unknown,3,-1,1,unknown,267.0,no
56,technician,divorced,secondary,no,-500.0,yes,no,cellular,3,-1,1,unknown,70.0,no
35,blue-collar,married,secondary,no,715.0,no,no,cellular,2,60,2,unknown,330.0,no
38,admin.,single,primary,no,1971.0,yes,no,unknown,5,180,0,success,180.0,no
66,management,married,tertiary,no,-500.0,yes,no,unknown,6,-1,2,unknown,192.0,no
29,blue-collar,single,tertiary,no,1322.0,yes,no,cellular,3,-1,0,unknown,155.0,no
24,technician,married,tertiary,no,2267.0,no,no,cellular,3,-1,0,other,586.0,no
65,blue-collar,divorced,tertiary,no,-500.0,yes,no,telephone,4,30,2,unknown,228.0,no
35,technician,married,secondary,yes,2743.0,yes,no,cellular,4,-1,0,success,143.0,no
65,technician,married,tertiary,no,1175.0,no,no,unknown,5,-1,0,unknown,480.0,no
51,technician,single,tertiary,no,3050.0,no,no,unknown,2,-1,0,unknown,189.0,no
79,self-employed,married,primary,no,978.0,no,no,unknown,3,30,0,unknown,62.0,no
50,blue-collar,single,secondary,no,-500.0,no,no,cellular,4,-1,1,failure,136.0,no
71,technician,married,tertiary,no,-500.0,yes,no,unknown,5,30,1,unknown,186.0,no
70,services,divorced,tertiary,no,838.0,no,yes,telephone,2,-1,2,success,68.0,no
31,unemployed,single,tertiary,no,1060.0,yes,yes,cellular,5,-1,1,unknown,423.0,no
79,entrepreneur,married,secondary,no,3315.0,yes,no,telephone,5,30,0,success,345.0,yes
64,admin.,single,tertiary,no,897.0,no,no,unknown,3,-1,0,unknown,98.0,no
24,unemployed,married,secondary,no,-500.0,no,no,cellular,7,30,0,unknown,212.0,no
18,technician,single,secondary,no,576.0,no,no,telephone,2,-1,2,unknown,67.0,no
34,blue-collar,single,secondary,no,-500.0,yes,no,cellular,3,-1,0,success,280.0,no
19,services,single,secondary,no,2030.0,no,no,telephone,3,90,3,unknown,167.0,no
40,admin.,single,secondary,no,2444.0,yes,yes,cellular,4,-1,1,unknown,181.0,no
79,retired,single,secondary,no,2751.0,yes,no,cellular,2,-1,1,unknown,540.0,no
47,blue-collar,married,tertiary,no,855.0,yes,yes,cellular,2,30,0,unknown,271.0,no
19,entrepreneur,divorced,secondary,no,140.0,no,no,unknown,2,-1,1,unknown,265.0,no
48,blue-collar,married,secondary,no,481.0,yes,no,cellular,4,-1,1,unknown,233.0,no
31,blue-collar,married,tertiary,no,1236.0,no,no,cellular,5,-1,1,unknown,55.0,no
71,management,single,tertiary,no,483.0,yes,no,unknown,4,-1,0,unknown,42.0,no
23,blue-collar,married,tertiary,no,4297.0,yes,no,unknown,2,-1,0,unknown,231.0,no
65,management,married,primary,no,741.0,yes,no,cellular,3,-1,1,unknown,125.0,no
45,retired,single,secondary,no,1216.0,yes,no,cellular,6,-1,0,unknown,630.0,no
19,services,married,tertiary,no,47.0,yes,no,cellular,2,30,0,unknown,59.0,no
59,services,married,secondary,no,88.0,yes,no,cellular,6,-1,2,unknown,176.0,no
46,blue-collar,married,secondary,no,-500.0,yes,no,unknown,6,180,0,unknown,242.0,no
65,admin.,married,secondary,no,-451.0,yes,no,cellular,5,-1,1,unknown,135.0,no
56,technician,married,secondary,no,4770.0,yes,no,cellular,5,120,0,success,100.0,no
66,technician,married,primary,no,2379.0,yes,no,unknown,3,-1,0,success,67.0,no
46,unemployed,single,secondary,no,790.0,yes,no,cellular,5,-1,0,unknown,11.0,no
18,technician,married,secondary,no,218.0,yes,yes,cellular,2,-1,1,failure,207.0,no
26,services,single,secondary,no,3624.0,no,yes,cellular,2,-1,0,unknown,339.0,no
46,technician,divorced,primary,no,-104.0,yes,yes,cellular,2,-1,0,unknown,208.0,no
42,management,married,secondary,no,-500.0,yes,no,telephone,4,-1,0,unknown,157.0,no
67,technician,divorced,secondary,no,2255.0,yes,no,cellular,3,-1,1,unknown,457.0,yes
43,technician,married,primary,no,-268.0,yes,no,cellular,1,-1,1,unknown,226.0,no
71,technician,single,secondary,no,-500.0,no,yes,unknown,2,-1,0,other,528.0,no
29,housemaid,divorced,secondary,no,-500.0,no,no,cellular,7,-1,1,unknown,88.0,no
41,entrepreneur,single,tertiary,no,2147.0,yes,no,unknown,1,-1,0,unknown,210.0,yes
64,blue-collar,married,primary,no,1212.0,no,no,cellular,1,-1,0,unknown,70.0,no
25,blue-collar,married,secondary,no,-372.0,no,no,unknown,5,-1,0,unknown,267.0,no
37,technician,married,secondary,no,2245.0,yes,no,telephone,4,120,1,other,271.0,no
64,services,divorced,secondary,no,-90.0,no,no,cellular,2,60,1,other,454.0,yes
54,blue-collar,married,tertiary,no,-500.0,no,yes,unknown,6,-1,0,unknown,119.0,no
66,services,married,secondary,no,-500.0,no,yes,cellular,4,-1,0,success,283.0,no
49,entrepreneur,married,secondary,no,1440.0,no,no,unknown,3,90,2,unknown,68.0,no
71,retired,married,primary,no,-10.0,no,no,telephone,5,-1,1,unknown,118.0,no
72,entrepreneur,married,secondary,no,1589.0,no,no,cellular,4,120,2,failure,165.0,no
78,retired,married,secondary,no,3402.0,no,yes,unknown,5,-1,1,unknown,225.0,no
25,services,married,secondary,no,266.0,yes,no,cellular,2,-1,0,other,183.0,no
54,services,married,tertiary,no,6199.0,yes,no,cellular,5,-1,2,unknown,340.0,no
25,student,married,secondary,no,1897.0,no,no,cellular,3,30,0,unknown,63.0,no
32,entrepreneur,married,secondary,no,1083.0,yes,no,cellular,5,-1,0,failure,78.0,no
36,services,married,primary,no,-500.0,yes,no,cellular,3,-1,0,unknown,417.0,no
58,blue-collar,single,secondary,no,773.0,no,yes,cellular,3,-1,2,unknown,36.0,no
44,management,married,primary,no,953.0,no,no,cellular,3,-1,0,success,180.0,no
71,retired,married,secondary,no,2768.0,no,no,telephone,3,-1,1,unknown,735.0,no
36,services,married,tertiary,no,328.0,yes,no,unknown,2,-1,0,unknown,374.0,no
56,technician,married,secondary,no,2178.0,yes,no,telephone,2,180,0,unknown,165.0,yes
65,blue-collar,single,secondary,no,1476.0,yes,no,cellular,5,-1,1,success,312.0,no
78,technician,single,secondary,no,3155.0,yes,no,cellular,6,-1,1,success,233.0,no
33,blue-collar,married,secondary,no,3297.0,no,no,cellular,5,-1,0,unknown,270.0,no
63,retired,married,primary,no,2000.0,no,yes,telephone,1,-1,0,unknown,295.0,no
23,technician,married,tertiary,no,2777.0,yes,no,unknown,3,90,1,unknown,182.0,no
51,services,single,secondary,yes,3422.0,no,no,cellular,6,-1,0,unknown,56.0,no
43,technician,married,secondary,no,2367.0,no,no,cellular,8,-1,0,unknown,97.0,no
77,technician,divorced,tertiary,no,1900.0,no,yes,telephone,4,-1,0,unknown,78.0,no
65,blue-collar,married,secondary,no,2137.0,yes,no,telephone,3,180,1,unknown,122.0,yes
75,unemployed,divorced,primary,no,4301.0,yes,no,cellular,2,-1,0,unknown,181.0,no
70,technician,married,secondary,no,1603.0,no,no,cellular,2,-1,1,unknown,393.0,no
43,management,married,secondary,yes,2712.0,no,no,cellular,2,-1,0,unknown,55.0,yes
63,admin.,married,primary,no,183.0,yes,no,cellular,4,-1,1,failure,224.0,no
19,blue-collar,married,tertiary,no,4102.0,yes,no,cellular,4,-1,0,other,146.0,no
52,technician,divorced,tertiary,no,2209.0,yes,no,cellular,2,120,1,unknown,96.0,no
20,technician,married,primary,no,778.0,yes,no,unknown,3,-1,0,other,180.0,no
62,technician,married,tertiary,no,1274.0,yes,no,cellular,5,-1,1,unknown,195.0,no
77,entrepreneur,divorced,primary,no,1007.0,no,no,cellular,5,365,1,success,249.0,no
60,admin.,married,tertiary,no,1409.0,yes,no,cellular,1,-1,0,other,134.0,no
70,retired,married,secondary,no,1778.0,no,no,unknown,6,-1,0,unknown,149.0,no
32,entrepreneur,married,secondary,no,1046.0,yes,no,cellular,2,-1,0,unknown,233.0,no
79,blue-collar,married,secondary,no,-500.0,yes,no,unknown,3,-1,0,unknown,230.0,no
52,admin.,divorced,primary,no,4594.0,no,no,cellular,2,-1,1,other,249.0,no
59,blue-collar,married,tertiary,no,1879.0,no,no,cellular,5,-1,2,unknown,80.0,no
65,blue-collar,single,primary,no,1888.0,yes,no,cellular,4,-1,1,success,465.0,no
57,student,married,tertiary,no,1314.0,yes,yes,cellular,3,-1,0,unknown,118.0,no
37,entrepreneur,married,primary,no,3034.0,no,no,cellular,3,-1,1,unknown,223.0,no
55,management,single,secondary,no,1487.0,no,no,unknown,2,60,0,unknown,65.0,no
58,self-employed,single,primary,no,840.0,no,no,cellular,6,-1,0,other,138.0,no
71,technician,married,secondary,no,955.0,no,no,cellular,5,-1,3,unknown,205.0,no
47,student,married,secondary,no,3652.0,yes,yes,cellular,2,-1,1,unknown,287.0,no
49,services,married,secondary,no,1764.0,yes,no,telephone,3,-1,1,failure,284.0,no
49,services,single,tertiary,no,1337.0,yes,no,unknown,3,180,0,unknown,79.0,no
25,services,married,secondary,no,616.0,yes,no,unknown,3,90,1,unknown,99.0,no
23,services,married,secondary,no,823.0,no,no,cellular,4,60,1,unknown,50.0,no
19,management,married,secondary,no,3345.0,yes,yes,cellular,4,-1,0,unknown,312.0,no
59,retired,single,secondary,no,-249.0,yes,no,unknown,3,-1,0,success,380.0,no
43,management,married,tertiary,no,2605.0,no,no,telephone,3,-1,0,unknown,87.0,no
71,entrepreneur,single,secondary,no,2672.0,yes,no,cellular,6,-1,1,unknown,211.0,no
61,blue-collar,single,secondary,no,1788.0,yes,yes,unknown,5,-1,0,unknown,630.0,no
26,blue-collar,married,secondary,no,1058.0,no,no,cellular,6,-1,0,failure,158.0,no
24,management,married,secondary,no,-500.0,no,no,cellular,3,-1,0,unknown,173.0,no
40,retired,married,secondary,no,2595.0,no,no,cellular,1,-1,1,unknown,234.0,no
75,management,married,primary,no,-500.0,yes,no,unknown,1,30,1,failure,373.0,no
21,admin.,divorced,tertiary,no,1700.0,no,no,unknown,4,-1,0,unknown,184.0,no
29,blue-collar,married,primary,no,1494.0,no,no,unknown,4,60,0,unknown,332.0,no
19,entrepreneur,married,secondary,no,2782.0,yes,yes,cellular,3,60,0,unknown,264.0,no
43,services,married,primary,no,-212.0,yes,no,cellular,3,-1,2,unknown,163.0,no
79,blue-collar,single,secondary,no,-301.0,no,no,cellular,1,-1,0,unknown,31.0,no
60,admin.,married,tertiary,no,2362.0,no,no,cellular,2,-1,1,other,107.0,no
48,admin.,single,tertiary,no,1093.0,yes,no,cellular,3,-1,0,unknown,64.0,no
26,management,married,secondary,no,-500.0,no,no,cellular,5,30,0,unknown,352.0,no
40,blue-collar,married,secondary,no,1389.0,yes,yes,unknown,3,30,1,unknown,162.0,no
50,management,married,tertiary,no,4654.0,no,no,cellular,6,90,0,other,365.0,no
35,retired,single,tertiary,no,2388.0,no,no,cellular,3,-1,0,other,78.0,no
61,technician,single,tertiary,no,-500.0,yes,no,cellular,3,-1,2,unknown,515.0,no
78,services,married,secondary,no,2245.0,no,yes,cellular,2,-1,1,unknown,201.0,no
30,admin.,married,secondary,no,3169.0,no,no,telephone,2,-1,1,success,237.0,yes
33,entrepreneur,divorced,primary,no,-500.0,no,no,cellular,3,-1,0,unknown,126.0,yes
25,technician,divorced,secondary,no,883.0,no,no,unknown,7,-1,0,failure,161.0,no
62,blue-collar,married,tertiary,no,3739.0,no,yes,cellular,4,-1,0,failure,181.0,no
46,technician,single,primary,no,-500.0,yes,no,cellular,1,-1,0,unknown,78.0,no
35,retired,divorced,secondary,no,896.0,no,no,cellular,5,-1,0,unknown,354.0,yes
31,admin.,married,secondary,no,1013.0,yes,no,unknown,5,-1,0,unknown,33.0,no
22,blue-collar,married,primary,no,652.0,no,no,cellular,4,-1,1,failure,62.0,no
47,technician,married,tertiary,no,3877.0,no,no,cellular,5,365,0,unknown,117.0,yes
60,unemployed,married,primary,no,3600.0,yes,no,cellular,3,90,0,success,136.0,no
32,technician,single,secondary,no,856.0,yes,no,cellular,3,-1,0,other,342.0,no
18,blue-collar,married,tertiary,no,-431.0,no,no,cellular,2,60,0,unknown,201.0,no
47,student,married,primary,no,3691.0,no,no,cellular,7,-1,1,other,60.0,yes
59,blue-collar,married,primary,no,2795.0,no,no,cellular,1,-1,1,unknown,88.0,no
39,entrepreneur,single,secondary,no,1370.0,yes,no,cellular,4,-1,1,unknown,72.0,no
33,services,married,primary,no,2579.0,yes,no,unknown,3,-1,1,unknown,296.0,no
27,technician,married,secondary,no,2566.0,yes,no,cellular,1,-1,1,unknown,193.0,no
64,management,married,secondary,no,-174.0,no,no,cellular,5,60,1,unknown,91.0,no
71,management,single,secondary,no,331.0,yes,no,cellular,3,-1,1,unknown,408.0,no
65,blue-collar,married,secondary,no,1410.0,yes,no,telephone,3,-1,2,unknown,216.0,no
50,housemaid,married,tertiary,no,-500.0,yes,no,cellular,4,-1,0,success,666.0,no
62,admin.,single,secondary,no,783.0,yes,no,cellular,3,-1,0,unknown,121.0,no
42,technician,married,secondary,no,-26.0,no,no,cellular,2,-1,0,unknown,184.0,no
19,admin.,single,primary,no,1709.0,no,yes,cellular,3,-1,0,other,179.0,no
40,services,married,primary,no,-500.0,yes,no,telephone,4,-1,0,unknown,104.0,no
61,blue-collar,single,secondary,no,2173.0,yes,no,cellular,2,-1,2,unknown,216.0,no
58,management,married,secondary,no,1801.0,yes,no,telephone,3,-1,0,unknown,182.0,no
79,blue-collar,married,secondary,no,1217.0,yes,no,cellular,3,-1,0,unknown,173.0,no
79,entrepreneur,married,secondary,no,2245.0,no,no,cellular,4,60,0,success,124.0,no
33,retired,divorced,primary,no,2466.0,no,no,unknown,6,-1,0,unknown,387.0,no
18,services,single,tertiary,no,972.0,no,no,cellular,4,-1,1,unknown,151.0,no
35,technician,married,secondary,no,1464.0,no,no,cellular,2,-1,0,unknown,290.0,no
72,blue-collar,married,tertiary,no,178.0,yes,no,cellular,4,-1,0,unknown,135.0,no
68,retired,married,secondary,no,157.0,no,no,cellular,7,-1,1,unknown,181.0,no
24,technician,married,secondary,no,4245.0,no,no,cellular,1,-1,1,failure,328.0,yes
27,blue-collar,married,secondary,no,1036.0,no,no,cellular,6,-1,0,other,110.0,no
52,technician,divorced,primary,no,1379.0,yes,no,cellular,3,365,0,unknown,260.0,no
58,technician,married,tertiary,no,1261.0,yes,no,cellular,1,365,0,unknown,208.0,no
78,technician,divorced,secondary,no,2069.0,no,yes,cellular,3,-1,0,unknown,84.0,no
64,retired,married,secondary,no,421.0,yes,no,cellular,2,-1,1,unknown,307.0,yes
31,services,single,secondary,no,594.0,yes,no,cellular,5,120,0,unknown,168.0,no
20,management,married,secondary,no,3087.0,yes,no,cellular,5,180,0,other,416.0,no
57,self-employed,married,tertiary,no,-500.0,no,yes,cellular,3,-1,0,unknown,112.0,no
52,technician,single,primary,no,1736.0,no,yes,telephone,3,-1,0,unknown,236.0,no
75,blue-collar,married,secondary,no,-78.0,yes,no,cellular,3,-1,0,unknown,240.0,no
53,technician,single,primary,no,-500.0,no,no,unknown,3,-1,0,unknown,204.0,no
49,management,single,secondary,no,1254.0,no,no,cellular,5,-1,1,unknown,74.0,no
36,blue-collar,divorced,secondary,no,-500.0,no,yes,unknown,4,30,0,failure,208.0,yes
23,services,single,secondary,no,-500.0,no,no,unknown,4,-1,0,unknown,33.0,no
72,technician,married,secondary,no,6072.0,no,no,cellular,2,-1,0,unknown,399.0,no
69,retired,married,tertiary,no,2376.0,no,no,cellular,5,-1,1,unknown,245.0,no
28,technician,single,secondary,no,2420.0,no,yes,unknown,4,-1,0,unknown,395.0,no
61,blue-collar,married,tertiary,no,1304.0,yes,no,cellular,4,90,1,unknown,207.0,yes
40,technician,married,tertiary,no,-500.0,yes,no,cellular,3,90,0,unknown,347.0,no
45,services,married,primary,no,1102.0,no,yes,cellular,4,-1,0,unknown,211.0,no
70,technician,single,tertiary,no,761.0,yes,no,cellular,4,60,2,unknown,228.0,no
70,blue-collar,married,secondary,no,-500.0,no,no,cellular,2,60,0,unknown,69.0,yes
29,management,married,secondary,no,4624.0,yes,yes,cellular,5,-1,0,unknown,167.0,no
37,technician,divorced,tertiary,no,1239.0,no,no,unknown,2,-1,1,unknown,132.0,no
68,admin.,single,secondary,no,-99.0,yes,no,cellular,6,-1,1,failure,214.0,no
74,housemaid,married,tertiary,no,1622.0,no,no,cellular,2,-1,1,unknown,225.0,yes
22,student,married,tertiary,no,-500.0,no,no,cellular,5,-1,0,failure,162.0,no
69,services,single,tertiary,no,-288.0,yes,no,cellular,1,30,0,failure,106.0,no
48,technician,married,secondary,no,4166.0,yes,no,cellular,3,-1,2,other,156.0,no
54,services,single,secondary,yes,464.0,yes,no,unknown,3,-1,0,failure,91.0,no
22,technician,single,secondary,no,1367.0,no,yes,unknown,7,365,0,success,74.0,no
60,management,married,secondary,no,1586.0,yes,yes,cellular,5,-1,0,other,220.0,no
60,self-employed,married,tertiary,no,1087.0,yes,no,cellular,5,365,0,unknown,141.0,no
59,technician,married,secondary,no,430.0,yes,no,cellular,2,60,0,unknown,261.0,no
67,services,married,secondary,no,5484.0,no,no,cellular,3,-1,1,unknown,54.0,no
76,admin.,married,tertiary,no,66.0,yes,no,unknown,4,60,0,failure,185.0,no
70,blue-collar,married,secondary,no,-209.0,yes,no,unknown,6,-1,0,unknown,66.0,no
64,retired,divorced,tertiary,no,2283.0,yes,no,cellular,3,-1,0,success,178.0,no
78,student,single,secondary,no,-500.0,no,no,telephone,3,-1,0,unknown,236.0,no
59,retired,married,primary,no,3238.0,no,no,cellular,2,365,1,other,145.0,no
59,student,married,secondary,no,1038.0,yes,no,cellular,4,-1,2,success,574.0,no
51,technician,married,secondary,no,1632.0,yes,no,cellular,2,30,1,unknown,173.0,no
65,blue-collar,married,tertiary,no,1932.0,no,no,cellular,2,-1,0,failure,338.0,no
22,self-employed,married,primary,no,789.0,yes,no,telephone,4,-1,0,failure,127.0,no
49,retired,married,primary,no,3048.0,no,yes,cellular,4,-1,0,unknown,57.0,no
44,blue-collar,married,tertiary,no,2570.0,yes,no,telephone,3,-1,1,unknown,162.0,no
74,management,married,secondary,no,2330.0,no,no,cellular,4,30,0,unknown,129.0,no
22,retired,married,secondary,no,-500.0,yes,no,unknown,3,-1,0,failure,182.0,yes
57,technician,single,secondary,no,772.0,yes,no,cellular,2,180,0,unknown,434.0,no
29,management,divorced,tertiary,no,1200.0,yes,no,cellular,2,-1,1,unknown,156.0,no
72,admin.,single,tertiary,no,4528.0,no,no,unknown,4,-1,0,unknown,204.0,no
70,management,divorced,secondary,no,-500.0,no,no,telephone,2,365,0,unknown,110.0,yes
32,technician,married,secondary,no,251.0,yes,no,unknown,6,180,0,unknown,187.0,no
72,retired,married,tertiary,no,3347.0,yes,no,telephone,4,-1,0,failure,105.0,yes
48,blue-collar,single,tertiary,no,-290.0,yes,no,cellular,1,365,0,unknown,284.0,no
78,technician,married,secondary,no,216.0,no,no,cellular,3,-1,0,unknown,138.0,no
63,blue-collar,married,secondary,no,4413.0,yes,no,cellular,4,30,0,unknown,130.0,no
20,blue-collar,divorced,secondary,no,2058.0,yes,no,unknown,4,120,0,failure,327.0,no
30,management,single,secondary,no,2944.0,yes,no,cellular,1,-1,2,unknown,31.0,no
43,services,divorced,tertiary,no,2701.0,yes,no,cellular,6,-1,0,unknown,59.0,no
31,technician,married,secondary,no,1611.0,yes,no,cellular,4,-1,2,failure,126.0,no
26,admin.,single,secondary,yes,1565.0,yes,yes,cellular,4,60,0,unknown,70.0,no
78,technician,married,tertiary,no,2996.0,yes,yes,cellular,4,-1,0,unknown,205.0,no
71,services,married,secondary,no,-125.0,yes,yes,cellular,3,30,1,unknown,224.0,no
44,technician,divorced,tertiary,no,4521.0,no,no,cellular,3,60,0,other,60.0,no
31,technician,married,secondary,no,439.0,yes,no,cellular,2,-1,1,unknown,117.0,yes
29,student,single,tertiary,no,3242.0,yes,no,cellular,2,-1,0,unknown,219.0,yes
74,blue-collar,divorced,secondary,no,2311.0,yes,no,cellular,5,-1,0,unknown,137.0,no
38,blue-collar,single,secondary,no,415.0,no,no,cellular,7,-1,0,other,355.0,no
18,technician,married,secondary,no,2270.0,yes,no,cellular,2,-1,0,unknown,292.0,no
42,self-employed,married,primary,no,1629.0,no,no,cellular,2,-1,0,unknown,159.0,yes
46,retired,divorced,secondary,no,-500.0,no,no,telephone,3,-1,0,unknown,200.0,no
56,technician,married,tertiary,no,1244.0,no,yes,cellular,4,-1,0,unknown,317.0,no
38,technician,married,secondary,no,-500.0,yes,no,cellular,2,-1,1,failure,201.0,no
75,services,married,tertiary,no,2313.0,no,yes,cellular,5,-1,0,other,85.0,no
57,technician,married,primary,no,1145.0,yes,no,cellular,3,180,1,unknown,453.0,no
79,admin.,divorced,secondary,no,2979.0,yes,no,cellular,3,-1,0,unknown,207.0,no
40,student,married,secondary,no,146.0,yes,no,cellular,3,60,0,unknown,63.0,no
58,technician,single,secondary,no,-500.0,yes,no,unknown,1,365,0,failure,258.0,no
40,admin.,married,secondary,no,-500.0,no,no,cellular,4,120,0,unknown,246.0,no
61,blue-collar,married,secondary,no,5036.0,no,no,cellular,1,-1,0,failure,64.0,no
64,technician,married,secondary,no,6852.0,no,no,telephone,5,-1,1,unknown,383.0,yes
37,retired,single,primary,no,5002.0,yes,yes,cellular,2,-1,0,unknown,50.0,no
76,admin.,married,secondary,no,-500.0,yes,no,cellular,3,-1,0,unknown,115.0,no
71,blue-collar,married,secondary,no,-500.0,no,no,cellular,4,30,1,unknown,104.0,yes
73,blue-collar,married,secondary,no,-500.0,yes,no,cellular,4,90,1,unknown,85.0,no
31,blue-collar,married,secondary,no,2793.0,yes,yes,cellular,3,365,0,failure,183.0,no
62,technician,married,tertiary,no,5194.0,yes,no,cellular,3,-1,0,unknown,114.0,no
24,services,married,secondary,no,3029.0,no,no,telephone,2,60,2,unknown,418.0,no
24,services,married,tertiary,no,1742.0,yes,no,cellular,5,-1,0,unknown,279.0,no
78,admin.,single,secondary,no,-264.0,yes,no,cellular,3,30,0,unknown,342.0,no
27,management,married,tertiary,no,886.0,no,no,cellular,2,60,2,unknown,448.0,yes
71,blue-collar,single,secondary,no,1560.0,no,no,unknown,3,-1,0,success,92.0,no
44,technician,single,secondary,no,2989.0,yes,no,unknown,6,-1,0,unknown,237.0,no
36,technician,single,secondary,no,502.0,yes,no,unknown,3,-1,0,unknown,112.0,no
22,housemaid,single,tertiary,no,2122.0,no,no,cellular,3,-1,0,unknown,199.0,no
59,technician,married,secondary,no,1895.0,no,no,cellular,2,-1,0,unknown,117.0,no
62,admin.,married,tertiary,no,1581.0,no,no,cellular,3,30,0,other,57.0,no
46,blue-collar,married,primary,no,688.0,no,no,cellular,2,-1,0,success,195.0,no
68,student,married,secondary,no,1618.0,yes,no,unknown,3,-1,0,success,142.0,no
38,blue-collar,single,tertiary,no,1227.0,yes,yes,telephone,2,30,0,success,202.0,yes
52,technician,married,secondary,no,-7.0,no,yes,cellular,4,-1,1,unknown,158.0,no
35,blue-collar,married,secondary,no,2992.0,yes,no,unknown,2,365,0,unknown,140.0,no
54,technician,married,tertiary,no,4234.0,yes,no,telephone,4,90,1,unknown,58.0,no
26,blue-collar,single,secondary,no,1706.0,no,no,unknown,3,-1,0,success,335.0,yes
47,blue-collar,married,secondary,no,1317.0,yes,no,telephone,2,-1,0,other,318.0,no
52,management,married,secondary,no,2766.0,no,no,cellular,4,-1,0,unknown,146.0,yes
52,technician,married,tertiary,no,1734.0,no,yes,cellular,2,-1,0,success,185.0,no
45,retired,divorced,secondary,no,3453.0,yes,no,unknown,3,-1,0,unknown,149.0,no
57,services,single,secondary,no,1591.0,yes,yes,cellular,1,-1,2,unknown,81.0,no
49,admin.,married,primary,no,2455.0,no,no,cellular,4,365,0,failure,155.0,no
35,admin.,single,tertiary,no,4520.0,yes,yes,cellular,4,180,0,unknown,151.0,no
31,admin.,married,secondary,no,3682.0,yes,no,cellular,2,-1,0,unknown,190.0,no
58,technician,married,secondary,no,1118.0,yes,no,cellular,5,-1,1,success,160.0,no
76,blue-collar,married,tertiary,no,3347.0,no,no,cellular,3,-1,0,other,99.0,no
64,blue-collar,married,tertiary,no,-500.0,no,yes,cellular,5,-1,1,other,339.0,yes
57,self-employed,single,primary,no,1038.0,no,yes,cellular,7,-1,1,success,228.0,no
75,retired,married,secondary,no,2900.0,no,yes,unknown,3,365,1,other,174.0,no
73,housemaid,single,secondary,no,4154.0,yes,no,unknown,2,-1,0,unknown,331.0,no
49,admin.,married,secondary,no,47.0,no,no,telephone,2,-1,0,unknown,173.0,no
24,management,married,secondary,no,1351.0,yes,no,unknown,5,-1,1,unknown,249.0,no
57,services,married,secondary,no,1405.0,no,no,cellular,4,-1,1,unknown,216.0,no
56,blue-collar,single,primary,no,1234.0,no,no,unknown,5,30,0,unknown,87.0,no
35,services,married,primary,no,-500.0,no,no,unknown,4,-1,0,unknown,197.0,no
70,admin.,married,secondary,no,2301.0,yes,no,cellular,2,-1,1,unknown,122.0,no
71,technician,married,primary,no,-500.0,no,no,unknown,8,30,0,unknown,48.0,no
38,technician,married,secondary,no,3448.0,yes,no,cellular,4,-1,0,unknown,127.0,no
47,admin.,married,primary,no,3830.0,no,no,telephone,5,60,0,unknown,297.0,no
30,management,single,primary,no,251.0,yes,yes,cellular,1,180,0,unknown,1000.0,yes
29,housemaid,married,tertiary,no,-500.0,no,yes,unknown,2,-1,0,unknown,150.0,no
34,technician,married,secondary,no,1342.0,yes,no,unknown,2,30,0,unknown,124.0,no
40,retired,single,tertiary,no,464.0,yes,no,unknown,3,120,0,unknown,199.0,no
34,self-employed,single,tertiary,no,1023.0,yes,yes,cellular,4,-1,0,unknown,33.0,no
27,blue-collar,single,secondary,no,1565.0,yes,no,cellular,2,60,1,failure,143.0,no
45,admin.,married,tertiary,no,-274.0,no,no,cellular,4,-1,0,unknown,135.0,no
56,services,divorced,primary,no,4386.0,no,no,unknown,3,180,1,unknown,99.0,no
38,self-employed,married,tertiary,no,246.0,no,no,cellular,5,-1,0,success,14.0,no
51,technician,married,secondary,no,3084.0,yes,yes,cellular,6,-1,0,unknown,113.0,no
34,technician,married,secondary,no,-202.0,yes,no,cellular,3,60,1,other,260.0,no
61,self-employed,married,primary,no,1510.0,no,no,unknown,2,-1,1,unknown,198.0,no
58,retired,married,tertiary,no,2211.0,no,no,unknown,3,365,0,other,18.0,no
77,technician,divorced,secondary,no,1644.0,no,no,unknown,3,60,0,success,50.0,no
21,technician,married,tertiary,no,943.0,yes,no,cellular,3,30,0,unknown,285.0,no
70,technician,married,tertiary,no,513.0,no,no,unknown,6,-1,1,unknown,54.0,no
39,unemployed,married,tertiary,no,668.0,yes,no,unknown,5,-1,0,unknown,63.0,no
22,housemaid,married,secondary,no,185.0,yes,no,unknown,2,-1,0,failure,209.0,no
60,services,single,secondary,no,1999.0,yes,no,cellular,7,180,0,failure,110.0,no
28,services,divorced,secondary,no,4696.0,yes,yes,cellular,3,-1,1,unknown,401.0,no
28,blue-collar,single,secondary,no,2047.0,no,no,telephone,4,-1,1,unknown,99.0,no
78,services,divorced,secondary,no,2472.0,yes,no,cellular,3,-1,1,unknown,169.0,no
31,management,married,secondary,no,3348.0,yes,no,cellular,4,-1,0,unknown,268.0,yes
51,management,married,tertiary,no,588.0,yes,yes,cellular,3,-1,3,unknown,257.0,no
30,blue-collar,married,secondary,no,-500.0,yes,yes,unknown,3,-1,0,success,30.0,no
25,services,single,primary,no,1405.0,yes,no,cellular,4,30,1,unknown,147.0,no
18,services,married,secondary,no,2939.0,yes,no,cellular,2,-1,0,unknown,151.0,no
18,retired,married,secondary,no,5019.0,yes,no,cellular,6,-1,0,unknown,392.0,yes
47,blue-collar,married,tertiary,no,-364.0,no,no,cellular,4,-1,0,unknown,47.0,no
44,retired,married,tertiary,no,3380.0,yes,yes,cellular,3,180,0,unknown,87.0,no
20,admin.,single,secondary,yes,1870.0,no,no,cellular,4,-1,0,failure,171.0,no
39,blue-collar,divorced,secondary,no,700.0,no,no,cellular,3,-1,0,unknown,490.0,no
34,entrepreneur,married,tertiary,no,-483.0,yes,no,cellular,3,-1,1,failure,69.0,no
53,technician,married,secondary,no,349.0,yes,no,cellular,1,-1,0,unknown,108.0,no
79,housemaid,married,primary,no,2432.0,yes,no,telephone,4,-1,3,failure,261.0,no
60,self-employed,married,secondary,no,3601.0,no,no,cellular,1,-1,1,unknown,368.0,no
74,technician,married,primary,no,-500.0,yes,yes,cellular,4,-1,0,unknown,97.0,no
29,management,married,tertiary,no,2322.0,yes,no,cellular,1,-1,1,unknown,68.0,no
31,technician,married,secondary,no,368.0,yes,no,cellular,2,-1,0,failure,65.0,no
64,blue-collar,single,secondary,no,536.0,yes,no,cellular,2,180,0,unknown,167.0,no
37,blue-collar,single,tertiary,no,2150.0,yes,no,cellular,1,-1,0,unknown,110.0,yes
70,admin.,married,primary,no,4858.0,no,no,cellular,2,-1,1,unknown,145.0,yes
46,retired,single,primary,no,108.0,no,no,cellular,3,-1,1,success,256.0,no
30,technician,single,primary,no,1228.0,no,no,cellular,4,-1,0,unknown,295.0,no
70,services,married,tertiary,no,-500.0,no,no,unknown,5,-1,0,unknown,179.0,no
52,self-employed,married,tertiary,no,2189.0,no,no,cellular,4,-1,0,unknown,174.0,no
67,blue-collar,married,secondary,no,158.0,yes,no,cellular,5,-1,0,unknown,83.0,no
46,technician,married,tertiary,no,4237.0,yes,no,cellular,6,-1,0,other,27.0,no
25,management,married,tertiary,no,2049.0,yes,no,unknown,1,-1,1,unknown,276.0,no
60,blue-collar,married,primary,no,890.0,no,yes,unknown,3,-1,0,unknown,435.0,yes
25,unemployed,divorced,secondary,no,903.0,no,no,cellular,6,-1,1,unknown,144.0,no
59,housemaid,divorced,tertiary,no,2057.0,yes,no,unknown,2,30,0,other,235.0,no
43,entrepreneur,married,secondary,no,2644.0,yes,no,cellular,4,-1,1,unknown,71.0,no
67,admin.,single,secondary,no,-500.0,yes,no,cellular,4,60,0,unknown,323.0,no
71,blue-collar,divorced,secondary,no,1133.0,yes,no,unknown,4,-1,1,unknown,15.0,no
43,technician,married,secondary,no,1395.0,no,no,cellular,9,-1,2,unknown,170.0,yes
72,management,married,secondary,no,1781.0,yes,no,cellular,2,-1,1,unknown,306.0,no
24,technician,single,secondary,no,3751.0,no,no,unknown,4,-1,0,success,487.0,yes
24,admin.,divorced,primary,no,-500.0,no,no,cellular,3,-1,1,unknown,138.0,no
79,self-employed,single,tertiary,yes,3121.0,yes,no,cellular,4,30,0,other,200.0,no
53,services,married,primary,no,2056.0,yes,no,unknown,5,30,0,unknown,89.0,no
45,self-employed,single,secondary,no,504.0,no,no,unknown,5,90,1,unknown,122.0,no
27,retired,married,secondary,no,2851.0,no,no,cellular,5,60,1,unknown,103.0,no
35,retired,married,secondary,no,710.0,yes,no,cellular,2,-1,0,unknown,79.0,no
60,services,married,tertiary,no,-500.0,no,no,unknown,3,-1,0,unknown,86.0,no
68,technician,single,secondary,no,-500.0,yes,no,cellular,3,-1,0,failure,219.0,no
74,blue-collar,married,secondary,no,-500.0,yes,yes,cellular,3,-1,1,unknown,208.0,no
43,management,married,secondary,no,420.0,no,no,unknown,1,-1,0,unknown,383.0,no
46,services,single,tertiary,no,1709.0,no,no,cellular,5,-1,0,other,404.0,no
28,blue-collar,married,tertiary,no,2475.0,no,yes,cellular,3,-1,1,success,111.0,no
23,blue-collar,single,secondary,no,936.0,yes,no,cellular,5,180,0,unknown,232.0,no
45,technician,married,tertiary,no,-500.0,yes,no,unknown,3,120,1,other,346.0,yes
53,blue-collar,married,tertiary,yes,715.0,no,no,unknown,1,-1,1,unknown,220.0,no
24,blue-collar,married,tertiary,no,1007.0,yes,yes,cellular,3,-1,0,failure,282.0,no
43,self-employed,divorced,tertiary,no,4528.0,no,no,unknown,1,-1,0,unknown,846.0,yes
57,admin.,divorced,tertiary,no,2402.0,yes,no,unknown,3,365,1,unknown,149.0,no
68,admin.,married,secondary,no,-500.0,yes,no,unknown,3,-1,0,unknown,114.0,no
76,admin.,single,secondary,no,833.0,yes,no,unknown,5,-1,1,unknown,128.0,no
39,blue-collar,single,tertiary,no,2654.0,yes,no,unknown,3,60,0,success,578.0,no
42,management,married,tertiary,no,1438.0,yes,no,cellular,1,-1,0,other,276.0,no
72,technician,married,primary,no,-500.0,no,no,telephone,4,-1,0,other,698.0,no
60,blue-collar,single,secondary,no,2873.0,yes,no,unknown,2,30,1,unknown,403.0,no
34,management,married,primary,no,2054.0,no,no,unknown,1,60,0,success,204.0,no
60,self-employed,divorced,secondary,no,1117.0,yes,no,cellular,4,30,1,unknown,283.0,no
27,blue-collar,married,secondary,no,-51.0,no,no,cellular,2,60,0,unknown,152.0,no
45,management,divorced,secondary,no,3224.0,yes,no,cellular,5,-1,1,unknown,151.0,yes
37,entrepreneur,divorced,tertiary,no,-500.0,no,no,cellular,2,-1,0,unknown,93.0,no
79,blue-collar,married,primary,no,-500.0,yes,no,cellular,1,-1,1,failure,187.0,no
20,entrepreneur,married,secondary,no,77.0,no,no,telephone,4,-1,0,failure,226.0,no
71,admin.,single,secondary,no,1944.0,yes,no,cellular,1,30,1,success,185.0,no
35,technician,divorced,tertiary,no,-500.0,no,yes,cellular,3,-1,0,unknown,172.0,no
20,unemployed,married,primary,yes,419.0,yes,no,cellular,1,30,1,success,101.0,yes
58,technician,married,secondary,no,786.0,yes,no,cellular,5,60,0,unknown,558.0,no
60,admin.,single,tertiary,no,2018.0,no,no,cellular,2,120,0,success,208.0,no
26,student,married,tertiary,no,902.0,no,no,telephone,1,365,1,unknown,279.0,no
20,retired,single,secondary,no,908.0,yes,yes,unknown,4,-1,1,unknown,312.0,no
24,admin.,married,secondary,no,130.0,yes,no,unknown,4,-1,0,other,128.0,no
43,technician,divorced,tertiary,no,3360.0,yes,yes,cellular,2,-1,0,unknown,74.0,no
26,student,married,secondary,no,2588.0,yes,no,cellular,3,-1,0,unknown,215.0,no
61,blue-collar,divorced,primary,no,2523.0,yes,no,cellular,2,-1,1,unknown,126.0,no
22,technician,married,tertiary,no,-0.0,yes,yes,cellular,4,90,0,success,29.0,no
66,blue-collar,divorced,tertiary,no,477.0,no,no,cellular,3,60,0,unknown,280.0,no
72,management,married,secondary,no,2258.0,no,yes,cellular,2,180,1,failure,262.0,no
62,blue-collar,single,tertiary,no,342.0,yes,yes,cellular,3,-1,1,other,209.0,no
76,blue-collar,single,secondary,no,-268.0,yes,no,telephone,4,-1,1,failure,380.0,no
76,technician,single,tertiary,no,1920.0,yes,yes,telephone,5,-1,0,unknown,843.0,yes
20,retired,married,secondary,no,-500.0,no,yes,cellular,6,-1,2,unknown,68.0,no
39,blue-collar,married,secondary,no,1023.0,yes,no,cellular,2,60,0,unknown,273.0,no
65,student,married,tertiary,no,3006.0,no,yes,unknown,4,-1,0,success,221.0,no
39,technician,married,tertiary,no,1662.0,yes,no,telephone,4,-1,0,success,559.0,yes
63,technician,single,primary,no,-485.0,no,no,cellular,2,-1,0,unknown,212.0,no
66,technician,divorced,tertiary,no,2251.0,yes,no,cellular,3,120,0,unknown,58.0,no
79,technician,single,tertiary,no,318.0,no,yes,unknown,3,120,0,unknown,89.0,no
38,services,married,secondary,no,2922.0,yes,no,cellular,1,-1,2,unknown,267.0,no
39,blue-collar,married,secondary,no,2316.0,yes,no,cellular,2,-1,0,success,237.0,no
19,technician,married,secondary,no,775.0,yes,no,cellular,3,-1,0,success,207.0,no
35,blue-collar,married,tertiary,no,50.0,yes,no,telephone,3,-1,0,unknown,72.0,no
35,blue-collar,single,secondary,no,-129.0,yes,no,cellular,3,-1,0,unknown,214.0,no
46,management,married,secondary,no,6061.0,no,yes,telephone,6,-1,0,unknown,109.0,no
44,blue-collar,married,secondary,no,-500.0,no,no,cellular,2,-1,3,unknown,178.0,no
71,self-employed,single,primary,no,-500.0,yes,yes,cellular,2,-1,1,success,191.0,no
65,technician,married,primary,no,3384.0,no,no,cellular,2,60,0,unknown,67.0,no
63,management,married,secondary,no,2996.0,yes,no,cellular,2,60,2,unknown,574.0,no
18,retired,married,primary,no,2049.0,yes,no,cellular,2,120,0,success,119.0,no
47,housemaid,married,tertiary,no,-500.0,no,no,unknown,3,-1,4,unknown,222.0,no
63,services,married,primary,no,2370.0,no,no,telephone,5,-1,0,other,64.0,no
33,admin.,married,secondary,no,-363.0,yes,yes,cellular,3,90,0,unknown,119.0,no
44,admin.,single,secondary,no,1222.0,no,yes,cellular,4,-1,0,unknown,142.0,no
63,services,married,tertiary,no,2132.0,no,no,telephone,5,-1,0,unknown,84.0,no
67,retired,married,primary,no,2312.0,no,yes,unknown,2,-1,0,unknown,185.0,yes
70,housemaid,single,secondary,no,229.0,no,yes,cellular,7,-1,1,unknown,149.0,no
44,blue-collar,married,tertiary,yes,3713.0,no,no,cellular,2,180,0,unknown,141.0,no
42,admin.,married,secondary,no,2863.0,no,no,unknown,7,-1,0,unknown,99.0,no
41,services,married,secondary,no,-328.0,no,no,cellular,4,60,0,unknown,47.0,yes
59,housemaid,married,primary,no,536.0,yes,no,unknown,3,-1,2,success,105.0,yes
44,management,married,tertiary,no,34.0,yes,no,cellular,2,60,0,unknown,74.0,no
42,technician,divorced,secondary,no,1287.0,no,no,unknown,2,-1,0,unknown,135.0,no
28,services,married,tertiary,no,2533.0,yes,yes,cellular,6,-1,0,unknown,65.0,no
47,blue-collar,married,tertiary,no,-500.0,yes,yes,telephone,2,-1,1,unknown,243.0,no
32,services,married,tertiary,no,-500.0,yes,no,cellular,6,-1,1,success,184.0,no
50,blue-collar,married,primary,no,-98.0,yes,no,unknown,3,-1,0,unknown,263.0,no
73,blue-collar,single,tertiary,no,3835.0,yes,no,cellular,4,-1,0,unknown,108.0,no
66,services,single,secondary,no,1828.0,yes,yes,cellular,2,-1,0,unknown,128.0,no
47,blue-collar,divorced,primary,no,4239.0,no,no,cellular,5,-1,1,unknown,100.0,no
78,blue-collar,married,secondary,no,1120.0,yes,no,cellular,3,-1,0,unknown,449.0,no
78,technician,married,secondary,no,-116.0,yes,yes,cellular,4,60,0,other,623.0,no
45,services,single,tertiary,no,-500.0,no,no,unknown,5,120,0,failure,231.0,no
65,technician,married,tertiary,no,-92.0,yes,no,telephone,5,-1,2,unknown,216.0,no
39,technician,married,tertiary,no,284.0,yes,no,cellular,4,90,1,other,218.0,no
72,blue-collar,married,tertiary,no,-500.0,yes,no,unknown,5,-1,0,unknown,255.0,no
41,services,married,secondary,no,-114.0,no,no,telephone,2,-1,0,unknown,210.0,no
34,entrepreneur,single,tertiary,no,-130.0,no,yes,cellular,3,120,1,unknown,185.0,no
26,services,single,secondary,no,1439.0,no,no,unknown,3,-1,3,unknown,331.0,no
70,blue-collar,single,secondary,no,1324.0,yes,no,cellular,4,-1,0,unknown,374.0,no
36,admin.,married,secondary,no,1976.0,no,no,cellular,4,120,0,unknown,297.0,no
68,admin.,single,tertiary,no,-500.0,yes,no,cellular,6,-1,1,unknown,112.0,no
23,student,single,tertiary,no,-500.0,yes,no,unknown,2,30,1,other,108.0,no
49,admin.,single,tertiary,no,3067.0,no,no,cellular,4,-1,2,unknown,89.0,no
44,self-employed,married,tertiary,no,934.0,yes,no,telephone,1,-1,1,unknown,162.0,no
45,technician,divorced,secondary,no,2924.0,yes,no,cellular,5,-1,1,other,387.0,no
28,services,married,secondary,no,1146.0,no,no,telephone,3,-1,0,unknown,148.0,no
22,housemaid,single,secondary,no,1737.0,no,no,cellular,5,-1,0,unknown,34.0,no
39,blue-collar,single,secondary,no,2352.0,no,no,cellular,3,-1,0,unknown,496.0,no
47,technician,divorced,secondary,no,398.0,yes,no,cellular,3,-1,2,unknown,402.0,no
67,retired,divorced,primary,no,199.0,yes,no,cellular,5,-1,0,unknown,260.0,no
46,housemaid,married,secondary,no,176.0,yes,yes,cellular,3,-1,0,unknown,227.0,no
33,technician,single,tertiary,yes,1260.0,no,no,cellular,4,-1,0,other,329.0,no
34,blue-collar,married,secondary,no,2434.0,yes,no,cellular,2,-1,0,unknown,132.0,no
55,management,single,secondary,no,668.0,yes,no,cellular,5,-1,2,other,310.0,no
45,admin.,married,secondary,no,3479.0,no,no,cellular,6,180,0,unknown,57.0,no
73,blue-collar,married,secondary,no,4549.0,no,no,cellular,5,30,0,unknown,87.0,no
45,entrepreneur,divorced,tertiary,no,-181.0,yes,no,cellular,4,-1,0,unknown,255.0,no
53,services,single,secondary,no,3539.0,yes,no,unknown,5,-1,0,other,195.0,no
21,blue-collar,married,tertiary,no,1368.0,yes,no,cellular,1,-1,0,unknown,412.0,yes
30,services,married,secondary,no,2085.0,yes,no,cellular,1,-1,1,unknown,120.0,no
70,technician,married,secondary,no,1159.0,no,no,cellular,5,-1,1,unknown,159.0,no
39,technician,married,tertiary,no,3594.0,yes,yes,cellular,5,365,1,unknown,249.0,no
44,admin.,married,tertiary,no,2025.0,no,no,cellular,2,180,0,unknown,15.0,no
54,student,divorced,secondary,yes,774.0,no,yes,cellular,4,-1,3,unknown,128.0,no
21,blue-collar,married,primary,no,649.0,no,no,cellular,2,-1,1,unknown,287.0,no
49,services,married,secondary,no,-500.0,yes,no,unknown,4,-1,0,other,301.0,no
39,entrepreneur,single,secondary,no,371.0,yes,no,cellular,3,-1,1,unknown,235.0,no
27,services,married,secondary,no,3597.0,yes,no,cellular,4,-1,1,unknown,92.0,no
43,blue-collar,married,secondary,no,3349.0,yes,no,cellular,2,-1,1,failure,315.0,no
45,services,married,tertiary,no,248.0,no,no,unknown,3,-1,1,unknown,217.0,no
29,blue-collar,married,primary,no,-500.0,yes,yes,unknown,1,30,0,success,86.0,no
51,blue-collar,married,tertiary,no,3113.0,no,no,cellular,2,-1,0,other,205.0,no
64,self-employed,single,secondary,no,2172.0,no,no,cellular,4,-1,0,unknown,94.0,no
34,blue-collar,married,secondary,no,-500.0,yes,no,telephone,4,-1,0,other,101.0,no
77,services,single,tertiary,no,6584.0,yes,no,telephone,6,-1,0,unknown,258.0,no
55,services,divorced,secondary,no,1421.0,yes,no,telephone,2,120,1,other,290.0,no
65,self-employed,single,secondary,no,4463.0,yes,no,cellular,3,120,2,unknown,112.0,no
22,services,divorced,secondary,no,1714.0,no,no,unknown,6,60,0,failure,54.0,no
65,technician,divorced,secondary,no,-473.0,yes,no,telephone,3,-1,1,unknown,370.0,no
38,technician,single,secondary,no,1749.0,yes,no,telephone,3,120,0,other,109.0,no
62,admin.,married,primary,no,-500.0,no,no,cellular,4,-1,0,unknown,156.0,no
67,retired,married,secondary,no,1173.0,no,no,cellular,3,-1,1,other,107.0,no
33,student,single,primary,no,-500.0,no,no,cellular,3,30,1,unknown,128.0,no
34,blue-collar,single,primary,no,1032.0,yes,no,cellular,1,30,0,unknown,314.0,no
21,blue-collar,single,secondary,no,1846.0,yes,no,cellular,2,-1,0,failure,75.0,no
55,blue-collar,single,primary,no,1932.0,yes,yes,telephone,1,180,0,success,238.0,no
65,retired,single,primary,no,-500.0,no,no,telephone,6,-1,0,unknown,284.0,no
43,blue-collar,single,secondary,no,239.0,no,no,cellular,8,-1,1,unknown,227.0,no
27,services,single,secondary,no,-500.0,yes,no,cellular,5,-1,1,unknown,183.0,no
37,self-employed,married,tertiary,no,2518.0,no,no,unknown,3,-1,1,unknown,197.0,no
42,services,married,tertiary,no,1765.0,yes,no,cellular,4,120,2,unknown,120.0,no
74,blue-collar,married,tertiary,no,-500.0,yes,no,telephone,2,-1,0,failure,11.0,no
25,student,married,tertiary,no,3931.0,yes,no,unknown,2,-1,0,unknown,301.0,no
39,services,married,secondary,no,2240.0,no,yes,cellular,5,365,0,unknown,359.0,no
57,blue-collar,married,secondary,no,1211.0,yes,no,cellular,2,60,0,unknown,168.0,no
32,blue-collar,divorced,tertiary,no,548.0,yes,no,cellular,6,-1,2,unknown,96.0,no
72,blue-collar,married,tertiary,no,252.0,yes,no,unknown,5,-1,0,unknown,193.0,no
74,technician,single,secondary,no,-21.0,yes,no,unknown,3,-1,0,unknown,213.0,no
41,blue-collar,married,secondary,no,3513.0,yes,yes,telephone,1,60,2,unknown,188.0,no
64,admin.,single,primary,no,1894.0,yes,no,telephone,6,-1,1,other,113.0,no
64,blue-collar,married,primary,no,-488.0,no,no,unknown,3,-1,2,unknown,139.0,no
60,admin.,married,secondary,no,3734.0,yes,no,cellular,4,-1,0,unknown,48.0,no
29,housemaid,single,secondary,no,1237.0,no,no,cellular,2,60,0,unknown,64.0,no
21,technician,married,secondary,no,-254.0,no,no,cellular,5,-1,1,unknown,160.0,no
39,management,married,tertiary,no,4956.0,yes,no,cellular,1,180,0,success,210.0,no
26,technician,single,tertiary,no,-500.0,yes,no,cellular,3,90,0,failure,393.0,no
36,admin.,single,tertiary,no,-85.0,yes,no,cellular,3,-1,1,unknown,149.0,no
57,management,married,secondary,no,1400.0,no,no,cellular,3,365,0,unknown,106.0,yes
54,technician,divorced,secondary,no,1980.0,yes,no,unknown,7,-1,0,unknown,480.0,no
30,services,married,secondary,no,45.0,yes,no,telephone,4,-1,1,unknown,189.0,no
19,technician,married,secondary,no,-500.0,yes,no,unknown,2,-1,0,unknown,227.0,yes
31,blue-collar,married,tertiary,no,1458.0,no,no,unknown,3,-1,0,unknown,6.0,no
46,management,married,secondary,no,-483.0,no,no,cellular,6,-1,0,unknown,71.0,no
66,services,married,primary,no,754.0,no,no,cellular,1,60,0,unknown,175.0,no
40,blue-collar,single,secondary,no,-58.0,no,no,cellular,6,-1,0,unknown,184.0,no
35,technician,married,secondary,no,-500.0,yes,yes,cellular,3,-1,0,unknown,313.0,no
52,blue-collar,divorced,secondary,no,920.0,yes,no,cellular,6,365,0,unknown,128.0,no
22,admin.,married,secondary,no,262.0,no,no,cellular,2,-1,1,unknown,70.0,no
31,student,single,secondary,no,-112.0,no,no,unknown,3,-1,1,failure,187.0,no
20,services,married,secondary,no,3138.0,yes,no,unknown,6,-1,1,unknown,207.0,no
50,technician,married,tertiary,no,-391.0,yes,no,telephone,5,-1,0,success,142.0,no
45,technician,married,primary,no,946.0,yes,yes,cellular,2,-1,1,success,402.0,yes
54,blue-collar,single,tertiary,yes,1333.0,yes,no,unknown,2,-1,0,unknown,341.0,no
56,services,single,secondary,no,-500.0,no,no,unknown,6,60,0,unknown,101.0,no
42,unemployed,married,primary,no,-500.0,yes,no,unknown,3,-1,0,unknown,149.0,no
71,blue-collar,married,primary,yes,1329.0,yes,no,telephone,2,90,0,unknown,282.0,no
74,management,married,primary,no,1261.0,yes,yes,cellular,6,-1,1,other,413.0,no
24,technician,married,primary,no,-19.0,yes,no,cellular,5,-1,2,unknown,139.0,no
75,admin.,single,secondary,no,1353.0,yes,no,cellular,5,-1,1,unknown,708.0,yes
30,technician,married,tertiary,no,1882.0,no,yes,cellular,4,120,1,success,165.0,yes
33,management,single,primary,no,2456.0,no,no,cellular,4,180,0,unknown,122.0,no
50,technician,divorced,secondary,no,2600.0,no,no,unknown,3,30,1,unknown,269.0,no
19,self-employed,married,tertiary,no,3576.0,yes,no,cellular,2,-1,2,unknown,82.0,no
40,services,divorced,secondary,no,1594.0,yes,no,cellular,2,-1,1,unknown,44.0,no
30,student,single,secondary,no,-500.0,no,yes,cellular,3,-1,0,unknown,155.0,no
47,admin.,married,secondary,no,868.0,no,no,cellular,3,-1,0,success,102.0,no
68,self-employed,single,primary,no,-500.0,yes,no,cellular,2,365,2,success,156.0,yes
75,technician,married,secondary,no,2921.0,yes,no,cellular,4,-1,0,success,310.0,no
31,technician,single,tertiary,no,3872.0,yes,yes,cellular,1,-1,0,unknown,40.0,no
51,technician,single,secondary,no,1389.0,no,yes,cellular,5,-1,0,success,160.0,no
47,services,divorced,secondary,no,3492.0,no,no,cellular,2,60,0,unknown,210.0,no
43,services,single,tertiary,no,3369.0,no,no,cellular,2,-1,1,unknown,159.0,no
57,retired,single,secondary,no,1947.0,yes,no,cellular,5,-1,0,unknown,361.0,no
79,self-employed,married,primary,no,2348.0,yes,no,telephone,6,-1,0,other,70.0,no
43,self-employed,divorced,tertiary,no,3108.0,yes,yes,telephone,1,-1,2,unknown,100.0,no
22,admin.,single,secondary,no,-500.0,no,no,cellular,6,-1,2,unknown,63.0,no
74,admin.,single,tertiary,no,1846.0,no,no,unknown,1,180,3,unknown,116.0,no
75,self-employed,single,primary,no,2397.0,yes,yes,cellular,5,-1,1,unknown,156.0,no
37,blue-collar,married,secondary,no,-500.0,yes,no,telephone,5,-1,0,unknown,263.0,no
49,blue-collar,married,tertiary,no,4842.0,yes,no,cellular,2,60,1,failure,190.0,no
71,blue-collar,single,primary,no,3367.0,no,yes,unknown,3,-1,0,unknown,257.0,no
49,technician,divorced,tertiary,no,3381.0,yes,no,cellular,4,-1,0,success,151.0,no
47,technician,single,tertiary,no,2136.0,no,no,cellular,5,-1,0,unknown,16.0,no
75,self-employed,married,secondary,no,-307.0,no,no,cellular,7,-1,2,unknown,120.0,no
69,technician,married,tertiary,no,-500.0,yes,yes,telephone,4,-1,0,unknown,190.0,no
49,technician,married,tertiary,yes,1221.0,yes,no,unknown,4,60,0,unknown,154.0,no
28,blue-collar,married,tertiary,no,2654.0,no,no,cellular,2,-1,0,unknown,266.0,yes
45,blue-collar,divorced,secondary,no,2376.0,no,no,cellular,4,-1,0,unknown,93.0,no
59,blue-collar,married,secondary,no,4478.0,no,no,cellular,4,-1,0,unknown,82.0,no
34,admin.,married,secondary,no,841.0,no,no,unknown,5,-1,0,failure,170.0,no
51,retired,married,primary,no,752.0,no,no,cellular,5,30,0,success,64.0,no
58,blue-collar,divorced,tertiary,no,1414.0,yes,no,unknown,4,-1,0,unknown,349.0,no
23,technician,single,tertiary,no,-500.0,no,yes,cellular,5,30,2,unknown,155.0,no
53,self-employed,married,primary,no,4103.0,yes,no,cellular,1,-1,0,success,323.0,no
63,blue-collar,married,tertiary,no,950.0,yes,no,telephone,2,-1,0,failure,18.0,no
31,unemployed,married,tertiary,no,1856.0,yes,no,cellular,2,-1,0,failure,187.0,no
52,technician,married,secondary,no,2866.0,yes,no,telephone,2,60,4,unknown,377.0,no
61,student,single,primary,no,45.0,yes,no,unknown,4,90,0,unknown,391.0,no
20,technician,married,primary,no,1899.0,yes,no,cellular,2,-1,0,unknown,275.0,no
57,unemployed,married,secondary,no,1386.0,no,no,cellular,2,-1,1,unknown,277.0,no
34,self-employed,married,tertiary,no,3156.0,no,no,cellular,1,-1,0,unknown,191.0,no
42,technician,married,secondary,no,1415.0,no,no,unknown,5,90,2,success,43.0,no
58,admin.,married,secondary,no,-500.0,yes,no,cellular,6,60,0,unknown,366.0,no
18,retired,single,tertiary,no,-282.0,no,no,cellular,1,-1,3,unknown,183.0,no
19,management,married,tertiary,no,-500.0,no,no,cellular,1,-1,0,unknown,182.0,no
45,admin.,married,tertiary,no,4869.0,no,no,cellular,4,-1,0,unknown,93.0,no
76,admin.,single,tertiary,no,3946.0,no,no,cellular,3,30,0,unknown,147.0,no
18,admin.,divorced,secondary,no,-500.0,no,no,cellular,3,-1,1,unknown,223.0,no
66,blue-collar,married,tertiary,no,-419.0,yes,no,unknown,2,365,0,unknown,120.0,no
22,admin.,married,secondary,no,-500.0,no,no,unknown,1,-1,2,other,104.0,no
48,housemaid,divorced,secondary,no,1790.0,no,no,cellular,3,90,0,unknown,178.0,no
44,technician,married,primary,no,-321.0,yes,no,cellular,2,90,0,unknown,415.0,no
47,self-employed,divorced,secondary,no,922.0,yes,no,telephone,6,180,0,unknown,83.0,no
23,services,single,primary,no,-500.0,yes,no,unknown,1,-1,2,unknown,181.0,no
64,admin.,married,tertiary,no,2175.0,yes,yes,telephone,1,-1,0,unknown,151.0,no
35,technician,married,primary,no,-500.0,no,no,cellular,2,120,0,unknown,177.0,no
65,blue-collar,divorced,secondary,no,5906.0,no,no,unknown,5,-1,0,unknown,439.0,no
58,blue-collar,married,tertiary,no,4108.0,yes,no,unknown,6,180,0,other,276.0,no
52,management,married,tertiary,no,5867.0,no,yes,telephone,1,-1,0,unknown,153.0,no
37,technician,married,tertiary,no,2492.0,no,no,unknown,4,-1,0,other,449.0,no
58,unemployed,single,tertiary,no,4203.0,yes,no,unknown,4,-1,1,success,154.0,no
79,technician,single,primary,no,3007.0,no,no,cellular,2,30,1,unknown,339.0,no
75,services,single,secondary,no,-408.0,no,no,cellular,3,-1,0,unknown,498.0,no
74,retired,married,tertiary,yes,730.0,yes,no,telephone,7,365,1,unknown,129.0,no
31,services,married,tertiary,no,2163.0,no,no,cellular,4,-1,0,failure,232.0,no
54,blue-collar,single,secondary,no,3474.0,no,no,cellular,6,90,0,success,92.0,no
42,blue-collar,married,secondary,no,1388.0,yes,no,cellular,2,60,0,unknown,35.0,no
77,unemployed,single,secondary,no,2398.0,no,no,unknown,4,-1,2,other,402.0,no
76,unemployed,single,secondary,no,801.0,yes,no,cellular,4,30,2,success,107.0,no
71,blue-collar,married,secondary,no,658.0,no,yes,cellular,5,-1,0,unknown,105.0,no
28,blue-collar,divorced,primary,no,-500.0,no,no,unknown,4,90,1,unknown,67.0,no
37,blue-collar,married,secondary,no,2197.0,yes,no,cellular,4,180,0,unknown,86.0,no
62,management,married,secondary,no,514.0,no,yes,telephone,3,-1,0,unknown,275.0,no
64,blue-collar,married,secondary,no,-500.0,yes,no,telephone,3,-1,0,other,218.0,no
39,services,married,secondary,no,333.0,yes,no,cellular,4,-1,0,unknown,131.0,no
26,admin.,married,secondary,no,1914.0,no,no,unknown,5,-1,1,unknown,206.0,no
26,admin.,married,secondary,no,2603.0,yes,no,cellular,3,-1,2,unknown,289.0,no
60,blue-collar,single,secondary,no,1068.0,no,no,cellular,3,-1,0,failure,250.0,no
46,student,single,secondary,no,3323.0,yes,no,telephone,6,-1,0,other,377.0,no
48,blue-collar,married,tertiary,no,4082.0,yes,yes,cellular,4,30,0,unknown,159.0,no
68,management,single,secondary,no,884.0,no,no,unknown,4,120,0,unknown,385.0,no
19,services,single,tertiary,no,3153.0,yes,no,unknown,4,-1,0,success,106.0,yes
64,technician,married,secondary,no,199.0,no,yes,cellular,3,-1,1,unknown,178.0,no
35,blue-collar,divorced,secondary,no,-500.0,yes,no,cellular,3,-1,0,unknown,430.0,no
75,services,married,tertiary,yes,-301.0,no,no,cellular,3,-1,2,unknown,415.0,no
77,blue-collar,married,secondary,no,-156.0,no,no,unknown,3,-1,0,unknown,384.0,no
49,services,married,secondary,no,612.0,no,no,cellular,5,-1,0,unknown,119.0,no
37,management,married,primary,no,4968.0,no,no,cellular,4,-1,1,success,80.0,no
32,technician,married,secondary,no,458.0,no,no,cellular,3,90,0,unknown,118.0,no
29,unemployed,married,tertiary,no,722.0,yes,no,cellular,4,90,2,unknown,97.0,no
79,student,married,secondary,no,1676.0,yes,yes,unknown,4,-1,0,unknown,73.0,no
29,technician,divorced,tertiary,no,-500.0,yes,no,cellular,2,120,0,unknown,121.0,no
45,blue-collar,single,secondary,no,1663.0,no,no,cellular,4,-1,2,unknown,234.0,no
47,services,single,secondary,no,2582.0,no,yes,unknown,2,-1,0,success,243.0,no
60,blue-collar,single,tertiary,no,4069.0,yes,no,cellular,1,-1,1,unknown,303.0,no
70,blue-collar,single,primary,no,3765.0,yes,no,cellular,5,-1,0,unknown,407.0,yes
52,retired,married,primary,no,2054.0,no,yes,cellular,4,-1,0,unknown,61.0,no
64,services,married,secondary,no,998.0,no,no,telephone,4,-1,0,failure,136.0,no
53,services,married,secondary,no,1102.0,yes,yes,unknown,2,-1,0,unknown,80.0,no
45,technician,married,tertiary,no,2134.0,yes,no,cellular,4,30,1,unknown,433.0,no
27,retired,married,primary,no,1316.0,no,no,unknown,4,120,0,success,70.0,no
30,technician,married,primary,yes,1237.0,yes,no,cellular,3,365,0,unknown,288.0,no
44,technician,married,primary,no,-282.0,yes,yes,unknown,2,-1,1,unknown,313.0,no
20,technician,married,secondary,no,2607.0,yes,no,cellular,5,-1,0,unknown,275.0,no
37,blue-collar,single,secondary,no,1936.0,no,no,cellular,3,180,0,unknown,132.0,no
46,retired,married,secondary,no,39.0,yes,no,telephone,4,60,0,unknown,331.0,no
47,services,married,primary,no,4080.0,yes,no,cellular,5,-1,2,unknown,86.0,no
68,technician,married,primary,no,1775.0,yes,no,cellular,2,-1,1,unknown,113.0,no
77,admin.,married,tertiary,no,-500.0,yes,no,cellular,4,-1,0,unknown,15.0,no
63,blue-collar,single,secondary,no,3101.0,no,no,cellular,5,-1,0,unknown,238.0,no
22,blue-collar,married,tertiary,no,189.0,yes,no,cellular,4,365,0,unknown,430.0,no
43,blue-collar,married,secondary,no,662.0,yes,yes,unknown,5,60,0,failure,159.0,no
63,technician,divorced,secondary,no,1064.0,yes,no,cellular,3,-1,0,success,225.0,no
54,admin.,married,tertiary,no,2954.0,yes,yes,cellular,1,-1,0,unknown,338.0,no
46,blue-collar,single,primary,no,1296.0,yes,no,cellular,5,-1,0,unknown,354.0,no
45,services,single,secondary,no,2513.0,yes,yes,cellular,4,180,0,success,179.0,no
43,housemaid,married,secondary,no,-500.0,yes,no,cellular,3,-1,0,unknown,390.0,no
53,blue-collar,married,primary,no,-500.0,no,no,cellular,5,30,0,unknown,316.0,no
29,self-employed,married,secondary,no,1458.0,yes,yes,cellular,5,-1,0,other,87.0,no
50,retired,married,secondary,no,95.0,yes,no,telephone,3,-1,1,unknown,278.0,no
30,unemployed,married,secondary,no,1032.0,yes,no,cellular,5,-1,0,success,335.0,no
60,student,single,secondary,no,2743.0,yes,no,cellular,5,-1,1,unknown,240.0,no
71,unemployed,married,secondary,no,-46.0,yes,no,cellular,2,-1,1,success,140.0,no
49,blue-collar,married,secondary,no,76.0,no,no,telephone,5,365,0,unknown,133.0,no
42,student,married,tertiary,no,1598.0,yes,no,cellular,4,-1,1,other,51.0,no
76,retired,married,tertiary,no,-500.0,yes,no,cellular,4,-1,1,unknown,172.0,no
58,services,single,secondary,no,3214.0,no,yes,cellular,4,60,1,failure,37.0,no
44,management,married,secondary,no,1634.0,no,no,cellular,3,-1,0,success,122.0,no
19,blue-collar,single,tertiary,no,1568.0,yes,no,cellular,3,-1,0,unknown,301.0,no
18,admin.,single,secondary,no,429.0,no,no,cellular,5,-1,0,unknown,135.0,no
31,technician,married,tertiary,no,2640.0,yes,no,cellular,4,-1,0,unknown,353.0,no
32,technician,single,tertiary,no,1109.0,no,no,cellular,3,-1,2,success,53.0,no
62,blue-collar,married,secondary,no,3607.0,yes,no,cellular,2,-1,1,unknown,154.0,no
49,services,married,tertiary,no,-500.0,yes,yes,telephone,2,60,0,unknown,198.0,no
79,services,married,secondary,no,1514.0,yes,no,unknown,4,30,0,unknown,319.0,no
51,retired,married,primary,no,1476.0,yes,no,unknown,3,-1,1,unknown,37.0,no
73,blue-collar,single,tertiary,no,1960.0,yes,yes,telephone,5,-1,1,unknown,233.0,no
52,technician,married,tertiary,no,3927.0,yes,yes,cellular,2,-1,1,unknown,369.0,no
40,services,married,secondary,no,-500.0,no,no,unknown,3,-1,0,other,116.0,no
62,services,divorced,tertiary,no,-500.0,yes,yes,cellular,2,-1,1,unknown,339.0,no
45,services,married,primary,no,764.0,yes,yes,cellular,7,-1,2,unknown,30.0,no
35,services,single,tertiary,no,-500.0,yes,no,cellular,6,-1,0,unknown,78.0,no
47,blue-collar,married,tertiary,no,5552.0,yes,no,cellular,6,-1,1,other,219.0,no
59,technician,divorced,tertiary,no,3080.0,yes,no,cellular,4,-1,0,other,782.0,no
41,blue-collar,married,secondary,no,2331.0,yes,no,unknown,4,-1,0,unknown,287.0,no
61,technician,single,secondary,no,2809.0,yes,no,cellular,4,365,2,other,69.0,no
78,technician,married,tertiary,no,3688.0,yes,no,cellular,2,-1,0,unknown,40.0,no
43,services,divorced,secondary,no,294.0,no,no,cellular,4,-1,0,unknown,41.0,no
36,self-employed,divorced,tertiary,no,750.0,yes,no,cellular,4,-1,0,unknown,321.0,no
42,admin.,single,secondary,no,2016.0,no,no,telephone,3,-1,0,success,140.0,yes
69,management,married,primary,no,492.0,no,no,cellular,3,180,1,success,197.0,no
29,self-employed,married,secondary,no,-270.0,yes,no,cellular,5,-1,0,other,144.0,no
78,admin.,single,secondary,no,447.0,yes,no,cellular,4,365,0,failure,255.0,no
43,admin.,single,primary,no,2087.0,no,no,cellular,5,-1,0,unknown,265.0,no
70,unemployed,single,secondary,no,3041.0,yes,no,cellular,8,30,2,unknown,51.0,no
66,blue-collar,single,tertiary,yes,-500.0,yes,yes,unknown,5,-1,0,unknown,203.0,no
66,blue-collar,married,primary,no,1058.0,yes,no,cellular,4,-1,0,unknown,63.0,no
74,blue-collar,married,secondary,no,1303.0,yes,no,unknown,7,60,1,unknown,57.0,no
29,services,married,secondary,no,-500.0,yes,no,unknown,5,-1,0,unknown,60.0,no
54,management,single,secondary,no,2208.0,no,no,unknown,3,-1,1,unknown,222.0,no
24,technician,married,secondary,no,1207.0,no,yes,cellular,4,-1,2,unknown,31.0,no
36,management,married,tertiary,no,-289.0,yes,no,telephone,4,-1,1,unknown,253.0,no
20,admin.,single,secondary,no,532.0,yes,no,cellular,5,-1,2,unknown,394.0,no
60,management,married,secondary,no,2363.0,no,no,cellular,5,60,0,unknown,74.0,no
55,admin.,married,primary,no,3160.0,yes,no,cellular,5,-1,0,unknown,163.0,no
63,technician,married,secondary,no,2011.0,yes,no,cellular,4,-1,0,unknown,135.0,no
28,admin.,married,primary,yes,4831.0,no,no,unknown,3,-1,0,unknown,265.0,yes
38,blue-collar,married,secondary,no,3408.0,no,no,cellular,3,60,0,failure,140.0,no
59,management,single,secondary,no,2392.0,no,no,cellular,4,-1,0,unknown,172.0,no
69,blue-collar,single,tertiary,no,135.0,yes,no,telephone,6,30,1,unknown,164.0,no
72,retired,single,secondary,no,3436.0,yes,no,cellular,3,-1,0,unknown,107.0,yes
22,management,divorced,secondary,no,16.0,no,no,cellular,5,-1,0,unknown,143.0,no
42,technician,married,primary,no,2744.0,yes,no,cellular,3,-1,0,unknown,536.0,no
18,admin.,married,tertiary,no,-500.0,no,no,unknown,4,180,1,unknown,186.0,no
68,retired,married,tertiary,no,511.0,yes,no,cellular,4,60,0,unknown,190.0,no
25,services,single,secondary,no,-500.0,no,no,cellular,1,-1,1,unknown,334.0,no
68,blue-collar,married,primary,no,885.0,yes,no,cellular,5,-1,0,unknown,137.0,no
27,services,divorced,secondary,no,-500.0,yes,no,cellular,2,120,0,unknown,192.0,no
18,technician,married,primary,no,1451.0,no,no,telephone,3,-1,0,unknown,246.0,no
72,technician,single,secondary,no,2241.0,no,no,cellular,3,-1,0,success,105.0,no
45,technician,married,primary,no,230.0,yes,yes,cellular,2,365,0,unknown,157.0,no
44,services,single,secondary,no,824.0,no,no,unknown,2,-1,0,success,9.0,no
58,entrepreneur,married,tertiary,no,1795.0,yes,no,cellular,4,180,0,unknown,86.0,no
35,technician,married,primary,no,1315.0,no,no,cellular,3,-1,0,success,318.0,no
60,blue-collar,single,secondary,no,3826.0,no,yes,unknown,5,-1,0,unknown,119.0,no
44,retired,married,secondary,no,166.0,yes,no,cellular,3,-1,0,other,236.0,no
34,student,divorced,secondary,no,2367.0,no,no,cellular,6,-1,0,other,87.0,no
42,technician,single,secondary,no,1868.0,yes,no,cellular,1,-1,0,unknown,183.0,no
18,technician,single,tertiary,no,-500.0,yes,no,cellular,2,30,0,unknown,297.0,no
36,admin.,married,tertiary,no,1557.0,yes,no,cellular,3,90,2,unknown,238.0,no
54,services,married,secondary,no,1244.0,no,no,unknown,2,-1,0,success,232.0,yes
26,blue-collar,married,primary,no,514.0,yes,no,telephone,2,-1,0,unknown,145.0,no
25,student,single,secondary,no,4594.0,no,no,cellular,4,-1,1,success,360.0,yes
58,services,married,secondary,no,3713.0,yes,no,telephone,4,120,0,unknown,73.0,no
44,blue-collar,divorced,tertiary,yes,27.0,yes,no,cellular,2,-1,1,unknown,511.0,no
26,technician,divorced,tertiary,no,2544.0,no,no,cellular,3,-1,0,unknown,108.0,no
64,management,married,tertiary,no,2739.0,yes,no,unknown,7,-1,1,unknown,54.0,no
66,retired,single,primary,no,1663.0,yes,no,cellular,5,-1,0,unknown,173.0,no
20,technician,married,tertiary,no,-500.0,no,no,unknown,5,-1,2,success,62.0,no
30,services,married,tertiary,no,-314.0,yes,no,cellular,1,-1,1,unknown,477.0,no
40,self-employed,married,primary,no,2350.0,yes,yes,unknown,2,30,0,unknown,56.0,no
63,admin.,single,secondary,no,2312.0,yes,no,cellular,4,-1,0,success,355.0,no
22,blue-collar,divorced,tertiary,no,886.0,no,no,cellular,5,-1,0,success,85.0,no
67,admin.,married,secondary,yes,3768.0,yes,no,cellular,5,-1,0,unknown,290.0,no
37,blue-collar,married,primary,no,4088.0,no,no,cellular,5,90,1,other,123.0,no
25,blue-collar,married,secondary,no,4067.0,no,no,cellular,3,-1,0,unknown,123.0,no
71,retired,married,secondary,no,4075.0,no,no,cellular,2,-1,0,unknown,112.0,no
23,services,married,tertiary,no,1371.0,yes,no,cellular,3,90,0,unknown,367.0,yes
26,blue-collar,single,tertiary,no,-500.0,no,no,cellular,3,30,0,other,154.0,no
76,self-employed,divorced,tertiary,no,820.0,yes,no,unknown,2,-1,0,unknown,60.0,no
50,technician,married,secondary,no,1193.0,no,yes,cellular,4,-1,0,unknown,223.0,no
46,blue-collar,single,tertiary,no,266.0,no,no,cellular,4,-1,1,success,86.0,no
60,services,single,primary,no,715.0,yes,no,cellular,4,-1,0,failure,388.0,no
57,admin.,married,secondary,no,-500.0,yes,no,unknown,2,-1,1,unknown,203.0,no
56,retired,single,tertiary,no,2686.0,no,yes,cellular,3,-1,0,unknown,91.0,no
19,services,married,tertiary,no,4331.0,yes,yes,cellular,5,-1,0,failure,53.0,yes
52,admin.,married,secondary,yes,5688.0,no,no,cellular,6,-1,2,unknown,412.0,yes
35,blue-collar,married,primary,no,1847.0,yes,no,cellular,4,-1,0,failure,92.0,no
68,technician,single,secondary,no,1091.0,yes,no,cellular,6,120,0,unknown,439.0,no
49,blue-collar,married,secondary,no,1333.0,yes,no,cellular,6,-1,0,other,135.0,no
25,services,married,secondary,no,3850.0,yes,no,unknown,2,-1,0,unknown,497.0,no
72,self-employed,married,secondary,no,3820.0,no,no,cellular,2,60,0,unknown,396.0,no
35,blue-collar,married,tertiary,no,967.0,no,no,cellular,5,-1,2,unknown,405.0,no
34,services,married,primary,no,3566.0,yes,yes,cellular,1,-1,2,unknown,98.0,no
76,retired,married,secondary,no,1691.0,yes,no,unknown,3,-1,1,success,296.0,yes
66,admin.,single,secondary,no,76.0,no,no,unknown,3,30,0,success,17.0,no
71,technician,married,primary,no,1122.0,yes,no,cellular,3,-1,0,failure,207.0,no
59,management,married,secondary,no,4466.0,yes,yes,cellular,4,-1,0,unknown,282.0,no
74,services,single,secondary,no,2699.0,yes,no,telephone,5,-1,1,unknown,162.0,no
25,blue-collar,single,secondary,no,488.0,no,no,unknown,3,-1,0,unknown,245.0,no
55,blue-collar,married,secondary,yes,3087.0,no,yes,cellular,6,-1,0,unknown,73.0,no
36,services,married,secondary,no,2685.0,no,no,unknown,7,60,2,unknown,188.0,no
42,services,married,tertiary,no,842.0,yes,no,unknown,2,-1,0,unknown,135.0,no
32,blue-collar,married,secondary,yes,56.0,yes,no,cellular,3,-1,0,unknown,134.0,no
30,services,single,secondary,no,-500.0,yes,no,cellular,4,-1,2,unknown,97.0,no
45,management,married,secondary,no,-500.0,no,no,telephone,4,-1,0,unknown,92.0,no
74,blue-collar,married,secondary,no,222.0,yes,no,cellular,2,365,2,success,136.0,no
57,technician,married,secondary,no,1080.0,yes,no,cellular,2,-1,1,success,326.0,no
39,self-employed,married,tertiary,no,3668.0,no,no,cellular,2,-1,0,unknown,195.0,no
44,management,married,secondary,no,2884.0,yes,no,unknown,2,-1,0,failure,232.0,no
50,student,single,secondary,no,1754.0,yes,no,telephone,3,-1,1,unknown,457.0,no
33,retired,married,secondary,no,-500.0,yes,no,cellular,4,60,0,unknown,431.0,no
50,technician,married,tertiary,no,1931.0,yes,no,cellular,1,-1,1,unknown,131.0,no
61,technician,single,secondary,no,-500.0,yes,no,telephone,2,-1,0,unknown,319.0,no
33,blue-collar,married,secondary,no,2972.0,yes,no,unknown,3,-1,0,success,296.0,no
54,management,married,secondary,no,3023.0,yes,no,cellular,2,-1,2,unknown,59.0,no
61,technician,married,tertiary,no,1492.0,no,no,telephone,3,-1,0,unknown,133.0,no
50,technician,married,secondary,no,2870.0,yes,no,cellular,4,-1,5,other,41.0,no
36,blue-collar,married,tertiary,no,3226.0,no,no,unknown,4,-1,0,unknown,252.0,no
52,blue-collar,married,tertiary,no,1597.0,yes,yes,telephone,3,-1,2,unknown,200.0,no
67,blue-collar,single,primary,no,1139.0,yes,no,telephone,3,-1,1,unknown,40.0,no
31,technician,single,secondary,no,-500.0,no,no,cellular,3,60,1,unknown,138.0,no
53,technician,married,tertiary,no,761.0,no,yes,unknown,4,-1,2,unknown,308.0,no
60,technician,married,secondary,no,-394.0,no,no,cellular,1,-1,0,unknown,142.0,no
37,blue-collar,divorced,secondary,no,-412.0,no,no,unknown,1,-1,1,unknown,91.0,no
42,technician,married,secondary,no,81.0,no,no,cellular,5,-1,1,unknown,158.0,no
73,admin.,married,primary,no,-500.0,no,yes,cellular,4,-1,0,unknown,234.0,no
40,housemaid,single,secondary,no,3163.0,yes,no,cellular,2,-1,1,unknown,416.0,no
55,entrepreneur,married,tertiary,no,1794.0,no,no,cellular,2,-1,1,success,202.0,no
27,retired,divorced,secondary,no,3490.0,no,no,cellular,5,-1,1,other,165.0,no
75,retired,married,primary,no,2844.0,no,yes,unknown,3,90,0,unknown,228.0,no
55,blue-collar,single,secondary,no,2298.0,yes,no,telephone,3,-1,1,unknown,129.0,no
65,blue-collar,married,secondary,no,2830.0,no,yes,cellular,2,-1,1,failure,283.0,no
55,technician,married,secondary,no,1671.0,no,yes,cellular,4,60,0,unknown,102.0,no
40,admin.,married,secondary,no,3749.0,yes,yes,unknown,6,-1,0,failure,313.0,no
39,management,divorced,tertiary,no,482.0,yes,no,cellular,3,180,0,unknown,83.0,no
61,blue-collar,married,tertiary,no,1364.0,no,no,cellular,4,-1,0,unknown,316.0,no
71,blue-collar,married,tertiary,no,897.0,no,no,unknown,3,-1,0,unknown,102.0,no
25,blue-collar,divorced,secondary,no,5031.0,no,no,cellular,2,-1,0,unknown,135.0,no
70,services,married,secondary,no,263.0,yes,no,cellular,2,-1,0,other,101.0,no
69,management,married,secondary,no,3718.0,yes,yes,unknown,3,-1,0,unknown,157.0,no
24,blue-collar,married,tertiary,no,-500.0,yes,no,cellular,3,30,1,unknown,289.0,no
24,technician,single,tertiary,no,1580.0,yes,yes,cellular,1,30,1,success,304.0,yes
61,admin.,married,tertiary,no,1073.0,yes,no,unknown,2,30,0,unknown,396.0,no
70,student,married,secondary,no,-438.0,yes,no,cellular,7,-1,2,unknown,147.0,no
42,blue-collar,divorced,tertiary,no,204.0,no,no,telephone,4,-1,1,other,183.0,no
57,technician,single,secondary,no,2306.0,no,no,telephone,2,60,0,failure,121.0,no
79,admin.,married,primary,no,794.0,yes,no,cellular,3,-1,1,unknown,392.0,no
38,retired,married,tertiary,no,-337.0,no,no,cellular,4,60,2,success,220.0,no
31,self-employed,married,tertiary,no,3016.0,no,no,unknown,5,60,1,unknown,101.0,no
79,retired,married,tertiary,no,1362.0,no,no,cellular,5,-1,0,unknown,350.0,no
35,technician,married,tertiary,no,1996.0,yes,no,unknown,3,-1,0,unknown,104.0,no
47,admin.,single,secondary,no,3368.0,yes,no,unknown,5,180,0,failure,144.0,no
45,housemaid,single,tertiary,no,4182.0,yes,no,cellular,2,180,0,unknown,428.0,yes
50,technician,married,secondary,no,-500.0,yes,no,cellular,3,-1,0,unknown,454.0,no
34,technician,married,secondary,no,1207.0,no,no,telephone,5,-1,0,success,362.0,no
60,management,married,primary,no,-500.0,yes,yes,cellular,3,-1,0,failure,315.0,no
60,retired,single,secondary,no,6307.0,yes,yes,cellular,1,60,1,other,398.0,no
30,student,single,secondary,no,1671.0,no,no,cellular,5,-1,0,unknown,140.0,no
47,student,single,tertiary,no,3152.0,yes,yes,unknown,1,120,0,unknown,286.0,yes
21,technician,divorced,tertiary,no,271.0,yes,yes,unknown,3,-1,0,unknown,119.0,yes
31,technician,single,tertiary,no,760.0,yes,no,cellular,5,365,1,unknown,188.0,no
79,housemaid,divorced,secondary,no,3379.0,yes,no,cellular,4,-1,0,unknown,24.0,no
49,services,single,secondary,no,2327.0,no,no,cellular,2,-1,0,unknown,82.0,no
56,management,married,secondary,no,4420.0,no,no,telephone,2,-1,0,unknown,223.0,no
73,blue-collar,single,tertiary,no,-102.0,yes,no,cellular,6,-1,0,unknown,211.0,no
62,technician,married,primary,no,1008.0,yes,no,cellular,2,180,0,unknown,132.0,no
67,self-employed,married,secondary,no,2324.0,no,no,cellular,2,60,1,unknown,384.0,no
62,admin.,married,tertiary,no,2598.0,yes,no,unknown,2,-1,2,unknown,206.0,yes
48,services,married,primary,no,2155.0,yes,no,cellular,1,30,1,unknown,207.0,no
57,blue-collar,single,tertiary,no,-500.0,no,no,unknown,4,30,1,unknown,162.0,no
35,admin.,married,tertiary,no,-297.0,no,no,cellular,4,-1,1,unknown,347.0,no
73,self-employed,married,tertiary,yes,2015.0,yes,yes,cellular,3,-1,0,success,699.0,no
29,services,divorced,tertiary,no,-500.0,no,yes,cellular,4,30,1,unknown,173.0,no
72,retired,married,tertiary,no,-195.0,yes,no,unknown,1,90,0,other,24.0,no
72,admin.,married,secondary,no,1467.0,no,no,cellular,1,-1,1,unknown,175.0,no
26,retired,married,secondary,no,3.0,yes,no,cellular,4,60,0,unknown,151.0,no
62,admin.,married,primary,no,1813.0,yes,no,telephone,1,-1,0,unknown,100.0,no
79,technician,divorced,primary,no,1239.0,no,no,cellular,5,-1,2,unknown,187.0,no
53,blue-collar,married,secondary,no,-19.0,no,no,cellular,6,-1,0,unknown,240.0,no
39,technician,divorced,secondary,no,24.0,no,no,unknown,4,-1,1,unknown,22.0,no
72,admin.,married,secondary,no,3700.0,yes,no,cellular,5,90,2,unknown,140.0,no
49,admin.,single,tertiary,no,2091.0,no,no,cellular,4,-1,1,failure,72.0,no
25,management,married,primary,no,1845.0,yes,no,unknown,6,60,0,unknown,216.0,no
33,student,married,secondary,no,1499.0,yes,no,unknown,5,-1,0,success,197.0,no
60,technician,married,tertiary,no,-233.0,no,no,cellular,5,-1,0,unknown,194.0,no
46,retired,married,primary,no,384.0,no,no,unknown,5,-1,1,unknown,248.0,no
31,blue-collar,divorced,secondary,no,-500.0,no,no,cellular,4,-1,0,unknown,617.0,no
67,admin.,single,primary,no,254.0,yes,no,unknown,6,-1,0,unknown,33.0,no
25,retired,married,tertiary,no,285.0,yes,no,telephone,6,60,1,other,269.0,no
31,entrepreneur,single,secondary,no,2387.0,yes,no,unknown,2,30,2,unknown,160.0,no
46,technician,married,secondary,no,314.0,yes,no,unknown,2,365,0,other,345.0,yes
20,management,divorced,secondary,no,2815.0,no,no,cellular,2,-1,0,unknown,170.0,no
42,student,married,tertiary,no,932.0,yes,no,unknown,6,-1,0,unknown,1000.0,yes
74,technician,married,secondary,no,1667.0,yes,no,cellular,1,-1,1,unknown,133.0,no
76,admin.,married,secondary,no,1344.0,no,no,unknown,2,-1,1,unknown,21.0,no
72,management,married,primary,no,2660.0,yes,no,telephone,3,-1,0,failure,475.0,no
38,technician,divorced,primary,no,3571.0,no,no,unknown,3,-1,1,success,400.0,yes
22,housemaid,married,secondary,no,-377.0,no,no,telephone,6,-1,0,unknown,184.0,no
68,retired,married,secondary,no,4567.0,yes,no,telephone,3,-1,0,unknown,419.0,no
41,technician,single,primary,no,-142.0,yes,no,unknown,5,90,0,unknown,477.0,no
64,blue-collar,married,primary,no,1068.0,no,no,unknown,1,-1,0,unknown,208.0,no
25,technician,married,tertiary,no,448.0,no,no,cellular,4,-1,0,failure,97.0,no
59,entrepreneur,single,secondary,no,4114.0,no,no,telephone,3,-1,0,unknown,161.0,no
54,self-employed,married,secondary,no,-500.0,no,no,cellular,3,90,0,other,75.0,yes
75,blue-collar,single,secondary,no,2692.0,yes,no,cellular,7,30,1,unknown,63.0,no
24,retired,married,primary,no,-500.0,yes,no,unknown,4,-1,2,success,124.0,no
43,admin.,married,tertiary,no,2865.0,no,no,cellular,3,60,0,failure,98.0,no
79,admin.,married,primary,no,1056.0,yes,no,unknown,2,-1,0,success,378.0,no
42,housemaid,married,tertiary,no,726.0,no,no,telephone,1,90,1,unknown,59.0,no
58,blue-collar,married,secondary,no,155.0,no,no,cellular,3,-1,1,unknown,404.0,no
27,self-employed,married,secondary,no,1280.0,no,no,unknown,4,-1,0,unknown,236.0,no
63,admin.,single,tertiary,no,761.0,no,yes,cellular,4,-1,1,unknown,13.0,no
35,blue-collar,married,tertiary,no,-500.0,no,no,cellular,2,30,0,unknown,72.0,yes
53,blue-collar,single,tertiary,no,-13.0,yes,no,cellular,7,-1,1,unknown,101.0,no
72,management,married,secondary,no,2837.0,no,no,cellular,5,30,0,unknown,368.0,no
58,blue-collar,divorced,secondary,no,675.0,no,no,cellular,7,-1,0,unknown,140.0,no
47,blue-collar,married,secondary,no,-23.0,yes,no,cellular,4,30,0,other,36.0,no
29,self-employed,single,primary,no,1484.0,yes,no,unknown,5,30,0,failure,283.0,no
39,services,married,secondary,no,2279.0,yes,yes,unknown,4,-1,0,unknown,269.0,yes
70,services,married,secondary,no,2570.0,yes,no,cellular,4,-1,0,unknown,129.0,no
31,blue-collar,married,secondary,no,2008.0,no,no,unknown,6,-1,0,success,217.0,no
58,technician,divorced,tertiary,no,3576.0,no,no,unknown,3,-1,2,unknown,66.0,no
48,self-employed,single,tertiary,no,1489.0,yes,no,cellular,3,-1,1,unknown,307.0,no
37,self-employed,single,primary,no,975.0,yes,no,unknown,4,365,0,unknown,104.0,no
62,blue-collar,married,secondary,no,2972.0,yes,no,cellular,6,-1,0,unknown,533.0,no
40,blue-collar,married,secondary,no,125.0,yes,no,cellular,3,-1,0,success,197.0,no
35,management,married,primary,no,672.0,yes,no,cellular,3,-1,1,unknown,148.0,no
50,blue-collar,single,primary,no,-500.0,yes,no,cellular,5,90,0,unknown,268.0,no
64,services,married,tertiary,no,4665.0,no,no,cellular,3,-1,1,success,173.0,no
71,blue-collar,single,primary,no,5154.0,yes,no,cellular,3,-1,0,unknown,53.0,no
57,blue-collar,single,secondary,no,1085.0,yes,no,cellular,1,-1,0,unknown,376.0,no
59,blue-collar,married,secondary,no,2774.0,yes,no,cellular,3,30,0,failure,198.0,no
66,blue-collar,single,primary,no,2659.0,no,no,telephone,2,-1,0,success,181.0,no
34,management,married,tertiary,no,1741.0,no,no,cellular,3,-1,0,unknown,63.0,no
33,admin.,married,tertiary,no,3588.0,no,yes,cellular,6,60,0,failure,285.0,no
48,retired,married,secondary,no,-500.0,no,no,cellular,4,-1,1,unknown,282.0,no
57,blue-collar,married,secondary,no,1067.0,yes,no,cellular,2,-1,0,failure,437.0,no
58,retired,married,tertiary,no,-500.0,no,no,cellular,2,-1,1,unknown,241.0,no
27,technician,single,secondary,no,-420.0,yes,no,cellular,2,90,0,unknown,242.0,yes
66,technician,single,secondary,no,-500.0,yes,no,cellular,3,120,0,unknown,386.0,no
40,retired,married,secondary,no,-500.0,yes,no,unknown,2,-1,0,unknown,134.0,no
72,housemaid,divorced,secondary,no,508.0,no,yes,cellular,1,120,1,unknown,615.0,no
62,services,divorced,secondary,no,2057.0,no,no,telephone,5,-1,0,unknown,59.0,no
78,technician,married,secondary,no,203.0,yes,yes,telephone,6,-1,1,unknown,454.0,no
57,management,married,tertiary,no,419.0,no,no,cellular,4,180,1,other,73.0,no
50,admin.,divorced,secondary,no,77.0,yes,no,cellular,5,120,0,success,119.0,no
29,student,married,tertiary,yes,1653.0,yes,yes,cellular,2,30,1,unknown,236.0,no
42,admin.,married,tertiary,no,312.0,no,no,cellular,6,-1,0,unknown,90.0,no
71,student,divorced,tertiary,no,-412.0,yes,no,cellular,2,-1,0,unknown,180.0,no
41,admin.,single,secondary,no,3078.0,yes,no,cellular,2,-1,0,other,218.0,no
21,admin.,single,secondary,no,-170.0,yes,no,cellular,4,-1,0,unknown,172.0,no
33,technician,single,tertiary,no,-500.0,yes,yes,telephone,2,-1,0,unknown,88.0,no
54,services,married,tertiary,no,2732.0,yes,no,telephone,2,-1,0,failure,300.0,no
57,retired,single,primary,no,-500.0,no,no,cellular,9,-1,0,failure,183.0,no
78,technician,single,tertiary,no,3613.0,yes,yes,cellular,7,-1,0,unknown,34.0,no
75,technician,married,tertiary,no,-447.0,yes,no,unknown,4,-1,1,failure,494.0,no
50,management,married,secondary,no,1544.0,yes,yes,cellular,2,30,2,success,60.0,no
52,unemployed,married,primary,no,-390.0,yes,no,cellular,2,30,0,unknown,113.0,no
67,blue-collar,single,secondary,no,1423.0,yes,no,cellular,5,-1,0,unknown,83.0,no
21,blue-collar,single,secondary,no,462.0,no,yes,unknown,3,-1,0,unknown,288.0,no
54,technician,divorced,secondary,no,-369.0,yes,yes,cellular,1,-1,0,unknown,122.0,no
47,housemaid,married,primary,no,-500.0,yes,no,cellular,5,90,0,other,181.0,no
66,technician,single,tertiary,no,427.0,yes,no,unknown,3,-1,0,unknown,101.0,no
67,admin.,married,secondary,no,2255.0,no,no,cellular,4,-1,0,failure,133.0,no
58,admin.,divorced,secondary,no,2614.0,no,no,cellular,7,-1,1,unknown,62.0,no
58,admin.,married,secondary,no,107.0,yes,no,cellular,6,-1,0,success,510.0,yes
60,self-employed,single,secondary,no,111.0,yes,no,telephone,3,-1,1,unknown,91.0,no
53,technician,married,secondary,no,1086.0,no,no,cellular,3,-1,0,unknown,90.0,no
32,housemaid,married,secondary,no,1402.0,yes,yes,unknown,3,60,0,unknown,39.0,no
35,admin.,married,primary,no,1394.0,no,no,cellular,2,365,0,failure,81.0,no
63,entrepreneur,single,secondary,no,619.0,no,no,cellular,2,-1,1,failure,87.0,no
56,blue-collar,married,primary,no,742.0,no,no,cellular,3,30,0,other,250.0,no
32,services,single,tertiary,no,883.0,yes,no,cellular,3,-1,0,unknown,24.0,no
72,services,married,secondary,no,-500.0,yes,no,cellular,3,-1,0,success,75.0,no
78,admin.,married,tertiary,no,670.0,yes,no,cellular,1,30,0,unknown,281.0,no
56,housemaid,married,secondary,no,2808.0,yes,no,cellular,2,-1,1,unknown,206.0,no
32,services,married,primary,no,3908.0,yes,no,cellular,1,365,0,other,328.0,no
76,blue-collar,married,secondary,no,3518.0,yes,yes,cellular,4,-1,0,unknown,92.0,no
32,housemaid,married,secondary,no,1562.0,yes,no,unknown,4,180,1,unknown,46.0,no
44,self-employed,married,secondary,no,-500.0,yes,no,cellular,4,30,0,failure,22.0,no
71,housemaid,single,tertiary,no,414.0,yes,yes,telephone,6,-1,0,unknown,208.0,no
50,admin.,married,primary,no,29.0,yes,yes,telephone,5,60,0,unknown,106.0,no
33,blue-collar,married,secondary,no,-500.0,yes,no,cellular,6,-1,1,other,308.0,no
22,student,single,primary,no,-296.0,no,yes,cellular,3,60,0,unknown,384.0,yes
40,blue-collar,married,secondary,no,88.0,yes,no,unknown,2,-1,3,unknown,154.0,no
59,technician,married,secondary,no,-500.0,yes,yes,cellular,2,-1,0,unknown,135.0,no
62,management,married,primary,no,3079.0,yes,no,cellular,5,-1,0,unknown,262.0,no
31,management,married,primary,no,2496.0,no,no,telephone,1,60,0,unknown,332.0,no
27,student,married,tertiary,no,1311.0,yes,no,unknown,4,-1,3,unknown,529.0,no
61,entrepreneur,married,secondary,no,2087.0,no,no,unknown,3,90,0,unknown,152.0,no
27,blue-collar,married,secondary,no,1951.0,no,no,unknown,1,-1,0,unknown,218.0,no
21,admin.,single,tertiary,no,80.0,yes,no,cellular,2,90,0,unknown,198.0,no
48,services,single,primary,yes,4638.0,yes,no,unknown,3,30,0,unknown,260.0,no
53,management,married,tertiary,no,16.0,yes,no,cellular,4,-1,0,unknown,249.0,no
33,technician,married,tertiary,no,-500.0,no,no,cellular,3,-1,0,unknown,419.0,no
31,management,married,secondary,no,1690.0,yes,no,cellular,6,-1,0,unknown,181.0,no
32,housemaid,married,secondary,no,2416.0,no,no,cellular,4,-1,0,other,194.0,no
39,blue-collar,divorced,secondary,no,857.0,no,no,cellular,5,30,0,success,247.0,no
18,blue-collar,married,tertiary,no,3640.0,no,no,cellular,2,180,0,success,60.0,no
18,technician,married,primary,no,1725.0,yes,no,telephone,5,90,0,unknown,150.0,no
40,admin.,single,secondary,no,-77.0,no,no,cellular,4,-1,1,success,181.0,no
19,technician,divorced,secondary,no,331.0,no,yes,cellular,5,30,1,unknown,290.0,no
37,admin.,married,tertiary,no,1668.0,no,no,cellular,3,-1,2,other,204.0,no
54,retired,single,tertiary,no,1545.0,no,yes,cellular,3,365,1,unknown,22.0,no
19,admin.,single,secondary,no,3584.0,yes,no,cellular,1,180,1,unknown,96.0,no
56,student,single,secondary,no,2903.0,no,yes,cellular,6,-1,0,success,118.0,no
56,blue-collar,married,secondary,no,-500.0,yes,no,cellular,4,-1,0,failure,315.0,no
53,retired,single,secondary,no,1096.0,no,no,cellular,4,-1,0,unknown,289.0,no
56,technician,married,primary,no,-500.0,no,yes,cellular,4,-1,1,unknown,35.0,no
68,services,married,secondary,no,4025.0,no,no,unknown,3,90,1,unknown,152.0,no
22,blue-collar,married,tertiary,no,-352.0,yes,no,telephone,6,-1,1,other,154.0,no
28,technician,married,tertiary,no,1764.0,yes,no,cellular,1,-1,0,unknown,259.0,no
37,management,married,tertiary,no,144.0,yes,no,cellular,2,-1,0,success,195.0,no
60,admin.,married,secondary,no,-500.0,no,no,cellular,5,60,0,unknown,288.0,no
72,management,married,secondary,no,-500.0,yes,no,unknown,4,-1,0,unknown,78.0,no
74,technician,divorced,primary,no,951.0,yes,no,cellular,2,-1,1,failure,248.0,no
54,management,married,secondary,no,2423.0,no,no,unknown,4,120,1,unknown,224.0,no
43,student,married,secondary,no,2356.0,no,no,unknown,4,-1,1,unknown,348.0,no
43,services,single,tertiary,no,-500.0,no,no,cellular,1,-1,1,success,44.0,no
21,management,married,secondary,no,1964.0,yes,no,unknown,5,180,1,unknown,182.0,no
46,blue-collar,single,secondary,no,3110.0,no,no,cellular,4,365,1,unknown,393.0,yes
49,services,married,secondary,no,2323.0,no,no,cellular,1,30,0,failure,310.0,yes
30,entrepreneur,single,secondary,no,749.0,yes,no,unknown,3,-1,1,unknown,336.0,no
65,blue-collar,married,secondary,no,1487.0,no,no,cellular,4,-1,2,success,181.0,no
68,blue-collar,married,secondary,no,1674.0,no,no,telephone,2,-1,0,unknown,553.0,no
36,technician,single,primary,no,3915.0,no,yes,cellular,1,-1,3,success,215.0,no
74,blue-collar,married,secondary,no,4462.0,yes,no,cellular,3,365,1,unknown,226.0,no
24,blue-collar,married,secondary,no,2561.0,no,no,unknown,1,-1,1,unknown,553.0,no
74,blue-collar,married,tertiary,no,1496.0,yes,no,cellular,1,-1,2,unknown,222.0,no
65,admin.,single,tertiary,no,1344.0,yes,yes,unknown,3,120,0,unknown,108.0,no
31,technician,married,secondary,no,1531.0,yes,no,unknown,3,30,0,success,359.0,yes
58,retired,single,tertiary,no,1770.0,yes,no,cellular,2,-1,0,unknown,112.0,no
37,services,single,secondary,yes,471.0,yes,no,telephone,5,-1,0,failure,256.0,no
67,student,married,tertiary,no,4943.0,yes,no,cellular,3,-1,0,unknown,322.0,yes
27,blue-collar,divorced,secondary,no,-25.0,no,no,telephone,3,-1,0,unknown,85.0,no
33,technician,single,secondary,no,3732.0,yes,no,unknown,6,-1,1,unknown,119.0,no
37,technician,married,secondary,no,-500.0,yes,no,cellular,3,-1,0,unknown,45.0,no
30,services,married,tertiary,no,904.0,yes,no,cellular,3,-1,1,unknown,32.0,no
38,services,married,tertiary,no,790.0,yes,yes,telephone,4,30,1,other,265.0,no
55,management,divorced,secondary,no,1812.0,no,yes,telephone,3,-1,0,unknown,119.0,no
57,technician,married,secondary,no,744.0,yes,yes,cellular,2,-1,0,unknown,95.0,no
52,admin.,married,secondary,no,3895.0,no,yes,cellular,3,-1,1,unknown,252.0,no
29,student,divorced,tertiary,no,964.0,yes,yes,cellular,3,-1,1,other,105.0,no
30,blue-collar,single,secondary,no,-453.0,yes,no,telephone,6,-1,0,unknown,154.0,no
75,retired,married,primary,no,-339.0,yes,no,cellular,5,-1,1,failure,256.0,no
33,technician,single,secondary,no,549.0,no,no,cellular,5,90,0,unknown,86.0,no
24,self-employed,single,secondary,no,2704.0,yes,no,cellular,2,30,0,unknown,132.0,no
46,admin.,married,secondary,no,3030.0,yes,no,unknown,2,-1,0,unknown,98.0,no
18,services,married,tertiary,no,-500.0,no,no,cellular,5,-1,1,unknown,228.0,no
39,technician,single,tertiary,no,-40.0,yes,no,cellular,3,-1,0,unknown,218.0,no
71,services,married,secondary,no,-500.0,no,yes,cellular,3,-1,1,unknown,44.0,no
34,technician,divorced,tertiary,no,886.0,no,yes,cellular,3,-1,0,other,227.0,no
61,technician,married,tertiary,no,3132.0,yes,yes,telephone,3,-1,1,other,339.0,no
48,technician,single,secondary,no,1709.0,yes,no,cellular,4,-1,0,success,129.0,no
40,blue-collar,single,primary,no,2390.0,no,no,cellular,5,-1,1,unknown,51.0,no
59,management,married,secondary,no,2744.0,yes,no,cellular,8,-1,1,other,354.0,no
54,technician,married,tertiary,yes,344.0,yes,no,unknown,3,-1,0,failure,275.0,no
37,technician,divorced,secondary,no,-500.0,yes,no,cellular,9,120,0,failure,343.0,no
31,blue-collar,single,secondary,no,343.0,no,no,cellular,4,-1,0,other,78.0,no
74,blue-collar,married,primary,no,2878.0,no,yes,cellular,5,-1,0,unknown,21.0,no
28,blue-collar,married,secondary,no,2485.0,yes,yes,cellular,4,180,0,unknown,314.0,no
77,student,married,secondary,no,1542.0,yes,no,cellular,2,-1,1,other,148.0,no
47,technician,married,secondary,no,3108.0,yes,no,cellular,9,-1,1,unknown,163.0,yes
79,retired,married,tertiary,no,1662.0,no,yes,cellular,1,30,0,failure,264.0,no
39,admin.,married,secondary,no,803.0,yes,no,unknown,4,-1,0,unknown,66.0,no
53,blue-collar,married,secondary,no,-500.0,yes,no,cellular,3,-1,0,unknown,139.0,no
56,technician,single,secondary,no,3688.0,no,no,unknown,7,-1,2,unknown,91.0,no
